productId,id,locale,existingUrl,currentUrl,slug,currentTitle,productName,category,productFamily,exactModel,productType,currentImages,existingSpecs,existingDescription,availableDocuments,primaryIndustries,materials,installationPositions,realFeatures,missingTechnicalFields,competitorResearchUrls,contentStatus,pageStatus
"rcyd-type-permanent-magnet-self-dumping-iron-remover","rcyd-type-permanent-magnet-self-dumping-iron-remover","en","/en/products/rcyd-type-permanent-magnet-self-dumping-iron-remover","/en/products/rcyd-type-permanent-magnet-self-dumping-iron-remover","rcyd-type-permanent-magnet-self-dumping-iron-remover","RCYD type permanent magnet self dumping iron remover","RCYD type permanent magnet self dumping iron remover","Suspended & Self-Unloading Iron Removers","suspended","RCYC | RCYD","Suspended & Self-Unloading Iron Removers","/assets/products/rcyd-type-permanent-magnet-self-dumping-iron-remover/rcyd-type-permanent-magnet-self-dumping-iron-remover-01.jpg | /assets/products/rcyd-type-permanent-magnet-self-dumping-iron-remover/rcyd-type-permanent-magnet-self-dumping-iron-remover-01.jpg | /assets/products/rcyd-type-permanent-magnet-self-dumping-iron-remover/rcyd-type-permanent-magnet-self-dumping-iron-remover-02.png | /assets/products/rcyd-type-permanent-magnet-self-dumping-iron-remover/rcyd-type-permanent-magnet-self-dumping-iron-remover-03.png | /assets/products/rcyd-type-permanent-magnet-self-dumping-iron-remover/rcyd-type-permanent-magnet-self-dumping-iron-remover-07.png | /assets/products/rcyd-type-permanent-magnet-self-dumping-iron-remover/rcyd-type-permanent-magnet-self-dumping-iron-remover-05.png | /assets/products/rcyd-type-permanent-magnet-self-dumping-iron-remover/rcyd-type-permanent-magnet-self-dumping-iron-remover-09.jpg | /assets/products/rcyd-type-permanent-magnet-self-dumping-iron-remover/rcyd-type-permanent-magnet-self-dumping-iron-remover-04.png | /assets/products/rcyd-type-permanent-magnet-self-dumping-iron-remover/rcyd-type-permanent-magnet-self-dumping-iron-remover-08.jpg | /assets/products/rcyd-type-permanent-magnet-self-dumping-iron-remover/rcyd-type-permanent-magnet-self-dumping-iron-remover-06.png","Model: RCYC | Model: RCYD","product overview： 1、 Explanation The RCYD permanent magnet self dumping iron remover is equivalent to the RCYC series model and is suitable for removing iron from conveyor belts in various industries. It can achieve continuous suction and disposal of iron.","None found in static product record","General iron removal equipment | ore","To be confirmed from project material and current technical record","To be confirmed from process layout","Existing source content requires technical review before use","Technical values beyond model reference: confirm from current datasheet or supplier record","docs/product-content/competitor-research.md","sample-approved / ready for deployment","published"
"rcdd-type-self-cooling-self-dumping-electromagnetic-iron-remover","rcdd-type-self-cooling-self-dumping-electromagnetic-iron-remover","en","/en/products/rcdd-type-self-cooling-self-dumping-electromagnetic-iron-remover","/en/products/rcdd-type-self-cooling-self-dumping-electromagnetic-iron-remover","rcdd-type-self-cooling-self-dumping-electromagnetic-iron-remover","RCDD type self cooling self dumping electromagnetic iron remover","RCDD type self cooling self dumping electromagnetic iron remover","Suspended & Self-Unloading Iron Removers","suspended","RCDD","Suspended & Self-Unloading Iron Removers","/assets/products/rcdd-type-self-cooling-self-dumping-electromagnetic-iron-remover/rcdd-type-self-cooling-self-dumping-electromagnetic-iron-remover-01.jpg | /assets/products/rcdd-type-self-cooling-self-dumping-electromagnetic-iron-remover/rcdd-type-self-cooling-self-dumping-electromagnetic-iron-remover-01.jpg | /assets/products/rcdd-type-self-cooling-self-dumping-electromagnetic-iron-remover/rcdd-type-self-cooling-self-dumping-electromagnetic-iron-remover-06.png | /assets/products/rcdd-type-self-cooling-self-dumping-electromagnetic-iron-remover/rcdd-type-self-cooling-self-dumping-electromagnetic-iron-remover-03.png | /assets/products/rcdd-type-self-cooling-self-dumping-electromagnetic-iron-remover/rcdd-type-self-cooling-self-dumping-electromagnetic-iron-remover-02.png | /assets/products/rcdd-type-self-cooling-self-dumping-electromagnetic-iron-remover/rcdd-type-self-cooling-self-dumping-electromagnetic-iron-remover-04.png | /assets/products/rcdd-type-self-cooling-self-dumping-electromagnetic-iron-remover/rcdd-type-self-cooling-self-dumping-electromagnetic-iron-remover-05.png | /assets/products/rcdd-type-self-cooling-self-dumping-electromagnetic-iron-remover/rcdd-type-self-cooling-self-dumping-electromagnetic-iron-remover-08.jpg | /assets/products/rcdd-type-self-cooling-self-dumping-electromagnetic-iron-remover/rcdd-type-self-cooling-self-dumping-electromagnetic-iron-remover-07.jpg","Model: RCDD","product overview： 1、 Explanation The RCDD self cooling self dumping electromagnetic iron remover is a device used for automatically removing impurities of iron from powdered or block shaped non-magnetic materials. It is internally cast with electrical","None found in static product record","General iron removal equipment","To be confirmed from project material and current technical record","To be confirmed from process layout","Existing source content requires technical review before use","Technical values beyond model reference: confirm from current datasheet or supplier record","docs/product-content/competitor-research.md","sample-approved / ready for deployment","published"
"rcyb-type-permanent-magnet-manual-iron-remover","rcyb-type-permanent-magnet-manual-iron-remover","en","/en/products/rcyb-type-permanent-magnet-manual-iron-remover","/en/products/rcyb-type-permanent-magnet-manual-iron-remover","rcyb-type-permanent-magnet-manual-iron-remover","RCYB type permanent magnet manual iron remover","RCYB type permanent magnet manual iron remover","Suspended & Self-Unloading Iron Removers","suspended","JB/T8711 | RCYB","Suspended & Self-Unloading Iron Removers","/assets/products/rcyb-type-permanent-magnet-manual-iron-remover/rcyb-type-permanent-magnet-manual-iron-remover-01.jpg | /assets/products/rcyb-type-permanent-magnet-manual-iron-remover/rcyb-type-permanent-magnet-manual-iron-remover-01.jpg | /assets/products/rcyb-type-permanent-magnet-manual-iron-remover/rcyb-type-permanent-magnet-manual-iron-remover-02.png | /assets/products/rcyb-type-permanent-magnet-manual-iron-remover/rcyb-type-permanent-magnet-manual-iron-remover-03.png | /assets/products/rcyb-type-permanent-magnet-manual-iron-remover/rcyb-type-permanent-magnet-manual-iron-remover-04.png | /assets/products/rcyb-type-permanent-magnet-manual-iron-remover/rcyb-type-permanent-magnet-manual-iron-remover-05.png | /assets/products/rcyb-type-permanent-magnet-manual-iron-remover/rcyb-type-permanent-magnet-manual-iron-remover-06.png | /assets/products/rcyb-type-permanent-magnet-manual-iron-remover/rcyb-type-permanent-magnet-manual-iron-remover-08.jpg | /assets/products/rcyb-type-permanent-magnet-manual-iron-remover/rcyb-type-permanent-magnet-manual-iron-remover-07.jpg","Model: JB/T8711 | Model: RCYB","product overview： 1、 Explanation The RCYB type permanent magnet manual iron remover adopts a composite magnetic system composed of special permanent magnets such as neodymium iron boron with high coercivity and high remanence inside. Suitable for removing","None found in static product record","General iron removal equipment | ore","To be confirmed from project material and current technical record","To be confirmed from process layout","Existing source content requires technical review before use","Technical values beyond model reference: confirm from current datasheet or supplier record","docs/product-content/competitor-research.md","detail-template-live / technical review needed","published"
"rcdb-type-self-cooling-plate-electromagnetic-iron-remover","rcdb-type-self-cooling-plate-electromagnetic-iron-remover","en","/en/products/rcdb-type-self-cooling-plate-electromagnetic-iron-remover","/en/products/rcdb-type-self-cooling-plate-electromagnetic-iron-remover","rcdb-type-self-cooling-plate-electromagnetic-iron-remover","RCDB type self cooling plate electromagnetic iron remover","RCDB type self cooling plate electromagnetic iron remover","Suspended & Self-Unloading Iron Removers","suspended","PDC | RCDB | RCDB-10 | RCDB-18 | RCDB-3 | RCDB-8 | RCDY","Suspended & Self-Unloading Iron Removers","/assets/products/rcdb-type-self-cooling-plate-electromagnetic-iron-remover/rcdb-type-self-cooling-plate-electromagnetic-iron-remover-01.jpg | /assets/products/rcdb-type-self-cooling-plate-electromagnetic-iron-remover/rcdb-type-self-cooling-plate-electromagnetic-iron-remover-01.jpg | /assets/products/rcdb-type-self-cooling-plate-electromagnetic-iron-remover/rcdb-type-self-cooling-plate-electromagnetic-iron-remover-02.png | /assets/products/rcdb-type-self-cooling-plate-electromagnetic-iron-remover/rcdb-type-self-cooling-plate-electromagnetic-iron-remover-05.png | /assets/products/rcdb-type-self-cooling-plate-electromagnetic-iron-remover/rcdb-type-self-cooling-plate-electromagnetic-iron-remover-03.png | /assets/products/rcdb-type-self-cooling-plate-electromagnetic-iron-remover/rcdb-type-self-cooling-plate-electromagnetic-iron-remover-04.png | /assets/products/rcdb-type-self-cooling-plate-electromagnetic-iron-remover/rcdb-type-self-cooling-plate-electromagnetic-iron-remover-07.jpg | /assets/products/rcdb-type-self-cooling-plate-electromagnetic-iron-remover/rcdb-type-self-cooling-plate-electromagnetic-iron-remover-06.jpg","Model: PDC | Model: RCDB | Model: RCDB-10 | Model: RCDB-18 | Model: RCDB-3 | Model: RCDB-8 | Model: RCDY","product overview： 1、 Explanation The RCDB type self cooling disc electromagnetic iron remover is equivalent to the PDC series disc electromagnetic iron remover and the RCDY series electromagnetic iron remover. It is an iron removal device used to remove","None found in static product record","General iron removal equipment","To be confirmed from project material and current technical record","To be confirmed from process layout","Existing source content requires technical review before use","Technical values beyond model reference: confirm from current datasheet or supplier record","docs/product-content/competitor-research.md","detail-template-live / technical review needed","published"
"belt-high-gradient-magnetic-separator","belt-high-gradient-magnetic-separator","en","/en/products/belt-high-gradient-magnetic-separator","/en/products/belt-high-gradient-magnetic-separator","belt-high-gradient-magnetic-separator","Belt High Gradient Magnetic Separator","Belt High Gradient Magnetic Separator","Magnetic Separation Equipment","mineral-processing","","Magnetic Separation Equipment","/assets/products/belt-high-gradient-magnetic-separator/belt-high-gradient-magnetic-separator-01.jpg | /assets/products/belt-high-gradient-magnetic-separator/belt-high-gradient-magnetic-separator-01.jpg | /assets/products/belt-high-gradient-magnetic-separator/belt-high-gradient-magnetic-separator-02.jpg | /assets/products/belt-high-gradient-magnetic-separator/belt-high-gradient-magnetic-separator-09.jpg | /assets/products/belt-high-gradient-magnetic-separator/belt-high-gradient-magnetic-separator-06.jpg | /assets/products/belt-high-gradient-magnetic-separator/belt-high-gradient-magnetic-separator-05.jpg | /assets/products/belt-high-gradient-magnetic-separator/belt-high-gradient-magnetic-separator-07.jpg | /assets/products/belt-high-gradient-magnetic-separator/belt-high-gradient-magnetic-separator-03.jpg | /assets/products/belt-high-gradient-magnetic-separator/belt-high-gradient-magnetic-separator-04.jpg | /assets/products/belt-high-gradient-magnetic-separator/belt-high-gradient-magnetic-separator-08.jpg","","Belt High Gradient Magnetic Separator is a high performance magnetic separation equipment designed for small size ore(size less than 2mm) processing and magnetic material separating from mineral.","None found in static product record","Mining Industry | mining | recycling | food | ore | mineral | metal recycling","To be confirmed from project material and current technical record","To be confirmed from process layout","Existing source content requires technical review before use","Technical values beyond model reference: confirm from current datasheet or supplier record","docs/product-content/competitor-research.md","sample-approved / ready for deployment","published"
"disc-magnetic-separator-for-tailing","disc-magnetic-separator-for-tailing","en","/en/products/disc-magnetic-separator-for-tailing","/en/products/disc-magnetic-separator-for-tailing","disc-magnetic-separator-for-tailing","Disc Magnetic Separator for Tailing","Disc Magnetic Separator for Tailing","Magnetic Separation Equipment","mineral-processing","","Magnetic Separation Equipment","/assets/products/disc-magnetic-separator-for-tailing/disc-magnetic-separator-for-tailing-01.jpg | /assets/products/disc-magnetic-separator-for-tailing/disc-magnetic-separator-for-tailing-01.jpg | /assets/products/disc-magnetic-separator-for-tailing/disc-magnetic-separator-for-tailing-02.jpg | /assets/products/disc-magnetic-separator-for-tailing/disc-magnetic-separator-for-tailing-03.jpg | /assets/products/disc-magnetic-separator-for-tailing/disc-magnetic-separator-for-tailing-04.jpg | /assets/products/disc-magnetic-separator-for-tailing/disc-magnetic-separator-for-tailing-05.jpg | /assets/products/disc-magnetic-separator-for-tailing/disc-magnetic-separator-for-tailing-08.jpg | /assets/products/disc-magnetic-separator-for-tailing/disc-magnetic-separator-for-tailing-06.jpg | /assets/products/disc-magnetic-separator-for-tailing/disc-magnetic-separator-for-tailing-07.jpg","","Iron ore tailing recovery machine is used in iron mine to recover magnetic minerals from the tailing and reduce ore wastage. In this way, the resource can be fully used.","None found in static product record","Mining Industry | mining | recycling | food | ore | mineral | metal recycling","To be confirmed from project material and current technical record","To be confirmed from process layout","Existing source content requires technical review before use","Technical values beyond model reference: confirm from current datasheet or supplier record","docs/product-content/competitor-research.md","detail-template-live / technical review needed","published"
"dry-drum-magnetic-separator","dry-drum-magnetic-separator","en","/en/products/dry-drum-magnetic-separator","/en/products/dry-drum-magnetic-separator","dry-drum-magnetic-separator","Dry Drum Magnetic Separator","Dry Drum Magnetic Separator","Magnetic Separation Equipment","mineral-processing","QJ-CGT","Magnetic Separation Equipment","/assets/products/dry-drum-magnetic-separator/dry-drum-magnetic-separator-01.jpg | /assets/products/dry-drum-magnetic-separator/dry-drum-magnetic-separator-01.jpg | /assets/products/dry-drum-magnetic-separator/dry-drum-magnetic-separator-02.jpg | /assets/products/dry-drum-magnetic-separator/dry-drum-magnetic-separator-04.jpg | /assets/products/dry-drum-magnetic-separator/dry-drum-magnetic-separator-03.jpg | /assets/products/dry-drum-magnetic-separator/dry-drum-magnetic-separator-05.jpg | /assets/products/dry-drum-magnetic-separator/dry-drum-magnetic-separator-06.jpg | /assets/products/dry-drum-magnetic-separator/dry-drum-magnetic-separator-07.jpg | /assets/products/dry-drum-magnetic-separator/dry-drum-magnetic-separator-08.jpg | /assets/products/dry-drum-magnetic-separator/dry-drum-magnetic-separator-16.jpg | /assets/products/dry-drum-magnetic-separator/dry-drum-magnetic-separator-12.jpg | /assets/products/dry-drum-magnetic-separator/dry-drum-magnetic-separator-13.jpg | /assets/products/dry-drum-magnetic-separator/dry-drum-magnetic-separator-09.jpg | /assets/products/dry-drum-magnetic-separator/dry-drum-magnetic-separator-11.jpg | /assets/products/dry-drum-magnetic-separator/dry-drum-magnetic-separator-14.jpg | /assets/products/dry-drum-magnetic-separator/dry-drum-magnetic-separator-10.jpg | /assets/products/dry-drum-magnetic-separator/dry-drum-magnetic-separator-15.jpg","Model: QJ-CGT","Dry Drum Magnetic Separator is a high-efficiency ore concentration machine used to remove, purify, or separate magnetic materials in dry processing lines.","None found in static product record","Mining Industry | mining | recycling | food | ore | metal recycling","To be confirmed from project material and current technical record","To be confirmed from process layout","Existing source content requires technical review before use","Technical values beyond model reference: confirm from current datasheet or supplier record","docs/product-content/competitor-research.md","detail-template-live / technical review needed","published"
"wet-drum-magnetic-separator","wet-drum-magnetic-separator","en","/en/products/wet-drum-magnetic-separator","/en/products/wet-drum-magnetic-separator","wet-drum-magnetic-separator","Wet Drum Magnetic Separator","Wet Drum Magnetic Separator","Magnetic Separation Equipment","mineral-processing","CTB | CTN | CTS | DMS | QJ-CT(S","Magnetic Separation Equipment","/assets/products/wet-drum-magnetic-separator/wet-drum-magnetic-separator-01.jpg | /assets/products/wet-drum-magnetic-separator/wet-drum-magnetic-separator-01.jpg | /assets/products/wet-drum-magnetic-separator/wet-drum-magnetic-separator-02.jpg | /assets/products/wet-drum-magnetic-separator/wet-drum-magnetic-separator-03.jpg | /assets/products/wet-drum-magnetic-separator/wet-drum-magnetic-separator-04.jpg | /assets/products/wet-drum-magnetic-separator/wet-drum-magnetic-separator-05.jpg | /assets/products/wet-drum-magnetic-separator/wet-drum-magnetic-separator-06.jpg | /assets/products/wet-drum-magnetic-separator/wet-drum-magnetic-separator-07.jpg | /assets/products/wet-drum-magnetic-separator/wet-drum-magnetic-separator-08.jpg | /assets/products/wet-drum-magnetic-separator/wet-drum-magnetic-separator-09.jpg","Model: CTB | Model: CTN | Model: CTS | Model: DMS | Model: QJ-CT(S","Wet permanent Drum Magnetic Separator are used in Dense Media Separation (DMS) plants for the recovery of magnetic particles from the dilute medium. They must recover the maximum amount of magnetic particles at the highest possible density.","None found in static product record","Mining Industry | mining | recycling | coal | food | ore | mineral | metal recycling","To be confirmed from project material and current technical record","To be confirmed from process layout","Existing source content requires technical review before use","Technical values beyond model reference: confirm from current datasheet or supplier record","docs/product-content/competitor-research.md","sample-approved / ready for deployment","published"
"cbz-type-rotary-automatic-magnetic-separator","cbz-type-rotary-automatic-magnetic-separator","en","/en/products/cbz-type-rotary-automatic-magnetic-separator","/en/products/cbz-type-rotary-automatic-magnetic-separator","cbz-type-rotary-automatic-magnetic-separator","CBZ type rotary automatic magnetic separator","CBZ type rotary automatic magnetic separator","Magnetic Separation Equipment","filtering","CBZ","Magnetic Separation Equipment","/assets/products/cbz-type-rotary-automatic-magnetic-separator/cbz-type-rotary-automatic-magnetic-separator-01.jpg | /assets/products/cbz-type-rotary-automatic-magnetic-separator/cbz-type-rotary-automatic-magnetic-separator-01.jpg | /assets/products/cbz-type-rotary-automatic-magnetic-separator/cbz-type-rotary-automatic-magnetic-separator-02.png | /assets/products/cbz-type-rotary-automatic-magnetic-separator/cbz-type-rotary-automatic-magnetic-separator-03.png | /assets/products/cbz-type-rotary-automatic-magnetic-separator/cbz-type-rotary-automatic-magnetic-separator-06.png | /assets/products/cbz-type-rotary-automatic-magnetic-separator/cbz-type-rotary-automatic-magnetic-separator-07.jpg | /assets/products/cbz-type-rotary-automatic-magnetic-separator/cbz-type-rotary-automatic-magnetic-separator-04.png | /assets/products/cbz-type-rotary-automatic-magnetic-separator/cbz-type-rotary-automatic-magnetic-separator-08.jpg | /assets/products/cbz-type-rotary-automatic-magnetic-separator/cbz-type-rotary-automatic-magnetic-separator-09.png | /assets/products/cbz-type-rotary-automatic-magnetic-separator/cbz-type-rotary-automatic-magnetic-separator-10.png | /assets/products/cbz-type-rotary-automatic-magnetic-separator/cbz-type-rotary-automatic-magnetic-separator-11.png | /assets/products/cbz-type-rotary-automatic-magnetic-separator/cbz-type-rotary-automatic-magnetic-separator-05.png","Installation method: free fall, pipeline series for conveying materials, single machine use for bulk materials. | Application industries: Food industry, chemical industry, pharmaceutical industry, plastic industry, wood industry, recycling industry, packaging industry, quartz sand iron removal, potassium feldspar iron removal, mica iron removal, micro powder iron removal, fly ash iron removal, and all 10-500 mesh fine powder materials for iron removal. | Standard caliber (mm): 150, 200, 250, 300, 350, 400, 450, | Unloading method: timed control, automatic clearing, adjustable interval time. | Product Description: The CBZ rotary automatic magnetic separator is mainly used to separate ferromagnetic impurities in materials that are prone to clumping or adhesion. The rotating magnetic rod driven by the motor can prevent material blockage, ensuring that the product can fully contact the magnet during the flow process. | Product advantages: The cleaning of the system is fully automated, and the magnetic core sealed in the stainless steel shell shuttles back and forth between the work area and the cleaning area. The powerful magnetic force can automatically remove the adsorbed iron according to the set time. ◇ | Model: CBZ","product overview： 1、 Characteristics The CBZ rotary automatic magnetic separator can be installed in assembly lines to remove fine and very fine iron metal impurities from bulk materials. The automatic timing controller can set the cleaning time interval","None found in static product record","Metal detection and separation equipment for the food, pharmaceutical, and chemical industries | Non metallic industry magnetic separation equipment | chemical | food | ore | pharmaceutical | recycling | wood","To be confirmed from project material and current technical record","To be confirmed from process layout","Existing source content requires technical review before use","Technical source review required before display","docs/product-content/competitor-research.md","detail-template-live / technical review needed","published"
"cgb-type-rotary-semi-automatic-magnetic-separator","cgb-type-rotary-semi-automatic-magnetic-separator","en","/en/products/cgb-type-rotary-semi-automatic-magnetic-separator","/en/products/cgb-type-rotary-semi-automatic-magnetic-separator","cgb-type-rotary-semi-automatic-magnetic-separator","CGB type rotary semi-automatic magnetic separator","CGB type rotary semi-automatic magnetic separator","Magnetic Separation Equipment","filtering","CGB","Magnetic Separation Equipment","/assets/products/cgb-type-rotary-semi-automatic-magnetic-separator/cgb-type-rotary-semi-automatic-magnetic-separator-01.jpg | /assets/products/cgb-type-rotary-semi-automatic-magnetic-separator/cgb-type-rotary-semi-automatic-magnetic-separator-01.jpg | /assets/products/cgb-type-rotary-semi-automatic-magnetic-separator/cgb-type-rotary-semi-automatic-magnetic-separator-02.png | /assets/products/cgb-type-rotary-semi-automatic-magnetic-separator/cgb-type-rotary-semi-automatic-magnetic-separator-03.png | /assets/products/cgb-type-rotary-semi-automatic-magnetic-separator/cgb-type-rotary-semi-automatic-magnetic-separator-07.png | /assets/products/cgb-type-rotary-semi-automatic-magnetic-separator/cgb-type-rotary-semi-automatic-magnetic-separator-04.png | /assets/products/cgb-type-rotary-semi-automatic-magnetic-separator/cgb-type-rotary-semi-automatic-magnetic-separator-08.jpg | /assets/products/cgb-type-rotary-semi-automatic-magnetic-separator/cgb-type-rotary-semi-automatic-magnetic-separator-05.png | /assets/products/cgb-type-rotary-semi-automatic-magnetic-separator/cgb-type-rotary-semi-automatic-magnetic-separator-09.jpg | /assets/products/cgb-type-rotary-semi-automatic-magnetic-separator/cgb-type-rotary-semi-automatic-magnetic-separator-06.png | /assets/products/cgb-type-rotary-semi-automatic-magnetic-separator/cgb-type-rotary-semi-automatic-magnetic-separator-10.png | /assets/products/cgb-type-rotary-semi-automatic-magnetic-separator/cgb-type-rotary-semi-automatic-magnetic-separator-12.png | /assets/products/cgb-type-rotary-semi-automatic-magnetic-separator/cgb-type-rotary-semi-automatic-magnetic-separator-11.png | /assets/products/cgb-type-rotary-semi-automatic-magnetic-separator/cgb-type-rotary-semi-automatic-magnetic-separator-13.png","Installation method: free fall, pipeline series for conveying materials, single machine use for bulk materials. | Standard caliber (mm): 150, 200, 250, 300, 350, 400, 450, | Unloading method: manual clearing. | Model: CGB","product overview： 1、 Explanation The CGB rotary semi-automatic magnetic separator is mainly used to separate ferromagnetic impurities in materials that are prone to clumping or adhesion. The rotating magnetic rod driven by the motor can prevent material","None found in static product record","Metal detection and separation equipment for the food, pharmaceutical, and chemical industries | Non metallic industry magnetic separation equipment | chemical | food | pharmaceutical | recycling | wood","To be confirmed from project material and current technical record","To be confirmed from process layout","Existing source content requires technical review before use","Technical source review required before display","docs/product-content/competitor-research.md","detail-template-live / technical review needed","published"
"cqz-type-fully-automatic-online-magnetic-separator","cqz-type-fully-automatic-online-magnetic-separator","en","/en/products/cqz-type-fully-automatic-online-magnetic-separator","/en/products/cqz-type-fully-automatic-online-magnetic-separator","cqz-type-fully-automatic-online-magnetic-separator","CQZ type fully automatic online magnetic separator","CQZ type fully automatic online magnetic separator","Magnetic Separation Equipment","suspended","CQZ","Magnetic Separation Equipment","/assets/products/cqz-type-fully-automatic-online-magnetic-separator/cqz-type-fully-automatic-online-magnetic-separator-01.jpg | /assets/products/cqz-type-fully-automatic-online-magnetic-separator/cqz-type-fully-automatic-online-magnetic-separator-01.jpg | /assets/products/cqz-type-fully-automatic-online-magnetic-separator/cqz-type-fully-automatic-online-magnetic-separator-02.png | /assets/products/cqz-type-fully-automatic-online-magnetic-separator/cqz-type-fully-automatic-online-magnetic-separator-03.png | /assets/products/cqz-type-fully-automatic-online-magnetic-separator/cqz-type-fully-automatic-online-magnetic-separator-05.png | /assets/products/cqz-type-fully-automatic-online-magnetic-separator/cqz-type-fully-automatic-online-magnetic-separator-07.jpg | /assets/products/cqz-type-fully-automatic-online-magnetic-separator/cqz-type-fully-automatic-online-magnetic-separator-04.png | /assets/products/cqz-type-fully-automatic-online-magnetic-separator/cqz-type-fully-automatic-online-magnetic-separator-06.jpg","Model: CQZ","product overview： 1、 Explanation The CQZ type fully automatic online magnetic separator is installed in the assembly line to achieve real-time automatic removal of iron from materials online. The automatic timing controller can be set for continuous automatic","None found in static product record","Metal detection and separation equipment for the food, pharmaceutical, and chemical industries | recycling | food | pharmaceutical | chemical | wood | ore","To be confirmed from project material and current technical record","To be confirmed from process layout","Existing source content requires technical review before use","Technical values beyond model reference: confirm from current datasheet or supplier record","docs/product-content/competitor-research.md","detail-template-live / technical review needed","published"
"ctn-wet-full-countercurrent-magnetic-separator","ctn-wet-full-countercurrent-magnetic-separator","en","/en/products/ctn-wet-full-countercurrent-magnetic-separator","/en/products/ctn-wet-full-countercurrent-magnetic-separator","ctn-wet-full-countercurrent-magnetic-separator","CTN wet full countercurrent magnetic separator","CTN wet full countercurrent magnetic separator","Magnetic Separation Equipment","mineral-processing","CTN","Magnetic Separation Equipment","/assets/products/ctn-wet-full-countercurrent-magnetic-separator/ctn-wet-full-countercurrent-magnetic-separator-01.jpg | /assets/products/ctn-wet-full-countercurrent-magnetic-separator/ctn-wet-full-countercurrent-magnetic-separator-01.jpg | /assets/products/ctn-wet-full-countercurrent-magnetic-separator/ctn-wet-full-countercurrent-magnetic-separator-02.png | /assets/products/ctn-wet-full-countercurrent-magnetic-separator/ctn-wet-full-countercurrent-magnetic-separator-04.png | /assets/products/ctn-wet-full-countercurrent-magnetic-separator/ctn-wet-full-countercurrent-magnetic-separator-06.png | /assets/products/ctn-wet-full-countercurrent-magnetic-separator/ctn-wet-full-countercurrent-magnetic-separator-08.jpg | /assets/products/ctn-wet-full-countercurrent-magnetic-separator/ctn-wet-full-countercurrent-magnetic-separator-03.png | /assets/products/ctn-wet-full-countercurrent-magnetic-separator/ctn-wet-full-countercurrent-magnetic-separator-05.png | /assets/products/ctn-wet-full-countercurrent-magnetic-separator/ctn-wet-full-countercurrent-magnetic-separator-10.png | /assets/products/ctn-wet-full-countercurrent-magnetic-separator/ctn-wet-full-countercurrent-magnetic-separator-09.jpg | /assets/products/ctn-wet-full-countercurrent-magnetic-separator/ctn-wet-full-countercurrent-magnetic-separator-07.jpg | /assets/products/ctn-wet-full-countercurrent-magnetic-separator/ctn-wet-full-countercurrent-magnetic-separator-12.png | /assets/products/ctn-wet-full-countercurrent-magnetic-separator/ctn-wet-full-countercurrent-magnetic-separator-11.png","Model: CTN","product overview： 1、 Explanation The core technology of CTN wet full countercurrent magnetic separator adopts computer simulation design of magnetic circuit, which makes the magnetic field distribution in the magnetic separation zone more uniform, without","None found in static product record","Metal detection and separation equipment for the food, pharmaceutical, and chemical industries | Non metallic industry magnetic separation equipment | mineral | ore","To be confirmed from project material and current technical record","To be confirmed from process layout","Existing source content requires technical review before use","Technical values beyond model reference: confirm from current datasheet or supplier record","docs/product-content/competitor-research.md","detail-template-live / technical review needed","published"
"cts-type-wet-co-current-magnetic-separator","cts-type-wet-co-current-magnetic-separator","en","/en/products/cts-type-wet-co-current-magnetic-separator","/en/products/cts-type-wet-co-current-magnetic-separator","cts-type-wet-co-current-magnetic-separator","CTS type wet co current magnetic separator","CTS type wet co current magnetic separator","Magnetic Separation Equipment","mineral-processing","CTS","Magnetic Separation Equipment","/assets/products/cts-type-wet-co-current-magnetic-separator/cts-type-wet-co-current-magnetic-separator-01.jpg | /assets/products/cts-type-wet-co-current-magnetic-separator/cts-type-wet-co-current-magnetic-separator-01.jpg | /assets/products/cts-type-wet-co-current-magnetic-separator/cts-type-wet-co-current-magnetic-separator-02.png | /assets/products/cts-type-wet-co-current-magnetic-separator/cts-type-wet-co-current-magnetic-separator-06.png | /assets/products/cts-type-wet-co-current-magnetic-separator/cts-type-wet-co-current-magnetic-separator-08.jpg | /assets/products/cts-type-wet-co-current-magnetic-separator/cts-type-wet-co-current-magnetic-separator-07.jpg | /assets/products/cts-type-wet-co-current-magnetic-separator/cts-type-wet-co-current-magnetic-separator-04.png | /assets/products/cts-type-wet-co-current-magnetic-separator/cts-type-wet-co-current-magnetic-separator-10.png | /assets/products/cts-type-wet-co-current-magnetic-separator/cts-type-wet-co-current-magnetic-separator-03.png | /assets/products/cts-type-wet-co-current-magnetic-separator/cts-type-wet-co-current-magnetic-separator-09.png | /assets/products/cts-type-wet-co-current-magnetic-separator/cts-type-wet-co-current-magnetic-separator-05.png | /assets/products/cts-type-wet-co-current-magnetic-separator/cts-type-wet-co-current-magnetic-separator-11.png","Model: CTS","product overview： 1、 Explanation The CTS wet co current magnetic separator is used in chemical and other industries to separate fine-grained ferromagnetic substances mixed in the solution. As required by the process, magnetic powder added as a coagulation","None found in static product record","Metal detection and separation equipment for the food, pharmaceutical, and chemical industries | Non metallic industry magnetic separation equipment | chemical | mineral","To be confirmed from project material and current technical record","To be confirmed from process layout","Existing source content requires technical review before use","Technical values beyond model reference: confirm from current datasheet or supplier record","docs/product-content/competitor-research.md","detail-template-live / technical review needed","published"
"cxj-drum-type-automatic-magnetic-separator","cxj-drum-type-automatic-magnetic-separator","en","/en/products/cxj-drum-type-automatic-magnetic-separator","/en/products/cxj-drum-type-automatic-magnetic-separator","cxj-drum-type-automatic-magnetic-separator","CXJ drum type automatic magnetic separator","CXJ drum type automatic magnetic separator","Magnetic Separation Equipment","mineral-processing","CXJ","Magnetic Separation Equipment","/assets/products/cxj-drum-type-automatic-magnetic-separator/cxj-drum-type-automatic-magnetic-separator-01.jpg | /assets/products/cxj-drum-type-automatic-magnetic-separator/cxj-drum-type-automatic-magnetic-separator-01.jpg | /assets/products/cxj-drum-type-automatic-magnetic-separator/cxj-drum-type-automatic-magnetic-separator-02.png | /assets/products/cxj-drum-type-automatic-magnetic-separator/cxj-drum-type-automatic-magnetic-separator-03.png | /assets/products/cxj-drum-type-automatic-magnetic-separator/cxj-drum-type-automatic-magnetic-separator-04.png | /assets/products/cxj-drum-type-automatic-magnetic-separator/cxj-drum-type-automatic-magnetic-separator-06.png | /assets/products/cxj-drum-type-automatic-magnetic-separator/cxj-drum-type-automatic-magnetic-separator-09.png | /assets/products/cxj-drum-type-automatic-magnetic-separator/cxj-drum-type-automatic-magnetic-separator-08.jpg | /assets/products/cxj-drum-type-automatic-magnetic-separator/cxj-drum-type-automatic-magnetic-separator-07.jpg | /assets/products/cxj-drum-type-automatic-magnetic-separator/cxj-drum-type-automatic-magnetic-separator-05.png | /assets/products/cxj-drum-type-automatic-magnetic-separator/cxj-drum-type-automatic-magnetic-separator-10.png | /assets/products/cxj-drum-type-automatic-magnetic-separator/cxj-drum-type-automatic-magnetic-separator-11.png","Model: CXJ","product overview： 1、 Characteristics The CXJ drum type automatic magnetic separator (from single drum to triple drum) is a magnetic separation equipment that continuously and automatically removes iron from dry powder. It adopts a unique magnetic circuit","None found in static product record","Metal detection and separation equipment for the food, pharmaceutical, and chemical industries | Non metallic industry magnetic separation equipment | chemical | mineral | ore","To be confirmed from project material and current technical record","To be confirmed from process layout","Existing source content requires technical review before use","Technical values beyond model reference: confirm from current datasheet or supplier record","docs/product-content/competitor-research.md","detail-template-live / technical review needed","published"
"dcz-type-dry-fully-automatic-magnetic-separator","dcz-type-dry-fully-automatic-magnetic-separator","en","/en/products/dcz-type-dry-fully-automatic-magnetic-separator","/en/products/dcz-type-dry-fully-automatic-magnetic-separator","dcz-type-dry-fully-automatic-magnetic-separator","DCZ type dry fully automatic magnetic separator","DCZ type dry fully automatic magnetic separator","Magnetic Separation Equipment","mineral-processing","DCZ | HV1200","Magnetic Separation Equipment","/assets/products/dcz-type-dry-fully-automatic-magnetic-separator/dcz-type-dry-fully-automatic-magnetic-separator-01.jpg | /assets/products/dcz-type-dry-fully-automatic-magnetic-separator/dcz-type-dry-fully-automatic-magnetic-separator-01.jpg | /assets/products/dcz-type-dry-fully-automatic-magnetic-separator/dcz-type-dry-fully-automatic-magnetic-separator-02.png | /assets/products/dcz-type-dry-fully-automatic-magnetic-separator/dcz-type-dry-fully-automatic-magnetic-separator-03.png | /assets/products/dcz-type-dry-fully-automatic-magnetic-separator/dcz-type-dry-fully-automatic-magnetic-separator-06.png | /assets/products/dcz-type-dry-fully-automatic-magnetic-separator/dcz-type-dry-fully-automatic-magnetic-separator-04.png | /assets/products/dcz-type-dry-fully-automatic-magnetic-separator/dcz-type-dry-fully-automatic-magnetic-separator-08.jpg | /assets/products/dcz-type-dry-fully-automatic-magnetic-separator/dcz-type-dry-fully-automatic-magnetic-separator-07.jpg | /assets/products/dcz-type-dry-fully-automatic-magnetic-separator/dcz-type-dry-fully-automatic-magnetic-separator-05.png","Model: DCZ | Model: HV1200","product overview： 1、 Explanation The DCZ dry fully automatic magnetic separator is suitable for removing various powdered materials that have passed 10-1500 mesh, such as lithium battery positive electrode ternary materials, lithium manganese oxide, lithium","None found in static product record","Metal detection and separation equipment for the food, pharmaceutical, and chemical industries | coal | food | pharmaceutical | chemical | ceramic | ore | mineral","To be confirmed from project material and current technical record","To be confirmed from process layout","Existing source content requires technical review before use","Technical values beyond model reference: confirm from current datasheet or supplier record","docs/product-content/competitor-research.md","detail-template-live / technical review needed","published"
"gls-type-integral-channel-metal-separator","gls-type-integral-channel-metal-separator","en","/en/products/gls-type-integral-channel-metal-separator","/en/products/gls-type-integral-channel-metal-separator","gls-type-integral-channel-metal-separator","GLS type integral channel metal separator","GLS type integral channel metal separator","Magnetic Separation Equipment","metal-detection","HACCP | IFS | IP65 | IP67","Magnetic Separation Equipment","/assets/products/gls-type-integral-channel-metal-separator/gls-type-integral-channel-metal-separator-01.jpg | /assets/products/gls-type-integral-channel-metal-separator/gls-type-integral-channel-metal-separator-01.jpg | /assets/products/gls-type-integral-channel-metal-separator/gls-type-integral-channel-metal-separator-02.png | /assets/products/gls-type-integral-channel-metal-separator/gls-type-integral-channel-metal-separator-04.png | /assets/products/gls-type-integral-channel-metal-separator/gls-type-integral-channel-metal-separator-05.png | /assets/products/gls-type-integral-channel-metal-separator/gls-type-integral-channel-metal-separator-03.png | /assets/products/gls-type-integral-channel-metal-separator/gls-type-integral-channel-metal-separator-06.png | /assets/products/gls-type-integral-channel-metal-separator/gls-type-integral-channel-metal-separator-07.png | /assets/products/gls-type-integral-channel-metal-separator/gls-type-integral-channel-metal-separator-09.jpg | /assets/products/gls-type-integral-channel-metal-separator/gls-type-integral-channel-metal-separator-08.jpg","Model: HACCP | Model: IFS | Model: IP65 | Model: IP67","product overview： 1、 Explanation ◇ Dual frequency or multi frequency technology can be selected. Shell material: stainless steel (standard type), PP, PS and other materials can also be selected.","None found in static product record","Metal detection and separation equipment for the food, pharmaceutical, and chemical industries | Metal detection and separation equipment for the food | pharmaceutical | and chemical industries","To be confirmed from project material and current technical record","To be confirmed from process layout","Existing source content requires technical review before use","Technical values beyond model reference: confirm from current datasheet or supplier record","docs/product-content/competitor-research.md","detail-template-live / technical review needed","published"
"cgt-type-super-strong-full-magnetic-drum","cgt-type-super-strong-full-magnetic-drum","en","/en/products/cgt-type-super-strong-full-magnetic-drum","/en/products/cgt-type-super-strong-full-magnetic-drum","cgt-type-super-strong-full-magnetic-drum","CGT type super strong full magnetic drum","CGT type super strong full magnetic drum","Magnetic Separation Equipment","mineral-processing","CGT","Magnetic Separation Equipment","/assets/products/cgt-type-super-strong-full-magnetic-drum/cgt-type-super-strong-full-magnetic-drum-01.jpg | /assets/products/cgt-type-super-strong-full-magnetic-drum/cgt-type-super-strong-full-magnetic-drum-01.jpg | /assets/products/cgt-type-super-strong-full-magnetic-drum/cgt-type-super-strong-full-magnetic-drum-02.png | /assets/products/cgt-type-super-strong-full-magnetic-drum/cgt-type-super-strong-full-magnetic-drum-03.png | /assets/products/cgt-type-super-strong-full-magnetic-drum/cgt-type-super-strong-full-magnetic-drum-04.png | /assets/products/cgt-type-super-strong-full-magnetic-drum/cgt-type-super-strong-full-magnetic-drum-06.png | /assets/products/cgt-type-super-strong-full-magnetic-drum/cgt-type-super-strong-full-magnetic-drum-05.png | /assets/products/cgt-type-super-strong-full-magnetic-drum/cgt-type-super-strong-full-magnetic-drum-07.jpg | /assets/products/cgt-type-super-strong-full-magnetic-drum/cgt-type-super-strong-full-magnetic-drum-10.png | /assets/products/cgt-type-super-strong-full-magnetic-drum/cgt-type-super-strong-full-magnetic-drum-08.jpg | /assets/products/cgt-type-super-strong-full-magnetic-drum/cgt-type-super-strong-full-magnetic-drum-09.png | /assets/products/cgt-type-super-strong-full-magnetic-drum/cgt-type-super-strong-full-magnetic-drum-11.png","Model: CGT","product overview： 1、 Explanation CGT type super strong full magnetic drum is mainly used to remove ferromagnetic impurities in powder, sheet and granular raw materials, and is widely used in industries such as ceramics, power, mining, plastics, chemicals,","None found in static product record","General iron removal equipment | Metal industry magnetic separation equipment | ceramic | chemical | food | mining | ore | pharmaceutical","To be confirmed from project material and current technical record","To be confirmed from process layout","Existing source content requires technical review before use","Technical values beyond model reference: confirm from current datasheet or supplier record","docs/product-content/competitor-research.md","detail-template-live / technical review needed","published"
"ctz-type-midfield-strong-semi-magnetic-drum","ctz-type-midfield-strong-semi-magnetic-drum","en","/en/products/ctz-type-midfield-strong-semi-magnetic-drum","/en/products/ctz-type-midfield-strong-semi-magnetic-drum","ctz-type-midfield-strong-semi-magnetic-drum","CTZ type midfield strong semi magnetic drum","CTZ type midfield strong semi magnetic drum","Magnetic Separation Equipment","mineral-processing","CTZ | RCT | TD-75","Magnetic Separation Equipment","/assets/products/ctz-type-midfield-strong-semi-magnetic-drum/ctz-type-midfield-strong-semi-magnetic-drum-01.jpg | /assets/products/ctz-type-midfield-strong-semi-magnetic-drum/ctz-type-midfield-strong-semi-magnetic-drum-01.jpg | /assets/products/ctz-type-midfield-strong-semi-magnetic-drum/ctz-type-midfield-strong-semi-magnetic-drum-03.png | /assets/products/ctz-type-midfield-strong-semi-magnetic-drum/ctz-type-midfield-strong-semi-magnetic-drum-04.png | /assets/products/ctz-type-midfield-strong-semi-magnetic-drum/ctz-type-midfield-strong-semi-magnetic-drum-06.png | /assets/products/ctz-type-midfield-strong-semi-magnetic-drum/ctz-type-midfield-strong-semi-magnetic-drum-02.png | /assets/products/ctz-type-midfield-strong-semi-magnetic-drum/ctz-type-midfield-strong-semi-magnetic-drum-05.png | /assets/products/ctz-type-midfield-strong-semi-magnetic-drum/ctz-type-midfield-strong-semi-magnetic-drum-07.jpg | /assets/products/ctz-type-midfield-strong-semi-magnetic-drum/ctz-type-midfield-strong-semi-magnetic-drum-08.jpg | /assets/products/ctz-type-midfield-strong-semi-magnetic-drum/ctz-type-midfield-strong-semi-magnetic-drum-09.png | /assets/products/ctz-type-midfield-strong-semi-magnetic-drum/ctz-type-midfield-strong-semi-magnetic-drum-10.png","Model: CTZ | Model: RCT | Model: TD-75","product overview： 1、 Explanation The CTZ type mid field strong semi magnetic drum (with CTZ type mid field strong full magnetic drum structure and RCT type parameters equivalent) is commonly used for purifying powdered, granular, and small block materials, or","None found in static product record","General iron removal equipment | Metal industry magnetic separation equipment | ceramic | chemical | food | glass | mineral | mining | recycling","To be confirmed from project material and current technical record","To be confirmed from process layout","Existing source content requires technical review before use","Technical values beyond model reference: confirm from current datasheet or supplier record","docs/product-content/competitor-research.md","detail-template-live / technical review needed","published"
"rcda-type-air-cooled-electromagnetic-iron-remover","rcda-type-air-cooled-electromagnetic-iron-remover","en","/en/products/rcda-type-air-cooled-electromagnetic-iron-remover","/en/products/rcda-type-air-cooled-electromagnetic-iron-remover","rcda-type-air-cooled-electromagnetic-iron-remover","RCDA type air-cooled electromagnetic iron remover","RCDA type air-cooled electromagnetic iron remover","Magnetic Separation Equipment","suspended","RCDA | RCDA-T","Magnetic Separation Equipment","/assets/products/rcda-type-air-cooled-electromagnetic-iron-remover/rcda-type-air-cooled-electromagnetic-iron-remover-01.jpg | /assets/products/rcda-type-air-cooled-electromagnetic-iron-remover/rcda-type-air-cooled-electromagnetic-iron-remover-01.jpg | /assets/products/rcda-type-air-cooled-electromagnetic-iron-remover/rcda-type-air-cooled-electromagnetic-iron-remover-02.png | /assets/products/rcda-type-air-cooled-electromagnetic-iron-remover/rcda-type-air-cooled-electromagnetic-iron-remover-03.png | /assets/products/rcda-type-air-cooled-electromagnetic-iron-remover/rcda-type-air-cooled-electromagnetic-iron-remover-06.png | /assets/products/rcda-type-air-cooled-electromagnetic-iron-remover/rcda-type-air-cooled-electromagnetic-iron-remover-08.jpg | /assets/products/rcda-type-air-cooled-electromagnetic-iron-remover/rcda-type-air-cooled-electromagnetic-iron-remover-05.png | /assets/products/rcda-type-air-cooled-electromagnetic-iron-remover/rcda-type-air-cooled-electromagnetic-iron-remover-04.png | /assets/products/rcda-type-air-cooled-electromagnetic-iron-remover/rcda-type-air-cooled-electromagnetic-iron-remover-07.jpg","Model: RCDA | Model: RCDA-T","product overview： 1、 Explanation The RCDA air-cooled electromagnetic iron remover is suitable for use in outdoor or various light dust environments. The coil has undergone special treatment, is resistant to oxidation, corrosion, and has good insulation","None found in static product record","General iron removal equipment","To be confirmed from project material and current technical record","To be confirmed from process layout","Existing source content requires technical review before use","Technical values beyond model reference: confirm from current datasheet or supplier record","docs/product-content/competitor-research.md","detail-template-live / technical review needed","published"
"rcdc-type-air-cooled-self-dumping-electromagnetic-iron-remover","rcdc-type-air-cooled-self-dumping-electromagnetic-iron-remover","en","/en/products/rcdc-type-air-cooled-self-dumping-electromagnetic-iron-remover","/en/products/rcdc-type-air-cooled-self-dumping-electromagnetic-iron-remover","rcdc-type-air-cooled-self-dumping-electromagnetic-iron-remover","RCDC type air-cooled self dumping electromagnetic iron remover","RCDC type air-cooled self dumping electromagnetic iron remover","Magnetic Separation Equipment","suspended","RCDA | RCDC","Magnetic Separation Equipment","/assets/products/rcdc-type-air-cooled-self-dumping-electromagnetic-iron-remover/rcdc-type-air-cooled-self-dumping-electromagnetic-iron-remover-01.jpg | /assets/products/rcdc-type-air-cooled-self-dumping-electromagnetic-iron-remover/rcdc-type-air-cooled-self-dumping-electromagnetic-iron-remover-01.jpg | /assets/products/rcdc-type-air-cooled-self-dumping-electromagnetic-iron-remover/rcdc-type-air-cooled-self-dumping-electromagnetic-iron-remover-02.png | /assets/products/rcdc-type-air-cooled-self-dumping-electromagnetic-iron-remover/rcdc-type-air-cooled-self-dumping-electromagnetic-iron-remover-03.png | /assets/products/rcdc-type-air-cooled-self-dumping-electromagnetic-iron-remover/rcdc-type-air-cooled-self-dumping-electromagnetic-iron-remover-04.png | /assets/products/rcdc-type-air-cooled-self-dumping-electromagnetic-iron-remover/rcdc-type-air-cooled-self-dumping-electromagnetic-iron-remover-10.jpg | /assets/products/rcdc-type-air-cooled-self-dumping-electromagnetic-iron-remover/rcdc-type-air-cooled-self-dumping-electromagnetic-iron-remover-06.png | /assets/products/rcdc-type-air-cooled-self-dumping-electromagnetic-iron-remover/rcdc-type-air-cooled-self-dumping-electromagnetic-iron-remover-08.png | /assets/products/rcdc-type-air-cooled-self-dumping-electromagnetic-iron-remover/rcdc-type-air-cooled-self-dumping-electromagnetic-iron-remover-09.jpg | /assets/products/rcdc-type-air-cooled-self-dumping-electromagnetic-iron-remover/rcdc-type-air-cooled-self-dumping-electromagnetic-iron-remover-05.png | /assets/products/rcdc-type-air-cooled-self-dumping-electromagnetic-iron-remover/rcdc-type-air-cooled-self-dumping-electromagnetic-iron-remover-07.png","Model: RCDA | Model: RCDC","product overview： 1、 Explanation The RCDC air-cooled self dumping electromagnetic iron remover is an iron unloading mechanism composed of a drive motor, a drum, and an iron unloading tape with a scraper added to the RCDA series iron remover. During the","None found in static product record","General iron removal equipment","To be confirmed from project material and current technical record","To be confirmed from process layout","Existing source content requires technical review before use","Technical values beyond model reference: confirm from current datasheet or supplier record","docs/product-content/competitor-research.md","detail-template-live / technical review needed","published"
"rcde-type-oil-cooled-electromagnetic-iron-remover","rcde-type-oil-cooled-electromagnetic-iron-remover","en","/en/products/rcde-type-oil-cooled-electromagnetic-iron-remover","/en/products/rcde-type-oil-cooled-electromagnetic-iron-remover","rcde-type-oil-cooled-electromagnetic-iron-remover","RCDE type oil cooled electromagnetic iron remover","RCDE type oil cooled electromagnetic iron remover","Magnetic Separation Equipment","suspended","RCDE","Magnetic Separation Equipment","/assets/products/rcde-type-oil-cooled-electromagnetic-iron-remover/rcde-type-oil-cooled-electromagnetic-iron-remover-01.jpg | /assets/products/rcde-type-oil-cooled-electromagnetic-iron-remover/rcde-type-oil-cooled-electromagnetic-iron-remover-01.jpg | /assets/products/rcde-type-oil-cooled-electromagnetic-iron-remover/rcde-type-oil-cooled-electromagnetic-iron-remover-04.png | /assets/products/rcde-type-oil-cooled-electromagnetic-iron-remover/rcde-type-oil-cooled-electromagnetic-iron-remover-03.png | /assets/products/rcde-type-oil-cooled-electromagnetic-iron-remover/rcde-type-oil-cooled-electromagnetic-iron-remover-07.png | /assets/products/rcde-type-oil-cooled-electromagnetic-iron-remover/rcde-type-oil-cooled-electromagnetic-iron-remover-02.png | /assets/products/rcde-type-oil-cooled-electromagnetic-iron-remover/rcde-type-oil-cooled-electromagnetic-iron-remover-06.png | /assets/products/rcde-type-oil-cooled-electromagnetic-iron-remover/rcde-type-oil-cooled-electromagnetic-iron-remover-05.png | /assets/products/rcde-type-oil-cooled-electromagnetic-iron-remover/rcde-type-oil-cooled-electromagnetic-iron-remover-08.jpg | /assets/products/rcde-type-oil-cooled-electromagnetic-iron-remover/rcde-type-oil-cooled-electromagnetic-iron-remover-09.jpg","Model: RCDE","product overview： 1、 Explanation The RCDE oil cooled electromagnetic iron remover adopts advanced internal and external oil circulation heat dissipation pipe design and unique winding technology of internal excitation coil. It has a fully sealed structure and","None found in static product record","General iron removal equipment","To be confirmed from project material and current technical record","To be confirmed from process layout","Existing source content requires technical review before use","Technical values beyond model reference: confirm from current datasheet or supplier record","docs/product-content/competitor-research.md","detail-template-live / technical review needed","published"
"rcdf-oil-cooled-self-dumping-electromagnetic-iron-remover","rcdf-oil-cooled-self-dumping-electromagnetic-iron-remover","en","/en/products/rcdf-oil-cooled-self-dumping-electromagnetic-iron-remover","/en/products/rcdf-oil-cooled-self-dumping-electromagnetic-iron-remover","rcdf-oil-cooled-self-dumping-electromagnetic-iron-remover","RCDF oil cooled self dumping electromagnetic iron remover","RCDF oil cooled self dumping electromagnetic iron remover","Magnetic Separation Equipment","suspended","RCDE | RCDF","Magnetic Separation Equipment","/assets/products/rcdf-oil-cooled-self-dumping-electromagnetic-iron-remover/rcdf-oil-cooled-self-dumping-electromagnetic-iron-remover-01.jpg | /assets/products/rcdf-oil-cooled-self-dumping-electromagnetic-iron-remover/rcdf-oil-cooled-self-dumping-electromagnetic-iron-remover-01.jpg | /assets/products/rcdf-oil-cooled-self-dumping-electromagnetic-iron-remover/rcdf-oil-cooled-self-dumping-electromagnetic-iron-remover-02.png | /assets/products/rcdf-oil-cooled-self-dumping-electromagnetic-iron-remover/rcdf-oil-cooled-self-dumping-electromagnetic-iron-remover-03.png | /assets/products/rcdf-oil-cooled-self-dumping-electromagnetic-iron-remover/rcdf-oil-cooled-self-dumping-electromagnetic-iron-remover-04.png | /assets/products/rcdf-oil-cooled-self-dumping-electromagnetic-iron-remover/rcdf-oil-cooled-self-dumping-electromagnetic-iron-remover-07.png | /assets/products/rcdf-oil-cooled-self-dumping-electromagnetic-iron-remover/rcdf-oil-cooled-self-dumping-electromagnetic-iron-remover-05.png | /assets/products/rcdf-oil-cooled-self-dumping-electromagnetic-iron-remover/rcdf-oil-cooled-self-dumping-electromagnetic-iron-remover-08.jpg | /assets/products/rcdf-oil-cooled-self-dumping-electromagnetic-iron-remover/rcdf-oil-cooled-self-dumping-electromagnetic-iron-remover-09.jpg | /assets/products/rcdf-oil-cooled-self-dumping-electromagnetic-iron-remover/rcdf-oil-cooled-self-dumping-electromagnetic-iron-remover-06.png","Model: RCDE | Model: RCDF","product overview： 1、 Explanation The RCDF oil cooled self dumping electromagnetic iron remover is an iron unloading mechanism composed of a drive motor, a drum, and an iron unloading tape with a scraper added to the RCDE series iron remover. It has the","None found in static product record","General iron removal equipment","To be confirmed from project material and current technical record","To be confirmed from process layout","Existing source content requires technical review before use","Technical values beyond model reference: confirm from current datasheet or supplier record","docs/product-content/competitor-research.md","detail-template-live / technical review needed","published"
"rcdfj-type-forced-oil-circulation-self-dumping-electromagnetic-iron-remover","rcdfj-type-forced-oil-circulation-self-dumping-electromagnetic-iron-remover","en","/en/products/rcdfj-type-forced-oil-circulation-self-dumping-electromagnetic-iron-remover","/en/products/rcdfj-type-forced-oil-circulation-self-dumping-electromagnetic-iron-remover","rcdfj-type-forced-oil-circulation-self-dumping-electromagnetic-iron-remover","RCDFJ type forced oil circulation self dumping electromagnetic iron remover","RCDFJ type forced oil circulation self dumping electromagnetic iron remover","Magnetic Separation Equipment","suspended","RCDFJ","Magnetic Separation Equipment","/assets/products/rcdfj-type-forced-oil-circulation-self-dumping-electromagnetic-iron-remover/rcdfj-type-forced-oil-circulation-self-dumping-electromagnetic-iron-remover-01.jpg | /assets/products/rcdfj-type-forced-oil-circulation-self-dumping-electromagnetic-iron-remover/rcdfj-type-forced-oil-circulation-self-dumping-electromagnetic-iron-remover-01.jpg | /assets/products/rcdfj-type-forced-oil-circulation-self-dumping-electromagnetic-iron-remover/rcdfj-type-forced-oil-circulation-self-dumping-electromagnetic-iron-remover-02.png | /assets/products/rcdfj-type-forced-oil-circulation-self-dumping-electromagnetic-iron-remover/rcdfj-type-forced-oil-circulation-self-dumping-electromagnetic-iron-remover-03.png | /assets/products/rcdfj-type-forced-oil-circulation-self-dumping-electromagnetic-iron-remover/rcdfj-type-forced-oil-circulation-self-dumping-electromagnetic-iron-remover-04.png | /assets/products/rcdfj-type-forced-oil-circulation-self-dumping-electromagnetic-iron-remover/rcdfj-type-forced-oil-circulation-self-dumping-electromagnetic-iron-remover-05.png | /assets/products/rcdfj-type-forced-oil-circulation-self-dumping-electromagnetic-iron-remover/rcdfj-type-forced-oil-circulation-self-dumping-electromagnetic-iron-remover-07.png | /assets/products/rcdfj-type-forced-oil-circulation-self-dumping-electromagnetic-iron-remover/rcdfj-type-forced-oil-circulation-self-dumping-electromagnetic-iron-remover-08.jpg | /assets/products/rcdfj-type-forced-oil-circulation-self-dumping-electromagnetic-iron-remover/rcdfj-type-forced-oil-circulation-self-dumping-electromagnetic-iron-remover-09.jpg | /assets/products/rcdfj-type-forced-oil-circulation-self-dumping-electromagnetic-iron-remover/rcdfj-type-forced-oil-circulation-self-dumping-electromagnetic-iron-remover-06.png","Model: RCDFJ","product overview： 1、 Explanation The RCDFJ type forced oil circulation self dumping electromagnetic iron remover is suitable for places with particularly high requirements for iron removal, such as coal transportation ports, large thermal power plants, and","None found in static product record","General iron removal equipment | coal | power plant","To be confirmed from project material and current technical record","To be confirmed from process layout","Existing source content requires technical review before use","Technical values beyond model reference: confirm from current datasheet or supplier record","docs/product-content/competitor-research.md","detail-template-live / technical review needed","published"
"rcps-self-dumping-disc-type-permanent-magnet-iron-remover","rcps-self-dumping-disc-type-permanent-magnet-iron-remover","en","/en/products/rcps-self-dumping-disc-type-permanent-magnet-iron-remover","/en/products/rcps-self-dumping-disc-type-permanent-magnet-iron-remover","rcps-self-dumping-disc-type-permanent-magnet-iron-remover","RCPS self dumping disc type permanent magnet iron remover","RCPS self dumping disc type permanent magnet iron remover","Magnetic Separation Equipment","suspended","RCPS","Magnetic Separation Equipment","/assets/products/rcps-self-dumping-disc-type-permanent-magnet-iron-remover/rcps-self-dumping-disc-type-permanent-magnet-iron-remover-01.jpg | /assets/products/rcps-self-dumping-disc-type-permanent-magnet-iron-remover/rcps-self-dumping-disc-type-permanent-magnet-iron-remover-01.jpg | /assets/products/rcps-self-dumping-disc-type-permanent-magnet-iron-remover/rcps-self-dumping-disc-type-permanent-magnet-iron-remover-02.png | /assets/products/rcps-self-dumping-disc-type-permanent-magnet-iron-remover/rcps-self-dumping-disc-type-permanent-magnet-iron-remover-05.png | /assets/products/rcps-self-dumping-disc-type-permanent-magnet-iron-remover/rcps-self-dumping-disc-type-permanent-magnet-iron-remover-03.png | /assets/products/rcps-self-dumping-disc-type-permanent-magnet-iron-remover/rcps-self-dumping-disc-type-permanent-magnet-iron-remover-04.png | /assets/products/rcps-self-dumping-disc-type-permanent-magnet-iron-remover/rcps-self-dumping-disc-type-permanent-magnet-iron-remover-06.jpg | /assets/products/rcps-self-dumping-disc-type-permanent-magnet-iron-remover/rcps-self-dumping-disc-type-permanent-magnet-iron-remover-07.jpg","Model: RCPS","product overview： 1、 Explanation The RCPS self dumping disc type permanent magnet iron remover is an efficient iron remover developed by our company. The internal magnetic materials of this device are all made of high-strength rare earth ""neodymium iron boron","None found in static product record","General iron removal equipment | ore","To be confirmed from project material and current technical record","To be confirmed from process layout","Existing source content requires technical review before use","Technical values beyond model reference: confirm from current datasheet or supplier record","docs/product-content/competitor-research.md","detail-template-live / technical review needed","published"
"rct-type-fully-magnetic-drum","rct-type-fully-magnetic-drum","en","/en/products/rct-type-fully-magnetic-drum","/en/products/rct-type-fully-magnetic-drum","rct-type-fully-magnetic-drum","RCT type fully magnetic drum","RCT type fully magnetic drum","Magnetic Separation Equipment","mineral-processing","AD-80 | RCT | RCTG | TD-75","Magnetic Separation Equipment","/assets/products/rct-type-fully-magnetic-drum/rct-type-fully-magnetic-drum-01.jpg | /assets/products/rct-type-fully-magnetic-drum/rct-type-fully-magnetic-drum-01.jpg | /assets/products/rct-type-fully-magnetic-drum/rct-type-fully-magnetic-drum-02.png | /assets/products/rct-type-fully-magnetic-drum/rct-type-fully-magnetic-drum-06.png | /assets/products/rct-type-fully-magnetic-drum/rct-type-fully-magnetic-drum-03.png | /assets/products/rct-type-fully-magnetic-drum/rct-type-fully-magnetic-drum-08.jpg | /assets/products/rct-type-fully-magnetic-drum/rct-type-fully-magnetic-drum-05.png | /assets/products/rct-type-fully-magnetic-drum/rct-type-fully-magnetic-drum-04.png | /assets/products/rct-type-fully-magnetic-drum/rct-type-fully-magnetic-drum-07.jpg | /assets/products/rct-type-fully-magnetic-drum/rct-type-fully-magnetic-drum-09.png | /assets/products/rct-type-fully-magnetic-drum/rct-type-fully-magnetic-drum-10.png | /assets/products/rct-type-fully-magnetic-drum/rct-type-fully-magnetic-drum-11.png","Model: AD-80 | Model: RCT | Model: RCTG | Model: TD-75","product overview： 1、 Explanation RCT type fully magnetic drum is equivalent to RCTG series, also known as magnetic pulley or dry bulk magnetic separator. It uses high-performance strong magnetic materials internally to form a strong magnetic system, which has","None found in static product record","General iron removal equipment | Metal industry magnetic separation equipment | cement | chemical | mining","To be confirmed from project material and current technical record","To be confirmed from process layout","Existing source content requires technical review before use","Technical values beyond model reference: confirm from current datasheet or supplier record","docs/product-content/competitor-research.md","detail-template-live / technical review needed","published"
"rcya-type-inclined-pipeline-permanent-magnet-iron-remover","rcya-type-inclined-pipeline-permanent-magnet-iron-remover","en","/en/products/rcya-type-inclined-pipeline-permanent-magnet-iron-remover","/en/products/rcya-type-inclined-pipeline-permanent-magnet-iron-remover","rcya-type-inclined-pipeline-permanent-magnet-iron-remover","RCYA type inclined pipeline permanent magnet iron remover","RCYA type inclined pipeline permanent magnet iron remover","Magnetic Separation Equipment","filtering","RCYA | RCYA1 | RCYA2","Magnetic Separation Equipment","/assets/products/rcya-type-inclined-pipeline-permanent-magnet-iron-remover/rcya-type-inclined-pipeline-permanent-magnet-iron-remover-01.jpg | /assets/products/rcya-type-inclined-pipeline-permanent-magnet-iron-remover/rcya-type-inclined-pipeline-permanent-magnet-iron-remover-01.jpg | /assets/products/rcya-type-inclined-pipeline-permanent-magnet-iron-remover/rcya-type-inclined-pipeline-permanent-magnet-iron-remover-02.png | /assets/products/rcya-type-inclined-pipeline-permanent-magnet-iron-remover/rcya-type-inclined-pipeline-permanent-magnet-iron-remover-06.png | /assets/products/rcya-type-inclined-pipeline-permanent-magnet-iron-remover/rcya-type-inclined-pipeline-permanent-magnet-iron-remover-03.png | /assets/products/rcya-type-inclined-pipeline-permanent-magnet-iron-remover/rcya-type-inclined-pipeline-permanent-magnet-iron-remover-04.png | /assets/products/rcya-type-inclined-pipeline-permanent-magnet-iron-remover/rcya-type-inclined-pipeline-permanent-magnet-iron-remover-05.png | /assets/products/rcya-type-inclined-pipeline-permanent-magnet-iron-remover/rcya-type-inclined-pipeline-permanent-magnet-iron-remover-08.jpg | /assets/products/rcya-type-inclined-pipeline-permanent-magnet-iron-remover/rcya-type-inclined-pipeline-permanent-magnet-iron-remover-07.jpg","Model: RCYA | Model: RCYA1 | Model: RCYA2","product overview： 1、 Explanation The RCYA inclined pipeline permanent magnet iron remover is divided into two types: RCYAl and RCYA2, which include non-magnetic pipelines and permanent magnets. It is specially designed for removing non-magnetic materials in","None found in static product record","General iron removal equipment | cement | coal | chemical","To be confirmed from project material and current technical record","To be confirmed from process layout","Existing source content requires technical review before use","Technical values beyond model reference: confirm from current datasheet or supplier record","docs/product-content/competitor-research.md","detail-template-live / technical review needed","published"
"rcydii-type-permanent-magnet-self-dumping-iron-remover","rcydii-type-permanent-magnet-self-dumping-iron-remover","en","/en/products/rcydii-type-permanent-magnet-self-dumping-iron-remover","/en/products/rcydii-type-permanent-magnet-self-dumping-iron-remover","rcydii-type-permanent-magnet-self-dumping-iron-remover","RCYDII type permanent magnet self dumping iron remover","RCYDII type permanent magnet self dumping iron remover","Magnetic Separation Equipment","suspended","RCYD | RCYDII","Magnetic Separation Equipment","/assets/products/rcydii-type-permanent-magnet-self-dumping-iron-remover/rcydii-type-permanent-magnet-self-dumping-iron-remover-01.jpg | /assets/products/rcydii-type-permanent-magnet-self-dumping-iron-remover/rcydii-type-permanent-magnet-self-dumping-iron-remover-01.jpg | /assets/products/rcydii-type-permanent-magnet-self-dumping-iron-remover/rcydii-type-permanent-magnet-self-dumping-iron-remover-02.png | /assets/products/rcydii-type-permanent-magnet-self-dumping-iron-remover/rcydii-type-permanent-magnet-self-dumping-iron-remover-03.png | /assets/products/rcydii-type-permanent-magnet-self-dumping-iron-remover/rcydii-type-permanent-magnet-self-dumping-iron-remover-07.png | /assets/products/rcydii-type-permanent-magnet-self-dumping-iron-remover/rcydii-type-permanent-magnet-self-dumping-iron-remover-04.png | /assets/products/rcydii-type-permanent-magnet-self-dumping-iron-remover/rcydii-type-permanent-magnet-self-dumping-iron-remover-09.jpg | /assets/products/rcydii-type-permanent-magnet-self-dumping-iron-remover/rcydii-type-permanent-magnet-self-dumping-iron-remover-06.png | /assets/products/rcydii-type-permanent-magnet-self-dumping-iron-remover/rcydii-type-permanent-magnet-self-dumping-iron-remover-05.png | /assets/products/rcydii-type-permanent-magnet-self-dumping-iron-remover/rcydii-type-permanent-magnet-self-dumping-iron-remover-08.jpg","Model: RCYD | Model: RCYDII","product overview： 1、 Explanation Compared with the RCYD type permanent magnet self dumping iron remover, the RCYDII type permanent magnet self dumping iron remover has a shorter frame and is suitable for situations where installation space is limited. It is","None found in static product record","General iron removal equipment | ore","To be confirmed from project material and current technical record","To be confirmed from process layout","Existing source content requires technical review before use","Technical values beyond model reference: confirm from current datasheet or supplier record","docs/product-content/competitor-research.md","detail-template-live / technical review needed","published"
"rcye-type-permanent-magnet-self-dumping-iron-remover","rcye-type-permanent-magnet-self-dumping-iron-remover","en","/en/products/rcye-type-permanent-magnet-self-dumping-iron-remover","/en/products/rcye-type-permanent-magnet-self-dumping-iron-remover","rcye-type-permanent-magnet-self-dumping-iron-remover","RCYE type permanent magnet self dumping iron remover","RCYE type permanent magnet self dumping iron remover","Magnetic Separation Equipment","suspended","","Magnetic Separation Equipment","/assets/products/rcye-type-permanent-magnet-self-dumping-iron-remover/rcye-type-permanent-magnet-self-dumping-iron-remover-01.jpg | /assets/products/rcye-type-permanent-magnet-self-dumping-iron-remover/rcye-type-permanent-magnet-self-dumping-iron-remover-01.jpg | /assets/products/rcye-type-permanent-magnet-self-dumping-iron-remover/rcye-type-permanent-magnet-self-dumping-iron-remover-02.png | /assets/products/rcye-type-permanent-magnet-self-dumping-iron-remover/rcye-type-permanent-magnet-self-dumping-iron-remover-03.png | /assets/products/rcye-type-permanent-magnet-self-dumping-iron-remover/rcye-type-permanent-magnet-self-dumping-iron-remover-06.png | /assets/products/rcye-type-permanent-magnet-self-dumping-iron-remover/rcye-type-permanent-magnet-self-dumping-iron-remover-04.png | /assets/products/rcye-type-permanent-magnet-self-dumping-iron-remover/rcye-type-permanent-magnet-self-dumping-iron-remover-05.png | /assets/products/rcye-type-permanent-magnet-self-dumping-iron-remover/rcye-type-permanent-magnet-self-dumping-iron-remover-08.jpg | /assets/products/rcye-type-permanent-magnet-self-dumping-iron-remover/rcye-type-permanent-magnet-self-dumping-iron-remover-07.jpg | /assets/products/rcye-type-permanent-magnet-self-dumping-iron-remover/rcye-type-permanent-magnet-self-dumping-iron-remover-09.png | /assets/products/rcye-type-permanent-magnet-self-dumping-iron-remover/rcye-type-permanent-magnet-self-dumping-iron-remover-10.png | /assets/products/rcye-type-permanent-magnet-self-dumping-iron-remover/rcye-type-permanent-magnet-self-dumping-iron-remover-11.png","","product overview： 1、 Explanation This machine uses high-strength rare earth neodymium iron boron to form a strong magnetic core, which has a strong magnetic field and high magnetic field gradient. Suitable for installation in narrow spaces with limited space,","None found in static product record","General iron removal equipment | Metal industry magnetic separation equipment | ore","To be confirmed from project material and current technical record","To be confirmed from process layout","Existing source content requires technical review before use","Technical values beyond model reference: confirm from current datasheet or supplier record","docs/product-content/competitor-research.md","detail-template-live / technical review needed","published"
"rcyf-type-vertical-pipeline-permanent-magnet-iron-remover","rcyf-type-vertical-pipeline-permanent-magnet-iron-remover","en","/en/products/rcyf-type-vertical-pipeline-permanent-magnet-iron-remover","/en/products/rcyf-type-vertical-pipeline-permanent-magnet-iron-remover","rcyf-type-vertical-pipeline-permanent-magnet-iron-remover","RCYF type vertical pipeline permanent magnet iron remover","RCYF type vertical pipeline permanent magnet iron remover","Magnetic Separation Equipment","filtering","RCYF","Magnetic Separation Equipment","/assets/products/rcyf-type-vertical-pipeline-permanent-magnet-iron-remover/rcyf-type-vertical-pipeline-permanent-magnet-iron-remover-01.jpg | /assets/products/rcyf-type-vertical-pipeline-permanent-magnet-iron-remover/rcyf-type-vertical-pipeline-permanent-magnet-iron-remover-01.jpg | /assets/products/rcyf-type-vertical-pipeline-permanent-magnet-iron-remover/rcyf-type-vertical-pipeline-permanent-magnet-iron-remover-02.png | /assets/products/rcyf-type-vertical-pipeline-permanent-magnet-iron-remover/rcyf-type-vertical-pipeline-permanent-magnet-iron-remover-03.png | /assets/products/rcyf-type-vertical-pipeline-permanent-magnet-iron-remover/rcyf-type-vertical-pipeline-permanent-magnet-iron-remover-06.png | /assets/products/rcyf-type-vertical-pipeline-permanent-magnet-iron-remover/rcyf-type-vertical-pipeline-permanent-magnet-iron-remover-04.png | /assets/products/rcyf-type-vertical-pipeline-permanent-magnet-iron-remover/rcyf-type-vertical-pipeline-permanent-magnet-iron-remover-07.jpg | /assets/products/rcyf-type-vertical-pipeline-permanent-magnet-iron-remover/rcyf-type-vertical-pipeline-permanent-magnet-iron-remover-05.png | /assets/products/rcyf-type-vertical-pipeline-permanent-magnet-iron-remover/rcyf-type-vertical-pipeline-permanent-magnet-iron-remover-08.jpg","Model: RCYF","product overview： 1、 Explanation The RCYF vertical pipeline permanent magnet iron remover is suitable for removing iron from powdered, granular, and block materials in industries such as cement, building materials, chemical, grain, plastics, coal, refractory","None found in static product record","General iron removal equipment | cement | coal | chemical","To be confirmed from project material and current technical record","To be confirmed from process layout","Existing source content requires technical review before use","Technical values beyond model reference: confirm from current datasheet or supplier record","docs/product-content/competitor-research.md","detail-template-live / technical review needed","published"
"rcyg-type-pipeline-self-dumping-permanent-magnet-iron-remover","rcyg-type-pipeline-self-dumping-permanent-magnet-iron-remover","en","/en/products/rcyg-type-pipeline-self-dumping-permanent-magnet-iron-remover","/en/products/rcyg-type-pipeline-self-dumping-permanent-magnet-iron-remover","rcyg-type-pipeline-self-dumping-permanent-magnet-iron-remover","RCYG type pipeline self dumping permanent magnet iron remover","RCYG type pipeline self dumping permanent magnet iron remover","Magnetic Separation Equipment","filtering","RCYG","Magnetic Separation Equipment","/assets/products/rcyg-type-pipeline-self-dumping-permanent-magnet-iron-remover/rcyg-type-pipeline-self-dumping-permanent-magnet-iron-remover-01.jpg | /assets/products/rcyg-type-pipeline-self-dumping-permanent-magnet-iron-remover/rcyg-type-pipeline-self-dumping-permanent-magnet-iron-remover-01.jpg | /assets/products/rcyg-type-pipeline-self-dumping-permanent-magnet-iron-remover/rcyg-type-pipeline-self-dumping-permanent-magnet-iron-remover-02.png | /assets/products/rcyg-type-pipeline-self-dumping-permanent-magnet-iron-remover/rcyg-type-pipeline-self-dumping-permanent-magnet-iron-remover-03.png | /assets/products/rcyg-type-pipeline-self-dumping-permanent-magnet-iron-remover/rcyg-type-pipeline-self-dumping-permanent-magnet-iron-remover-06.png | /assets/products/rcyg-type-pipeline-self-dumping-permanent-magnet-iron-remover/rcyg-type-pipeline-self-dumping-permanent-magnet-iron-remover-04.png | /assets/products/rcyg-type-pipeline-self-dumping-permanent-magnet-iron-remover/rcyg-type-pipeline-self-dumping-permanent-magnet-iron-remover-07.jpg | /assets/products/rcyg-type-pipeline-self-dumping-permanent-magnet-iron-remover/rcyg-type-pipeline-self-dumping-permanent-magnet-iron-remover-08.jpg | /assets/products/rcyg-type-pipeline-self-dumping-permanent-magnet-iron-remover/rcyg-type-pipeline-self-dumping-permanent-magnet-iron-remover-05.png","Installation position: the lower outlet of the bucket elevator. | Model: RCYG","product overview： 1、 Explanation The RCYG pipeline self dumping permanent magnet iron remover is a high-performance automated iron removal equipment independently developed by our company. This equipment is mainly used for iron removal of cement, water slag,","None found in static product record","General iron removal equipment | cement | food | chemical | ceramic | glass | ore","To be confirmed from project material and current technical record","To be confirmed from process layout","Existing source content requires technical review before use","Technical source review required before display","docs/product-content/competitor-research.md","detail-template-live / technical review needed","published"
"rcyp-type-permanent-magnet-manual-self-dumping-iron-remover","rcyp-type-permanent-magnet-manual-self-dumping-iron-remover","en","/en/products/rcyp-type-permanent-magnet-manual-self-dumping-iron-remover","/en/products/rcyp-type-permanent-magnet-manual-self-dumping-iron-remover","rcyp-type-permanent-magnet-manual-self-dumping-iron-remover","RCYP type permanent magnet manual self dumping iron remover","RCYP type permanent magnet manual self dumping iron remover","Magnetic Separation Equipment","suspended","RCYP","Magnetic Separation Equipment","/assets/products/rcyp-type-permanent-magnet-manual-self-dumping-iron-remover/rcyp-type-permanent-magnet-manual-self-dumping-iron-remover-01.jpg | /assets/products/rcyp-type-permanent-magnet-manual-self-dumping-iron-remover/rcyp-type-permanent-magnet-manual-self-dumping-iron-remover-01.jpg | /assets/products/rcyp-type-permanent-magnet-manual-self-dumping-iron-remover/rcyp-type-permanent-magnet-manual-self-dumping-iron-remover-02.png | /assets/products/rcyp-type-permanent-magnet-manual-self-dumping-iron-remover/rcyp-type-permanent-magnet-manual-self-dumping-iron-remover-03.png | /assets/products/rcyp-type-permanent-magnet-manual-self-dumping-iron-remover/rcyp-type-permanent-magnet-manual-self-dumping-iron-remover-06.png | /assets/products/rcyp-type-permanent-magnet-manual-self-dumping-iron-remover/rcyp-type-permanent-magnet-manual-self-dumping-iron-remover-04.png | /assets/products/rcyp-type-permanent-magnet-manual-self-dumping-iron-remover/rcyp-type-permanent-magnet-manual-self-dumping-iron-remover-08.jpg | /assets/products/rcyp-type-permanent-magnet-manual-self-dumping-iron-remover/rcyp-type-permanent-magnet-manual-self-dumping-iron-remover-05.png | /assets/products/rcyp-type-permanent-magnet-manual-self-dumping-iron-remover/rcyp-type-permanent-magnet-manual-self-dumping-iron-remover-07.jpg","Model: RCYP","product overview： 1、 Explanation The RCYP type permanent magnet manual self dumping iron remover is suitable for situations where the conveyor belt is narrow, the material is thin, and there is less impurity iron. This machine has a simple structure, reliable","None found in static product record","General iron removal equipment","To be confirmed from project material and current technical record","To be confirmed from process layout","Existing source content requires technical review before use","Technical values beyond model reference: confirm from current datasheet or supplier record","docs/product-content/competitor-research.md","detail-template-live / technical review needed","published"
"rcyz-type-vertical-pipeline-permanent-magnet-iron-remover","rcyz-type-vertical-pipeline-permanent-magnet-iron-remover","en","/en/products/rcyz-type-vertical-pipeline-permanent-magnet-iron-remover","/en/products/rcyz-type-vertical-pipeline-permanent-magnet-iron-remover","rcyz-type-vertical-pipeline-permanent-magnet-iron-remover","RCYZ type vertical pipeline permanent magnet iron remover","RCYZ type vertical pipeline permanent magnet iron remover","Magnetic Separation Equipment","filtering","RCYZ","Magnetic Separation Equipment","/assets/products/rcyz-type-vertical-pipeline-permanent-magnet-iron-remover/rcyz-type-vertical-pipeline-permanent-magnet-iron-remover-01.jpg | /assets/products/rcyz-type-vertical-pipeline-permanent-magnet-iron-remover/rcyz-type-vertical-pipeline-permanent-magnet-iron-remover-01.jpg | /assets/products/rcyz-type-vertical-pipeline-permanent-magnet-iron-remover/rcyz-type-vertical-pipeline-permanent-magnet-iron-remover-02.png | /assets/products/rcyz-type-vertical-pipeline-permanent-magnet-iron-remover/rcyz-type-vertical-pipeline-permanent-magnet-iron-remover-03.png | /assets/products/rcyz-type-vertical-pipeline-permanent-magnet-iron-remover/rcyz-type-vertical-pipeline-permanent-magnet-iron-remover-04.png | /assets/products/rcyz-type-vertical-pipeline-permanent-magnet-iron-remover/rcyz-type-vertical-pipeline-permanent-magnet-iron-remover-06.png | /assets/products/rcyz-type-vertical-pipeline-permanent-magnet-iron-remover/rcyz-type-vertical-pipeline-permanent-magnet-iron-remover-05.png | /assets/products/rcyz-type-vertical-pipeline-permanent-magnet-iron-remover/rcyz-type-vertical-pipeline-permanent-magnet-iron-remover-08.jpg | /assets/products/rcyz-type-vertical-pipeline-permanent-magnet-iron-remover/rcyz-type-vertical-pipeline-permanent-magnet-iron-remover-07.jpg","Model: RCYZ","product overview： 1、 Explanation The RCYZ vertical pipeline permanent magnet iron remover is an energy-saving device that uses permanent magnet materials to generate a strong magnetic field attraction. The interior is composed of a ring-shaped magnetic system","None found in static product record","General iron removal equipment | cement | food | chemical | ceramic","To be confirmed from project material and current technical record","To be confirmed from process layout","Existing source content requires technical review before use","Technical values beyond model reference: confirm from current datasheet or supplier record","docs/product-content/competitor-research.md","detail-template-live / technical review needed","published"
"cqz-type-fully-automatic-online-magnetic-separation","cqz-type-fully-automatic-online-magnetic-separation","en","/en/products/cqz-type-fully-automatic-online-magnetic-separation","/en/products/cqz-type-fully-automatic-online-magnetic-separation","cqz-type-fully-automatic-online-magnetic-separation","CQZ type fully automatic online magnetic separation","CQZ type fully automatic online magnetic separation","Magnetic Separation Equipment","suspended","CQZ","Magnetic Separation Equipment","/assets/products/cqz-type-fully-automatic-online-magnetic-separation/cqz-type-fully-automatic-online-magnetic-separation-01.jpg | /assets/products/cqz-type-fully-automatic-online-magnetic-separation/cqz-type-fully-automatic-online-magnetic-separation-01.jpg | /assets/products/cqz-type-fully-automatic-online-magnetic-separation/cqz-type-fully-automatic-online-magnetic-separation-02.png | /assets/products/cqz-type-fully-automatic-online-magnetic-separation/cqz-type-fully-automatic-online-magnetic-separation-03.png | /assets/products/cqz-type-fully-automatic-online-magnetic-separation/cqz-type-fully-automatic-online-magnetic-separation-05.png | /assets/products/cqz-type-fully-automatic-online-magnetic-separation/cqz-type-fully-automatic-online-magnetic-separation-04.png | /assets/products/cqz-type-fully-automatic-online-magnetic-separation/cqz-type-fully-automatic-online-magnetic-separation-07.jpg | /assets/products/cqz-type-fully-automatic-online-magnetic-separation/cqz-type-fully-automatic-online-magnetic-separation-06.jpg","Model: CQZ","product overview： 1、 Explanation The CQZ type fully automatic online magnetic separator is installed in the assembly line to achieve real-time automatic removal of iron from materials online. The automatic timing controller can be set for continuous automatic","None found in static product record","Non metallic industry magnetic separation equipment | recycling | food | pharmaceutical | chemical | wood | ore","To be confirmed from project material and current technical record","To be confirmed from process layout","Existing source content requires technical review before use","Technical values beyond model reference: confirm from current datasheet or supplier record","docs/product-content/competitor-research.md","detail-template-live / technical review needed","published"
"ctb-wet-semi-countercurrent-magnetic-separator","ctb-wet-semi-countercurrent-magnetic-separator","en","/en/products/ctb-wet-semi-countercurrent-magnetic-separator","/en/products/ctb-wet-semi-countercurrent-magnetic-separator","ctb-wet-semi-countercurrent-magnetic-separator","CTB wet semi countercurrent magnetic separator","CTB wet semi countercurrent magnetic separator","Magnetic Separation Equipment","mineral-processing","CTB","Magnetic Separation Equipment","/assets/products/ctb-wet-semi-countercurrent-magnetic-separator/ctb-wet-semi-countercurrent-magnetic-separator-01.jpg | /assets/products/ctb-wet-semi-countercurrent-magnetic-separator/ctb-wet-semi-countercurrent-magnetic-separator-01.jpg | /assets/products/ctb-wet-semi-countercurrent-magnetic-separator/ctb-wet-semi-countercurrent-magnetic-separator-02.png | /assets/products/ctb-wet-semi-countercurrent-magnetic-separator/ctb-wet-semi-countercurrent-magnetic-separator-05.png | /assets/products/ctb-wet-semi-countercurrent-magnetic-separator/ctb-wet-semi-countercurrent-magnetic-separator-03.png | /assets/products/ctb-wet-semi-countercurrent-magnetic-separator/ctb-wet-semi-countercurrent-magnetic-separator-04.png | /assets/products/ctb-wet-semi-countercurrent-magnetic-separator/ctb-wet-semi-countercurrent-magnetic-separator-07.jpg | /assets/products/ctb-wet-semi-countercurrent-magnetic-separator/ctb-wet-semi-countercurrent-magnetic-separator-06.jpg","Model: CTB","product overview： 1、 Explanation The CTB wet semi countercurrent magnetic separator is suitable for the scanning and selection of strong magnetic materials with a particle size of 0.5mm or less in wet separation, especially for the selection of minerals with","None found in static product record","Non metallic industry magnetic separation equipment | ore | mineral","To be confirmed from project material and current technical record","To be confirmed from process layout","Existing source content requires technical review before use","Technical values beyond model reference: confirm from current datasheet or supplier record","docs/product-content/competitor-research.md","detail-template-live / technical review needed","published"
"dcx-wet-fully-automatic-magnetic-separator","dcx-wet-fully-automatic-magnetic-separator","en","/en/products/dcx-wet-fully-automatic-magnetic-separator","/en/products/dcx-wet-fully-automatic-magnetic-separator","dcx-wet-fully-automatic-magnetic-separator","DCX wet fully automatic magnetic separator","DCX wet fully automatic magnetic separator","Magnetic Separation Equipment","mineral-processing","DCX","Magnetic Separation Equipment","/assets/products/dcx-wet-fully-automatic-magnetic-separator/dcx-wet-fully-automatic-magnetic-separator-01.jpg | /assets/products/dcx-wet-fully-automatic-magnetic-separator/dcx-wet-fully-automatic-magnetic-separator-01.jpg | /assets/products/dcx-wet-fully-automatic-magnetic-separator/dcx-wet-fully-automatic-magnetic-separator-02.png | /assets/products/dcx-wet-fully-automatic-magnetic-separator/dcx-wet-fully-automatic-magnetic-separator-03.png | /assets/products/dcx-wet-fully-automatic-magnetic-separator/dcx-wet-fully-automatic-magnetic-separator-06.png | /assets/products/dcx-wet-fully-automatic-magnetic-separator/dcx-wet-fully-automatic-magnetic-separator-04.png | /assets/products/dcx-wet-fully-automatic-magnetic-separator/dcx-wet-fully-automatic-magnetic-separator-07.jpg | /assets/products/dcx-wet-fully-automatic-magnetic-separator/dcx-wet-fully-automatic-magnetic-separator-08.jpg | /assets/products/dcx-wet-fully-automatic-magnetic-separator/dcx-wet-fully-automatic-magnetic-separator-05.png","Model: DCX","product overview： 1、 Explanation The DCX wet fully automatic magnetic separator is widely used to remove iron powder, micro iron powder, magnetic substances, etc. from slurries and glazes in industries such as ceramics, mining, chemical, electronics, and food.","None found in static product record","Non metallic industry magnetic separation equipment | mining | food | chemical | ceramic","To be confirmed from project material and current technical record","To be confirmed from process layout","Existing source content requires technical review before use","Technical values beyond model reference: confirm from current datasheet or supplier record","docs/product-content/competitor-research.md","detail-template-live / technical review needed","published"
"dcz-type-dry-fully-automatic-magnetic-separation","dcz-type-dry-fully-automatic-magnetic-separation","en","/en/products/dcz-type-dry-fully-automatic-magnetic-separation","/en/products/dcz-type-dry-fully-automatic-magnetic-separation","dcz-type-dry-fully-automatic-magnetic-separation","DCZ type dry fully automatic magnetic separation","DCZ type dry fully automatic magnetic separation","Magnetic Separation Equipment","mineral-processing","DCZ | HV1200","Magnetic Separation Equipment","/assets/products/dcz-type-dry-fully-automatic-magnetic-separation/dcz-type-dry-fully-automatic-magnetic-separation-01.jpg | /assets/products/dcz-type-dry-fully-automatic-magnetic-separation/dcz-type-dry-fully-automatic-magnetic-separation-01.jpg | /assets/products/dcz-type-dry-fully-automatic-magnetic-separation/dcz-type-dry-fully-automatic-magnetic-separation-02.png | /assets/products/dcz-type-dry-fully-automatic-magnetic-separation/dcz-type-dry-fully-automatic-magnetic-separation-06.png | /assets/products/dcz-type-dry-fully-automatic-magnetic-separation/dcz-type-dry-fully-automatic-magnetic-separation-03.png | /assets/products/dcz-type-dry-fully-automatic-magnetic-separation/dcz-type-dry-fully-automatic-magnetic-separation-04.png | /assets/products/dcz-type-dry-fully-automatic-magnetic-separation/dcz-type-dry-fully-automatic-magnetic-separation-08.jpg | /assets/products/dcz-type-dry-fully-automatic-magnetic-separation/dcz-type-dry-fully-automatic-magnetic-separation-07.jpg | /assets/products/dcz-type-dry-fully-automatic-magnetic-separation/dcz-type-dry-fully-automatic-magnetic-separation-05.png","Model: DCZ | Model: HV1200","product overview： 1、 Explanation The DCZ dry fully automatic magnetic separator is suitable for removing various powdered materials that have passed 10-1500 mesh, such as lithium battery positive electrode ternary materials, lithium manganese oxide, lithium","None found in static product record","Non metallic industry magnetic separation equipment | coal | food | pharmaceutical | chemical | ceramic | ore | mineral","To be confirmed from project material and current technical record","To be confirmed from process layout","Existing source content requires technical review before use","Technical values beyond model reference: confirm from current datasheet or supplier record","docs/product-content/competitor-research.md","detail-template-live / technical review needed","published"
"gtc-wet-plate-magnetic-separator","gtc-wet-plate-magnetic-separator","en","/en/products/gtc-wet-plate-magnetic-separator","/en/products/gtc-wet-plate-magnetic-separator","gtc-wet-plate-magnetic-separator","GTC wet plate magnetic separator","GTC wet plate magnetic separator","Magnetic Separation Equipment","mineral-processing","GTC","Magnetic Separation Equipment","/assets/products/gtc-wet-plate-magnetic-separator/gtc-wet-plate-magnetic-separator-01.jpg | /assets/products/gtc-wet-plate-magnetic-separator/gtc-wet-plate-magnetic-separator-01.jpg | /assets/products/gtc-wet-plate-magnetic-separator/gtc-wet-plate-magnetic-separator-04.png | /assets/products/gtc-wet-plate-magnetic-separator/gtc-wet-plate-magnetic-separator-02.png | /assets/products/gtc-wet-plate-magnetic-separator/gtc-wet-plate-magnetic-separator-03.png | /assets/products/gtc-wet-plate-magnetic-separator/gtc-wet-plate-magnetic-separator-08.png | /assets/products/gtc-wet-plate-magnetic-separator/gtc-wet-plate-magnetic-separator-05.png | /assets/products/gtc-wet-plate-magnetic-separator/gtc-wet-plate-magnetic-separator-09.jpg | /assets/products/gtc-wet-plate-magnetic-separator/gtc-wet-plate-magnetic-separator-10.jpg | /assets/products/gtc-wet-plate-magnetic-separator/gtc-wet-plate-magnetic-separator-06.png | /assets/products/gtc-wet-plate-magnetic-separator/gtc-wet-plate-magnetic-separator-07.png","Model: GTC","product overview： 1、 Explanation The GTC wet plate magnetic separator is mainly suitable for magnetic separation of weak magnetic minerals with particle size below 5mm and iron removal of non-metallic minerals, such as mica powder, quartz sand, potassium","None found in static product record","Non metallic industry magnetic separation equipment | coal | ore | mineral","To be confirmed from project material and current technical record","To be confirmed from process layout","Existing source content requires technical review before use","Technical values beyond model reference: confirm from current datasheet or supplier record","docs/product-content/competitor-research.md","detail-template-live / technical review needed","published"
"hjlh-wet-vertical-ring-high-gradient-magnetic-separator","hjlh-wet-vertical-ring-high-gradient-magnetic-separator","en","/en/products/hjlh-wet-vertical-ring-high-gradient-magnetic-separator","/en/products/hjlh-wet-vertical-ring-high-gradient-magnetic-separator","hjlh-wet-vertical-ring-high-gradient-magnetic-separator","HJLH wet vertical ring high gradient magnetic separator","HJLH wet vertical ring high gradient magnetic separator","Magnetic Separation Equipment","mineral-processing","HJLH","Magnetic Separation Equipment","/assets/products/hjlh-wet-vertical-ring-high-gradient-magnetic-separator/hjlh-wet-vertical-ring-high-gradient-magnetic-separator-01.jpg | /assets/products/hjlh-wet-vertical-ring-high-gradient-magnetic-separator/hjlh-wet-vertical-ring-high-gradient-magnetic-separator-01.jpg | /assets/products/hjlh-wet-vertical-ring-high-gradient-magnetic-separator/hjlh-wet-vertical-ring-high-gradient-magnetic-separator-02.png | /assets/products/hjlh-wet-vertical-ring-high-gradient-magnetic-separator/hjlh-wet-vertical-ring-high-gradient-magnetic-separator-05.png | /assets/products/hjlh-wet-vertical-ring-high-gradient-magnetic-separator/hjlh-wet-vertical-ring-high-gradient-magnetic-separator-03.png | /assets/products/hjlh-wet-vertical-ring-high-gradient-magnetic-separator/hjlh-wet-vertical-ring-high-gradient-magnetic-separator-04.png | /assets/products/hjlh-wet-vertical-ring-high-gradient-magnetic-separator/hjlh-wet-vertical-ring-high-gradient-magnetic-separator-06.jpg | /assets/products/hjlh-wet-vertical-ring-high-gradient-magnetic-separator/hjlh-wet-vertical-ring-high-gradient-magnetic-separator-07.jpg","Model: HJLH","product overview： 1、 Explanation Our company's HJLH wet vertical ring high gradient magnetic separator belongs to independent innovation and research and development, and has obtained a national utility model patent. Its technological innovation adopts simple","None found in static product record","Non metallic industry magnetic separation equipment | ore | mineral","To be confirmed from project material and current technical record","To be confirmed from process layout","Existing source content requires technical review before use","Technical values beyond model reference: confirm from current datasheet or supplier record","docs/product-content/competitor-research.md","detail-template-live / technical review needed","published"
"hjpc-wet-disc-magnetic-separation","hjpc-wet-disc-magnetic-separation","en","/en/products/hjpc-wet-disc-magnetic-separation","/en/products/hjpc-wet-disc-magnetic-separation","hjpc-wet-disc-magnetic-separation","HJPC wet disc magnetic separation","HJPC wet disc magnetic separation","Magnetic Separation Equipment","mineral-processing","HJPC","Magnetic Separation Equipment","/assets/products/hjpc-wet-disc-magnetic-separation/hjpc-wet-disc-magnetic-separation-01.jpg | /assets/products/hjpc-wet-disc-magnetic-separation/hjpc-wet-disc-magnetic-separation-01.jpg | /assets/products/hjpc-wet-disc-magnetic-separation/hjpc-wet-disc-magnetic-separation-02.png | /assets/products/hjpc-wet-disc-magnetic-separation/hjpc-wet-disc-magnetic-separation-05.png | /assets/products/hjpc-wet-disc-magnetic-separation/hjpc-wet-disc-magnetic-separation-04.png | /assets/products/hjpc-wet-disc-magnetic-separation/hjpc-wet-disc-magnetic-separation-03.png | /assets/products/hjpc-wet-disc-magnetic-separation/hjpc-wet-disc-magnetic-separation-07.jpg | /assets/products/hjpc-wet-disc-magnetic-separation/hjpc-wet-disc-magnetic-separation-06.jpg","Model: HJPC","product overview： 1、 Explanation The HJPC wet disc magnetic separator is a new type of high gradient magnetic separation equipment independently developed by our company, with a high magnetic field strength of 16000 GS. It is a device specifically designed","None found in static product record","Non metallic industry magnetic separation equipment | ceramic | ore | mineral","To be confirmed from project material and current technical record","To be confirmed from process layout","Existing source content requires technical review before use","Technical values beyond model reference: confirm from current datasheet or supplier record","docs/product-content/competitor-research.md","detail-template-live / technical review needed","published"
"clt-type-magnetic-desliming-tank","clt-type-magnetic-desliming-tank","en","/en/products/clt-type-magnetic-desliming-tank","/en/products/clt-type-magnetic-desliming-tank","clt-type-magnetic-desliming-tank","CLT type magnetic desliming tank","CLT type magnetic desliming tank","Magnetic Separation Equipment","mineral-processing","CLT","Magnetic Separation Equipment","/assets/products/clt-type-magnetic-desliming-tank/clt-type-magnetic-desliming-tank-01.jpg | /assets/products/clt-type-magnetic-desliming-tank/clt-type-magnetic-desliming-tank-01.jpg | /assets/products/clt-type-magnetic-desliming-tank/clt-type-magnetic-desliming-tank-02.png | /assets/products/clt-type-magnetic-desliming-tank/clt-type-magnetic-desliming-tank-04.png | /assets/products/clt-type-magnetic-desliming-tank/clt-type-magnetic-desliming-tank-05.png | /assets/products/clt-type-magnetic-desliming-tank/clt-type-magnetic-desliming-tank-03.png | /assets/products/clt-type-magnetic-desliming-tank/clt-type-magnetic-desliming-tank-06.jpg | /assets/products/clt-type-magnetic-desliming-tank/clt-type-magnetic-desliming-tank-07.jpg","Model: CLT","product overview： 1、 Explanation The CLT type magnetic desliming tank is a separation equipment that combines magnetic and gravity forces, which can effectively separate the gangue and poor connected bodies contained in the concentrate. Its effective sorting","None found in static product record","Metal industry magnetic separation equipment | ore | mineral","To be confirmed from project material and current technical record","To be confirmed from process layout","Existing source content requires technical review before use","Technical values beyond model reference: confirm from current datasheet or supplier record","docs/product-content/competitor-research.md","detail-template-live / technical review needed","published"
"ctb-type-semi-countercurrent-wet-selection-machine","ctb-type-semi-countercurrent-wet-selection-machine","en","/en/products/ctb-type-semi-countercurrent-wet-selection-machine","/en/products/ctb-type-semi-countercurrent-wet-selection-machine","ctb-type-semi-countercurrent-wet-selection-machine","CTB type semi countercurrent wet selection machine","CTB type semi countercurrent wet selection machine","Magnetic Separation Equipment","mineral-processing","CTB","Magnetic Separation Equipment","/assets/products/ctb-type-semi-countercurrent-wet-selection-machine/ctb-type-semi-countercurrent-wet-selection-machine-01.jpg | /assets/products/ctb-type-semi-countercurrent-wet-selection-machine/ctb-type-semi-countercurrent-wet-selection-machine-01.jpg | /assets/products/ctb-type-semi-countercurrent-wet-selection-machine/ctb-type-semi-countercurrent-wet-selection-machine-02.png | /assets/products/ctb-type-semi-countercurrent-wet-selection-machine/ctb-type-semi-countercurrent-wet-selection-machine-03.png | /assets/products/ctb-type-semi-countercurrent-wet-selection-machine/ctb-type-semi-countercurrent-wet-selection-machine-06.png | /assets/products/ctb-type-semi-countercurrent-wet-selection-machine/ctb-type-semi-countercurrent-wet-selection-machine-04.png | /assets/products/ctb-type-semi-countercurrent-wet-selection-machine/ctb-type-semi-countercurrent-wet-selection-machine-08.jpg | /assets/products/ctb-type-semi-countercurrent-wet-selection-machine/ctb-type-semi-countercurrent-wet-selection-machine-05.png | /assets/products/ctb-type-semi-countercurrent-wet-selection-machine/ctb-type-semi-countercurrent-wet-selection-machine-07.jpg","Model: CTB","product overview： 1、 Explanation The CTB wet semi countercurrent magnetic separator is suitable for the scanning and selection of strong magnetic materials with a particle size of 0.5mm or less in wet separation, especially for the selection of minerals with","None found in static product record","Metal industry magnetic separation equipment | ore | mineral","To be confirmed from project material and current technical record","To be confirmed from process layout","Existing source content requires technical review before use","Technical values beyond model reference: confirm from current datasheet or supplier record","docs/product-content/competitor-research.md","detail-template-live / technical review needed","published"
"ctdg-type-permanent-magnet-bulk-dry-magnetic-separator","ctdg-type-permanent-magnet-bulk-dry-magnetic-separator","en","/en/products/ctdg-type-permanent-magnet-bulk-dry-magnetic-separator","/en/products/ctdg-type-permanent-magnet-bulk-dry-magnetic-separator","ctdg-type-permanent-magnet-bulk-dry-magnetic-separator","CTDG type permanent magnet bulk dry magnetic separator","CTDG type permanent magnet bulk dry magnetic separator","Magnetic Separation Equipment","mineral-processing","CTDG","Magnetic Separation Equipment","/assets/products/ctdg-type-permanent-magnet-bulk-dry-magnetic-separator/ctdg-type-permanent-magnet-bulk-dry-magnetic-separator-01.jpg | /assets/products/ctdg-type-permanent-magnet-bulk-dry-magnetic-separator/ctdg-type-permanent-magnet-bulk-dry-magnetic-separator-01.jpg | /assets/products/ctdg-type-permanent-magnet-bulk-dry-magnetic-separator/ctdg-type-permanent-magnet-bulk-dry-magnetic-separator-02.png | /assets/products/ctdg-type-permanent-magnet-bulk-dry-magnetic-separator/ctdg-type-permanent-magnet-bulk-dry-magnetic-separator-06.png | /assets/products/ctdg-type-permanent-magnet-bulk-dry-magnetic-separator/ctdg-type-permanent-magnet-bulk-dry-magnetic-separator-04.png | /assets/products/ctdg-type-permanent-magnet-bulk-dry-magnetic-separator/ctdg-type-permanent-magnet-bulk-dry-magnetic-separator-08.jpg | /assets/products/ctdg-type-permanent-magnet-bulk-dry-magnetic-separator/ctdg-type-permanent-magnet-bulk-dry-magnetic-separator-03.png | /assets/products/ctdg-type-permanent-magnet-bulk-dry-magnetic-separator/ctdg-type-permanent-magnet-bulk-dry-magnetic-separator-07.jpg | /assets/products/ctdg-type-permanent-magnet-bulk-dry-magnetic-separator/ctdg-type-permanent-magnet-bulk-dry-magnetic-separator-05.png","Model: CTDG","product overview： 1、 Explanation The CTDG type permanent magnet bulk dry magnetic separator is a new type of high-efficiency energy-saving mineral processing equipment. In addition to existing standardized products, magnetic separators (magnetic pulleys) with","None found in static product record","Metal industry magnetic separation equipment | mining | ore | mineral","To be confirmed from project material and current technical record","To be confirmed from process layout","Existing source content requires technical review before use","Technical values beyond model reference: confirm from current datasheet or supplier record","docs/product-content/competitor-research.md","detail-template-live / technical review needed","published"
"ctn-type-full-countercurrent-wet-magnetic-separator","ctn-type-full-countercurrent-wet-magnetic-separator","en","/en/products/ctn-type-full-countercurrent-wet-magnetic-separator","/en/products/ctn-type-full-countercurrent-wet-magnetic-separator","ctn-type-full-countercurrent-wet-magnetic-separator","CTN type full countercurrent wet magnetic separator","CTN type full countercurrent wet magnetic separator","Magnetic Separation Equipment","mineral-processing","CTN","Magnetic Separation Equipment","/assets/products/ctn-type-full-countercurrent-wet-magnetic-separator/ctn-type-full-countercurrent-wet-magnetic-separator-01.jpg | /assets/products/ctn-type-full-countercurrent-wet-magnetic-separator/ctn-type-full-countercurrent-wet-magnetic-separator-01.jpg | /assets/products/ctn-type-full-countercurrent-wet-magnetic-separator/ctn-type-full-countercurrent-wet-magnetic-separator-02.png | /assets/products/ctn-type-full-countercurrent-wet-magnetic-separator/ctn-type-full-countercurrent-wet-magnetic-separator-04.png | /assets/products/ctn-type-full-countercurrent-wet-magnetic-separator/ctn-type-full-countercurrent-wet-magnetic-separator-06.png | /assets/products/ctn-type-full-countercurrent-wet-magnetic-separator/ctn-type-full-countercurrent-wet-magnetic-separator-03.png | /assets/products/ctn-type-full-countercurrent-wet-magnetic-separator/ctn-type-full-countercurrent-wet-magnetic-separator-08.jpg | /assets/products/ctn-type-full-countercurrent-wet-magnetic-separator/ctn-type-full-countercurrent-wet-magnetic-separator-07.jpg | /assets/products/ctn-type-full-countercurrent-wet-magnetic-separator/ctn-type-full-countercurrent-wet-magnetic-separator-05.png","Model: CTN","product overview： 1、 Explanation The core technology of CTN wet full countercurrent magnetic separator adopts computer simulation design of magnetic circuit, which makes the magnetic field distribution in the magnetic separation zone more uniform, without","None found in static product record","Metal industry magnetic separation equipment | ore | mineral","To be confirmed from project material and current technical record","To be confirmed from process layout","Existing source content requires technical review before use","Technical values beyond model reference: confirm from current datasheet or supplier record","docs/product-content/competitor-research.md","detail-template-live / technical review needed","published"
"cts-type-downstream-wet-pre-selection-machine","cts-type-downstream-wet-pre-selection-machine","en","/en/products/cts-type-downstream-wet-pre-selection-machine","/en/products/cts-type-downstream-wet-pre-selection-machine","cts-type-downstream-wet-pre-selection-machine","CTS type downstream wet pre selection machine","CTS type downstream wet pre selection machine","Magnetic Separation Equipment","mineral-processing","CTS","Magnetic Separation Equipment","/assets/products/cts-type-downstream-wet-pre-selection-machine/cts-type-downstream-wet-pre-selection-machine-01.jpg | /assets/products/cts-type-downstream-wet-pre-selection-machine/cts-type-downstream-wet-pre-selection-machine-01.jpg | /assets/products/cts-type-downstream-wet-pre-selection-machine/cts-type-downstream-wet-pre-selection-machine-02.png | /assets/products/cts-type-downstream-wet-pre-selection-machine/cts-type-downstream-wet-pre-selection-machine-03.png | /assets/products/cts-type-downstream-wet-pre-selection-machine/cts-type-downstream-wet-pre-selection-machine-06.png | /assets/products/cts-type-downstream-wet-pre-selection-machine/cts-type-downstream-wet-pre-selection-machine-08.jpg | /assets/products/cts-type-downstream-wet-pre-selection-machine/cts-type-downstream-wet-pre-selection-machine-04.png | /assets/products/cts-type-downstream-wet-pre-selection-machine/cts-type-downstream-wet-pre-selection-machine-05.png | /assets/products/cts-type-downstream-wet-pre-selection-machine/cts-type-downstream-wet-pre-selection-machine-07.jpg","Model: CTS","product overview： 1、 Explanation The CTS type downstream wet pre selection machine is suitable for pre selection and selection of coarse-grained strong magnetic materials with a particle size of 6-0mm, or for removing mixed strong magnetic minerals in","None found in static product record","Metal industry magnetic separation equipment | ore | mineral","To be confirmed from project material and current technical record","To be confirmed from process layout","Existing source content requires technical review before use","Technical values beyond model reference: confirm from current datasheet or supplier record","docs/product-content/competitor-research.md","detail-template-live / technical review needed","published"
"ctzs-type-upward-suction-magnetic-separator","ctzs-type-upward-suction-magnetic-separator","en","/en/products/ctzs-type-upward-suction-magnetic-separator","/en/products/ctzs-type-upward-suction-magnetic-separator","ctzs-type-upward-suction-magnetic-separator","CTZS type upward suction magnetic separator","CTZS type upward suction magnetic separator","Magnetic Separation Equipment","suspended","CTZS","Magnetic Separation Equipment","/assets/products/ctzs-type-upward-suction-magnetic-separator/ctzs-type-upward-suction-magnetic-separator-01.jpg | /assets/products/ctzs-type-upward-suction-magnetic-separator/ctzs-type-upward-suction-magnetic-separator-01.jpg | /assets/products/ctzs-type-upward-suction-magnetic-separator/ctzs-type-upward-suction-magnetic-separator-02.png | /assets/products/ctzs-type-upward-suction-magnetic-separator/ctzs-type-upward-suction-magnetic-separator-06.png | /assets/products/ctzs-type-upward-suction-magnetic-separator/ctzs-type-upward-suction-magnetic-separator-04.png | /assets/products/ctzs-type-upward-suction-magnetic-separator/ctzs-type-upward-suction-magnetic-separator-03.png | /assets/products/ctzs-type-upward-suction-magnetic-separator/ctzs-type-upward-suction-magnetic-separator-05.png | /assets/products/ctzs-type-upward-suction-magnetic-separator/ctzs-type-upward-suction-magnetic-separator-07.jpg | /assets/products/ctzs-type-upward-suction-magnetic-separator/ctzs-type-upward-suction-magnetic-separator-08.jpg","Model: CTZS","product overview： 1、 Explanation The CTZS type upward suction magnetic separator is a specialized equipment developed by our company for typical industries such as household waste classification, industrial waste classification, and scrap steel crushing","None found in static product record","Metal industry magnetic separation equipment | cement","To be confirmed from project material and current technical record","To be confirmed from process layout","Existing source content requires technical review before use","Technical values beyond model reference: confirm from current datasheet or supplier record","docs/product-content/competitor-research.md","detail-template-live / technical review needed","published"
"hcg-type-dry-pre-selection-machine","hcg-type-dry-pre-selection-machine","en","/en/products/hcg-type-dry-pre-selection-machine","/en/products/hcg-type-dry-pre-selection-machine","hcg-type-dry-pre-selection-machine","HCG type dry pre selection machine","HCG type dry pre selection machine","Magnetic Separation Equipment","mineral-processing","HCG | HRA | HRA92","Magnetic Separation Equipment","/assets/products/hcg-type-dry-pre-selection-machine/hcg-type-dry-pre-selection-machine-01.jpg | /assets/products/hcg-type-dry-pre-selection-machine/hcg-type-dry-pre-selection-machine-01.jpg | /assets/products/hcg-type-dry-pre-selection-machine/hcg-type-dry-pre-selection-machine-05.png | /assets/products/hcg-type-dry-pre-selection-machine/hcg-type-dry-pre-selection-machine-02.png | /assets/products/hcg-type-dry-pre-selection-machine/hcg-type-dry-pre-selection-machine-07.jpg | /assets/products/hcg-type-dry-pre-selection-machine/hcg-type-dry-pre-selection-machine-06.jpg | /assets/products/hcg-type-dry-pre-selection-machine/hcg-type-dry-pre-selection-machine-03.png | /assets/products/hcg-type-dry-pre-selection-machine/hcg-type-dry-pre-selection-machine-04.png","Model: HCG | Model: HRA | Model: HRA92","product overview： 1、 Explanation The HCG type dry pre selection machine is mainly designed for pre selection of 5% -20% ultra-low grade, low-grade magnetite and dry powder ores, effectively improving the grinding grade, reducing the beneficiation cost, and","None found in static product record","Metal industry magnetic separation equipment | ceramic | ore","To be confirmed from project material and current technical record","To be confirmed from process layout","Existing source content requires technical review before use","Technical values beyond model reference: confirm from current datasheet or supplier record","docs/product-content/competitor-research.md","detail-template-live / technical review needed","published"
"hjlh-type-vertical-ring-high-gradient-magnetic-separation","hjlh-type-vertical-ring-high-gradient-magnetic-separation","en","/en/products/hjlh-type-vertical-ring-high-gradient-magnetic-separation","/en/products/hjlh-type-vertical-ring-high-gradient-magnetic-separation","hjlh-type-vertical-ring-high-gradient-magnetic-separation","HJLH type vertical ring high gradient magnetic separation","HJLH type vertical ring high gradient magnetic separation","Magnetic Separation Equipment","mineral-processing","HJLH","Magnetic Separation Equipment","/assets/products/hjlh-type-vertical-ring-high-gradient-magnetic-separation/hjlh-type-vertical-ring-high-gradient-magnetic-separation-01.jpg | /assets/products/hjlh-type-vertical-ring-high-gradient-magnetic-separation/hjlh-type-vertical-ring-high-gradient-magnetic-separation-01.jpg | /assets/products/hjlh-type-vertical-ring-high-gradient-magnetic-separation/hjlh-type-vertical-ring-high-gradient-magnetic-separation-02.png | /assets/products/hjlh-type-vertical-ring-high-gradient-magnetic-separation/hjlh-type-vertical-ring-high-gradient-magnetic-separation-05.png | /assets/products/hjlh-type-vertical-ring-high-gradient-magnetic-separation/hjlh-type-vertical-ring-high-gradient-magnetic-separation-04.png | /assets/products/hjlh-type-vertical-ring-high-gradient-magnetic-separation/hjlh-type-vertical-ring-high-gradient-magnetic-separation-07.jpg | /assets/products/hjlh-type-vertical-ring-high-gradient-magnetic-separation/hjlh-type-vertical-ring-high-gradient-magnetic-separation-03.png | /assets/products/hjlh-type-vertical-ring-high-gradient-magnetic-separation/hjlh-type-vertical-ring-high-gradient-magnetic-separation-06.jpg","Model: HJLH","product overview： 1、 Explanation Our company's HJLH wet vertical ring high gradient magnetic separator belongs to independent innovation and research and development, and has obtained a national utility model patent. Its technological innovation adopts simple","None found in static product record","Metal industry magnetic separation equipment | ore | mineral","To be confirmed from project material and current technical record","To be confirmed from process layout","Existing source content requires technical review before use","Technical values beyond model reference: confirm from current datasheet or supplier record","docs/product-content/competitor-research.md","detail-template-live / technical review needed","published"
"ljk-type-magnetic-ore-special-iron-remover","ljk-type-magnetic-ore-special-iron-remover","en","/en/products/ljk-type-magnetic-ore-special-iron-remover","/en/products/ljk-type-magnetic-ore-special-iron-remover","ljk-type-magnetic-ore-special-iron-remover","LJK type magnetic ore special iron remover","LJK type magnetic ore special iron remover","Magnetic Separation Equipment","mineral-processing","LJK","Magnetic Separation Equipment","/assets/products/ljk-type-magnetic-ore-special-iron-remover/ljk-type-magnetic-ore-special-iron-remover-01.jpg | /assets/products/ljk-type-magnetic-ore-special-iron-remover/ljk-type-magnetic-ore-special-iron-remover-01.jpg | /assets/products/ljk-type-magnetic-ore-special-iron-remover/ljk-type-magnetic-ore-special-iron-remover-02.png | /assets/products/ljk-type-magnetic-ore-special-iron-remover/ljk-type-magnetic-ore-special-iron-remover-05.png | /assets/products/ljk-type-magnetic-ore-special-iron-remover/ljk-type-magnetic-ore-special-iron-remover-04.png | /assets/products/ljk-type-magnetic-ore-special-iron-remover/ljk-type-magnetic-ore-special-iron-remover-03.png | /assets/products/ljk-type-magnetic-ore-special-iron-remover/ljk-type-magnetic-ore-special-iron-remover-07.jpg | /assets/products/ljk-type-magnetic-ore-special-iron-remover/ljk-type-magnetic-ore-special-iron-remover-06.jpg","Model: LJK","product overview： 1、 Explanation The LJK iron removal system is mainly suitable for removing iron from magnetic ore conveyor belts such as raw ore, sintered ore, pellet ore, and block ore. The LJK iron removal system relies on its unique magnetic circuit","None found in static product record","Metal industry magnetic separation equipment | ore","To be confirmed from project material and current technical record","To be confirmed from process layout","Existing source content requires technical review before use","Technical values beyond model reference: confirm from current datasheet or supplier record","docs/product-content/competitor-research.md","detail-template-live / technical review needed","published"
"nct-type-concentrated-magnetic-separator","nct-type-concentrated-magnetic-separator","en","/en/products/nct-type-concentrated-magnetic-separator","/en/products/nct-type-concentrated-magnetic-separator","nct-type-concentrated-magnetic-separator","NCT type concentrated magnetic separator","NCT type concentrated magnetic separator","Magnetic Separation Equipment","mineral-processing","NCT","Magnetic Separation Equipment","/assets/products/nct-type-concentrated-magnetic-separator/nct-type-concentrated-magnetic-separator-01.jpg | /assets/products/nct-type-concentrated-magnetic-separator/nct-type-concentrated-magnetic-separator-01.jpg | /assets/products/nct-type-concentrated-magnetic-separator/nct-type-concentrated-magnetic-separator-02.png | /assets/products/nct-type-concentrated-magnetic-separator/nct-type-concentrated-magnetic-separator-06.png | /assets/products/nct-type-concentrated-magnetic-separator/nct-type-concentrated-magnetic-separator-08.jpg | /assets/products/nct-type-concentrated-magnetic-separator/nct-type-concentrated-magnetic-separator-04.png | /assets/products/nct-type-concentrated-magnetic-separator/nct-type-concentrated-magnetic-separator-05.png | /assets/products/nct-type-concentrated-magnetic-separator/nct-type-concentrated-magnetic-separator-03.png | /assets/products/nct-type-concentrated-magnetic-separator/nct-type-concentrated-magnetic-separator-07.jpg","Model: NCT","product overview： 1、 Explanation The NCT type concentrated magnetic separator is specifically designed for the concentration of low concentration slurry in the magnetic separation process, increasing the concentration of the slurry. Mainly used in the","None found in static product record","Metal industry magnetic separation equipment | recycling | ore | mineral","To be confirmed from project material and current technical record","To be confirmed from process layout","Existing source content requires technical review before use","Technical values beyond model reference: confirm from current datasheet or supplier record","docs/product-content/competitor-research.md","detail-template-live / technical review needed","published"
"wbc-semi-magnetic-tailings-recovery-machine","wbc-semi-magnetic-tailings-recovery-machine","en","/en/products/wbc-semi-magnetic-tailings-recovery-machine","/en/products/wbc-semi-magnetic-tailings-recovery-machine","wbc-semi-magnetic-tailings-recovery-machine","WBC semi magnetic tailings recovery machine","WBC semi magnetic tailings recovery machine","Magnetic Separation Equipment","mineral-processing","WBC","Magnetic Separation Equipment","/assets/products/wbc-semi-magnetic-tailings-recovery-machine/wbc-semi-magnetic-tailings-recovery-machine-01.jpg | /assets/products/wbc-semi-magnetic-tailings-recovery-machine/wbc-semi-magnetic-tailings-recovery-machine-01.jpg | /assets/products/wbc-semi-magnetic-tailings-recovery-machine/wbc-semi-magnetic-tailings-recovery-machine-06.png | /assets/products/wbc-semi-magnetic-tailings-recovery-machine/wbc-semi-magnetic-tailings-recovery-machine-02.png | /assets/products/wbc-semi-magnetic-tailings-recovery-machine/wbc-semi-magnetic-tailings-recovery-machine-04.png | /assets/products/wbc-semi-magnetic-tailings-recovery-machine/wbc-semi-magnetic-tailings-recovery-machine-03.png | /assets/products/wbc-semi-magnetic-tailings-recovery-machine/wbc-semi-magnetic-tailings-recovery-machine-08.jpg | /assets/products/wbc-semi-magnetic-tailings-recovery-machine/wbc-semi-magnetic-tailings-recovery-machine-05.png | /assets/products/wbc-semi-magnetic-tailings-recovery-machine/wbc-semi-magnetic-tailings-recovery-machine-07.jpg","Model: WBC","product overview： 1、 Explanation The WBC type semi magnetic tailings recovery machine is suitable for selecting magnetic minerals. It can enrich and recover magnetic minerals in tailings slurry or remove magnetic impurities from other suspensions.","None found in static product record","Metal industry magnetic separation equipment | mineral | aggregate","To be confirmed from project material and current technical record","To be confirmed from process layout","Existing source content requires technical review before use","Technical values beyond model reference: confirm from current datasheet or supplier record","docs/product-content/competitor-research.md","detail-template-live / technical review needed","published"
"ctn-type-specialized-magnetic-separator-for-coal-washing","ctn-type-specialized-magnetic-separator-for-coal-washing","en","/en/products/ctn-type-specialized-magnetic-separator-for-coal-washing","/en/products/ctn-type-specialized-magnetic-separator-for-coal-washing","ctn-type-specialized-magnetic-separator-for-coal-washing","CTN type specialized magnetic separator for coal washing","CTN type specialized magnetic separator for coal washing","Magnetic Separation Equipment","mineral-processing","CTN","Magnetic Separation Equipment","/assets/products/ctn-type-specialized-magnetic-separator-for-coal-washing/ctn-type-specialized-magnetic-separator-for-coal-washing-01.jpg | /assets/products/ctn-type-specialized-magnetic-separator-for-coal-washing/ctn-type-specialized-magnetic-separator-for-coal-washing-01.jpg | /assets/products/ctn-type-specialized-magnetic-separator-for-coal-washing/ctn-type-specialized-magnetic-separator-for-coal-washing-02.png | /assets/products/ctn-type-specialized-magnetic-separator-for-coal-washing/ctn-type-specialized-magnetic-separator-for-coal-washing-06.png | /assets/products/ctn-type-specialized-magnetic-separator-for-coal-washing/ctn-type-specialized-magnetic-separator-for-coal-washing-03.png | /assets/products/ctn-type-specialized-magnetic-separator-for-coal-washing/ctn-type-specialized-magnetic-separator-for-coal-washing-04.png | /assets/products/ctn-type-specialized-magnetic-separator-for-coal-washing/ctn-type-specialized-magnetic-separator-for-coal-washing-08.jpg | /assets/products/ctn-type-specialized-magnetic-separator-for-coal-washing/ctn-type-specialized-magnetic-separator-for-coal-washing-05.png | /assets/products/ctn-type-specialized-magnetic-separator-for-coal-washing/ctn-type-specialized-magnetic-separator-for-coal-washing-07.jpg","Model: CTN","product overview： 1、 Explanation The CTN type coal washing specialized magnetic separator is a fully countercurrent wet magnetic separation equipment designed specifically for the recovery of magnetic media in heavy medium coal preparation plants. Its core","None found in static product record","Coal industry iron removal and magnetic separation equipment | coal | ore | mineral","To be confirmed from project material and current technical record","To be confirmed from process layout","Existing source content requires technical review before use","Technical values beyond model reference: confirm from current datasheet or supplier record","docs/product-content/competitor-research.md","detail-template-live / technical review needed","published"
"hmdn-coal-washing-special-magnetic-separator","hmdn-coal-washing-special-magnetic-separator","en","/en/products/hmdn-coal-washing-special-magnetic-separator","/en/products/hmdn-coal-washing-special-magnetic-separator","hmdn-coal-washing-special-magnetic-separator","HMDN coal washing special magnetic separator","HMDN coal washing special magnetic separator","Magnetic Separation Equipment","mineral-processing","HMDN","Magnetic Separation Equipment","/assets/products/hmdn-coal-washing-special-magnetic-separator/hmdn-coal-washing-special-magnetic-separator-01.jpg | /assets/products/hmdn-coal-washing-special-magnetic-separator/hmdn-coal-washing-special-magnetic-separator-01.jpg | /assets/products/hmdn-coal-washing-special-magnetic-separator/hmdn-coal-washing-special-magnetic-separator-02.png | /assets/products/hmdn-coal-washing-special-magnetic-separator/hmdn-coal-washing-special-magnetic-separator-03.png | /assets/products/hmdn-coal-washing-special-magnetic-separator/hmdn-coal-washing-special-magnetic-separator-05.jpg | /assets/products/hmdn-coal-washing-special-magnetic-separator/hmdn-coal-washing-special-magnetic-separator-04.jpg","Model: HMDN","product overview： 1、 Explanation: The HMDN coal washing special magnetic separator is a fully countercurrent wet magnetic separation equipment designed specifically for the recovery of magnetic media in heavy medium coal preparation plants. Drawing on","None found in static product record","Coal industry iron removal and magnetic separation equipment | coal | ore | mineral","To be confirmed from project material and current technical record","To be confirmed from process layout","Existing source content requires technical review before use","Technical values beyond model reference: confirm from current datasheet or supplier record","docs/product-content/competitor-research.md","detail-template-live / technical review needed","published"
"suspended-permanent-magnetic-separator","suspended-permanent-magnetic-separator","en","/en/products/suspended-permanent-magnetic-separator","/en/products/suspended-permanent-magnetic-separator","suspended-permanent-magnetic-separator","Suspended Permanent Magnetic Separator","Suspended Permanent Magnetic Separator","Magnetic Separation Equipment","suspended","","Magnetic Separation Equipment","/assets/products/suspended-permanent-magnetic-separator.webp | /assets/products/suspended-permanent-magnetic-separator.webp","Cleaning Type: Manual or periodic cleaning | Magnet Type: Ferrite or rare-earth permanent magnet | Mounting: Eye bolts, chain, cable or threaded bolts | Applications: Conveyor belts, recycling, paper, aggregate handling","A suspended permanent magnet for reliable tramp iron capture where manual or periodic cleaning is acceptable.","None found in static product record","Quarry | mining | coal | cement and aggregate handling | Permanent Magnet Series","To be confirmed from project material and current technical record","To be confirmed from process layout","Existing source content requires technical review before use","Technical source review required before display","docs/product-content/competitor-research.md","detail-template-live / technical review needed","published"
"suspended-electromagnetic-conveyor-belt-separator","suspended-electromagnetic-conveyor-belt-separator","en","/en/products/suspended-electromagnetic-conveyor-belt-separator","/en/products/suspended-electromagnetic-conveyor-belt-separator","suspended-electromagnetic-conveyor-belt-separator","Suspended Electromagnetic Conveyor Belt Separator","Suspended Electromagnetic Conveyor Belt Separator","Magnetic Separation Equipment","suspended","","Magnetic Separation Equipment","/assets/products/suspended-electromagnetic-conveyor-belt-separator.webp | /assets/products/suspended-electromagnetic-conveyor-belt-separator.webp","Cleaning Type: Self-cleaning belt discharge | Magnet Type: Electromagnetic coil | Typical Layout: Cross-belt or inline conveyor installation | Applications: Mining, quarry, cement, RDF, coal, recycling, power generation","An electromagnetic conveyor belt separator for working conditions that require adjustable and powerful magnetic force.","None found in static product record","High-capacity conveyors | mining | ports | coal and heavy material handling | Electromagnetic Series","To be confirmed from project material and current technical record","To be confirmed from process layout","Existing source content requires technical review before use","Technical source review required before display","docs/product-content/competitor-research.md","detail-template-live / technical review needed","published"
"dls-type-window-metal-detector","dls-type-window-metal-detector","en","/en/products/dls-type-window-metal-detector","/en/products/dls-type-window-metal-detector","dls-type-window-metal-detector","DLS type window metal detector","DLS type window metal detector","Metal Detection & Recycling Sorting","metal-detection","DLS | RS232 | RS485","Metal Detection & Recycling Sorting","/assets/products/dls-type-window-metal-detector/dls-type-window-metal-detector-01.jpg | /assets/products/dls-type-window-metal-detector/dls-type-window-metal-detector-01.jpg | /assets/products/dls-type-window-metal-detector/dls-type-window-metal-detector-02.png | /assets/products/dls-type-window-metal-detector/dls-type-window-metal-detector-06.png | /assets/products/dls-type-window-metal-detector/dls-type-window-metal-detector-03.png | /assets/products/dls-type-window-metal-detector/dls-type-window-metal-detector-04.png | /assets/products/dls-type-window-metal-detector/dls-type-window-metal-detector-05.png | /assets/products/dls-type-window-metal-detector/dls-type-window-metal-detector-07.jpg | /assets/products/dls-type-window-metal-detector/dls-type-window-metal-detector-09.png | /assets/products/dls-type-window-metal-detector/dls-type-window-metal-detector-08.jpg | /assets/products/dls-type-window-metal-detector/dls-type-window-metal-detector-10.png | /assets/products/dls-type-window-metal-detector/dls-type-window-metal-detector-11.png","Model: DLS | Model: RS232 | Model: RS485","product overview： 1、 Explanation Adopting a split structure, easy to install. Product tracking function: It can automatically adjust and compensate internally based on changes in product effects.","None found in static product record","General iron removal equipment | Metal detection and separation equipment for the food, pharmaceutical, and chemical industries | ceramic | recycling | wood","To be confirmed from project material and current technical record","To be confirmed from process layout","Existing source content requires technical review before use","Technical values beyond model reference: confirm from current datasheet or supplier record","docs/product-content/competitor-research.md","detail-template-live / technical review needed","published"
"gjt-type-window-metal-detector","gjt-type-window-metal-detector","en","/en/products/gjt-type-window-metal-detector","/en/products/gjt-type-window-metal-detector","gjt-type-window-metal-detector","GJT type window metal detector","GJT type window metal detector","Metal Detection & Recycling Sorting","metal-detection","GJT","Metal Detection & Recycling Sorting","/assets/products/gjt-type-window-metal-detector/gjt-type-window-metal-detector-01.jpg | /assets/products/gjt-type-window-metal-detector/gjt-type-window-metal-detector-01.jpg | /assets/products/gjt-type-window-metal-detector/gjt-type-window-metal-detector-07.jpg | /assets/products/gjt-type-window-metal-detector/gjt-type-window-metal-detector-08.jpg | /assets/products/gjt-type-window-metal-detector/gjt-type-window-metal-detector-02.png | /assets/products/gjt-type-window-metal-detector/gjt-type-window-metal-detector-04.png | /assets/products/gjt-type-window-metal-detector/gjt-type-window-metal-detector-06.jpg | /assets/products/gjt-type-window-metal-detector/gjt-type-window-metal-detector-05.jpg | /assets/products/gjt-type-window-metal-detector/gjt-type-window-metal-detector-03.png","Installation method: The sensor is installed on the belt frame, and the amplitude of the belt frame should be less than 0.5mm. When the amplitude exceeds 0.5mm, the sensor bracket should be installed separately. | Model: GJT","product overview： 1、 Explanation The GJT window type metal detector is currently an excellent product in the field of metal detection in China. In the circuit design, a new metal detection technology - digital phase shifting and related detection technology -","None found in static product record","General iron removal equipment | mining | cement | food | ore","To be confirmed from project material and current technical record","To be confirmed from process layout","Existing source content requires technical review before use","Technical source review required before display","docs/product-content/competitor-research.md","sample-approved / ready for deployment","published"
"hecp-eddy-current-metal-sorting-machine","hecp-eddy-current-metal-sorting-machine","en","/en/products/hecp-eddy-current-metal-sorting-machine","/en/products/hecp-eddy-current-metal-sorting-machine","hecp-eddy-current-metal-sorting-machine","HECP eddy current metal sorting machine","HECP eddy current metal sorting machine","Metal Detection & Recycling Sorting","recycling-sorting","CNC | HECP | HECS","Metal Detection & Recycling Sorting","/assets/products/hecp-eddy-current-metal-sorting-machine/hecp-eddy-current-metal-sorting-machine-01.jpg | /assets/products/hecp-eddy-current-metal-sorting-machine/hecp-eddy-current-metal-sorting-machine-01.jpg | /assets/products/hecp-eddy-current-metal-sorting-machine/hecp-eddy-current-metal-sorting-machine-02.png | /assets/products/hecp-eddy-current-metal-sorting-machine/hecp-eddy-current-metal-sorting-machine-03.png | /assets/products/hecp-eddy-current-metal-sorting-machine/hecp-eddy-current-metal-sorting-machine-04.png | /assets/products/hecp-eddy-current-metal-sorting-machine/hecp-eddy-current-metal-sorting-machine-06.png | /assets/products/hecp-eddy-current-metal-sorting-machine/hecp-eddy-current-metal-sorting-machine-07.jpg | /assets/products/hecp-eddy-current-metal-sorting-machine/hecp-eddy-current-metal-sorting-machine-05.png | /assets/products/hecp-eddy-current-metal-sorting-machine/hecp-eddy-current-metal-sorting-machine-08.jpg","Model: CNC | Model: HECP | Model: HECS","product overview： 1、 Explanation The HECP eddy current metal sorting machine can be widely used in various environmental protection fields and material processing in the non-ferrous metal processing industry. Its typical application is significant in the","None found in static product record","Metal industry magnetic separation equipment | recycling | glass | wood | ore","To be confirmed from project material and current technical record","To be confirmed from process layout","Existing source content requires technical review before use","Technical values beyond model reference: confirm from current datasheet or supplier record","docs/product-content/competitor-research.md","detail-template-live / technical review needed","published"
"hecs-type-eddy-current-metal-sorting-machine","hecs-type-eddy-current-metal-sorting-machine","en","/en/products/hecs-type-eddy-current-metal-sorting-machine","/en/products/hecs-type-eddy-current-metal-sorting-machine","hecs-type-eddy-current-metal-sorting-machine","HECS type eddy current metal sorting machine","HECS type eddy current metal sorting machine","Metal Detection & Recycling Sorting","recycling-sorting","HECS","Metal Detection & Recycling Sorting","/assets/products/hecs-type-eddy-current-metal-sorting-machine/hecs-type-eddy-current-metal-sorting-machine-01.jpg | /assets/products/hecs-type-eddy-current-metal-sorting-machine/hecs-type-eddy-current-metal-sorting-machine-01.jpg | /assets/products/hecs-type-eddy-current-metal-sorting-machine/hecs-type-eddy-current-metal-sorting-machine-02.png | /assets/products/hecs-type-eddy-current-metal-sorting-machine/hecs-type-eddy-current-metal-sorting-machine-04.png | /assets/products/hecs-type-eddy-current-metal-sorting-machine/hecs-type-eddy-current-metal-sorting-machine-06.png | /assets/products/hecs-type-eddy-current-metal-sorting-machine/hecs-type-eddy-current-metal-sorting-machine-05.png | /assets/products/hecs-type-eddy-current-metal-sorting-machine/hecs-type-eddy-current-metal-sorting-machine-07.jpg | /assets/products/hecs-type-eddy-current-metal-sorting-machine/hecs-type-eddy-current-metal-sorting-machine-08.jpg | /assets/products/hecs-type-eddy-current-metal-sorting-machine/hecs-type-eddy-current-metal-sorting-machine-03.png","Model: HECS","product overview： 1、 Explanation The physical basis of the HECS eddy current metal sorting machine is based on two important physical phenomena: a time-varying alternating magnetic field always accompanies an alternating electric field; A current carrying","None found in static product record","Metal industry magnetic separation equipment | recycling | glass | wood | ore","To be confirmed from project material and current technical record","To be confirmed from process layout","Existing source content requires technical review before use","Technical values beyond model reference: confirm from current datasheet or supplier record","docs/product-content/competitor-research.md","detail-template-live / technical review needed","published"
"drum-magnet","drum-magnet","en","/en/products/drum-magnet","/en/products/drum-magnet","drum-magnet","Drum Magnet","Drum Magnet","Metal Detection & Recycling Sorting","mineral-processing","CHNMAG","Metal Detection & Recycling Sorting","/assets/products/drum-magnet/drum-magnet-01.jpg | /assets/products/drum-magnet/drum-magnet-01.jpg | /assets/products/drum-magnet/drum-magnet-02.jpg | /assets/products/drum-magnet/drum-magnet-03.jpg | /assets/products/drum-magnet/drum-magnet-04.jpg | /assets/products/drum-magnet/drum-magnet-05.jpg | /assets/products/drum-magnet/drum-magnet-06.jpg | /assets/products/drum-magnet/drum-magnet-08.jpg | /assets/products/drum-magnet/drum-magnet-07.jpg | /assets/products/drum-magnet/drum-magnet-09.jpg | /assets/products/drum-magnet/drum-magnet-10.jpg | /assets/products/drum-magnet/drum-magnet-11.jpg | /assets/products/drum-magnet/drum-magnet-12.jpg | /assets/products/drum-magnet/drum-magnet-13.jpg | /assets/products/drum-magnet/drum-magnet-14.jpg | /assets/products/drum-magnet/drum-magnet-15.jpg | /assets/products/drum-magnet/drum-magnet-16.jpg | /assets/products/drum-magnet/drum-magnet-20.jpg | /assets/products/drum-magnet/drum-magnet-17.jpg | /assets/products/drum-magnet/drum-magnet-18.jpg | /assets/products/drum-magnet/drum-magnet-19.jpg","Model: CHNMAG","CHNMAG Drum Magnet is a separation machine designed for the continuous extraction of ferrous metal contamination from dry bulk material. Material is fed uniformly to the drum magnet from a conveyor, vibration feeder or chute, ensuring continuous metal","None found in static product record","Metal Recycling | mining | recycling | food | ore | mineral | metal recycling","To be confirmed from project material and current technical record","To be confirmed from process layout","Existing source content requires technical review before use","Technical values beyond model reference: confirm from current datasheet or supplier record","docs/product-content/competitor-research.md","detail-template-live / technical review needed","published"
"eccentric-eddy-current-separator","eccentric-eddy-current-separator","en","/en/products/eccentric-eddy-current-separator","/en/products/eccentric-eddy-current-separator","eccentric-eddy-current-separator","Eccentric Eddy Current Separator","Eccentric Eddy Current Separator","Metal Detection & Recycling Sorting","recycling-sorting","ASR | CHNMAG | MSW | PET | SEW | SKF | WEEE | WTE","Metal Detection & Recycling Sorting","/assets/products/eccentric-eddy-current-separator/eccentric-eddy-current-separator-01.jpg | /assets/products/eccentric-eddy-current-separator/eccentric-eddy-current-separator-01.jpg | /assets/products/eccentric-eddy-current-separator/eccentric-eddy-current-separator-02.jpg | /assets/products/eccentric-eddy-current-separator/eccentric-eddy-current-separator-03.jpg | /assets/products/eccentric-eddy-current-separator/eccentric-eddy-current-separator-04.jpg | /assets/products/eccentric-eddy-current-separator/eccentric-eddy-current-separator-05.jpg | /assets/products/eccentric-eddy-current-separator/eccentric-eddy-current-separator-06.jpg | /assets/products/eccentric-eddy-current-separator/eccentric-eddy-current-separator-07.jpg | /assets/products/eccentric-eddy-current-separator/eccentric-eddy-current-separator-08.jpg | /assets/products/eccentric-eddy-current-separator/eccentric-eddy-current-separator-10.jpg | /assets/products/eccentric-eddy-current-separator/eccentric-eddy-current-separator-15.jpg | /assets/products/eccentric-eddy-current-separator/eccentric-eddy-current-separator-09.jpg | /assets/products/eccentric-eddy-current-separator/eccentric-eddy-current-separator-11.jpg | /assets/products/eccentric-eddy-current-separator/eccentric-eddy-current-separator-12.jpg | /assets/products/eccentric-eddy-current-separator/eccentric-eddy-current-separator-13.jpg | /assets/products/eccentric-eddy-current-separator/eccentric-eddy-current-separator-17.jpg | /assets/products/eccentric-eddy-current-separator/eccentric-eddy-current-separator-16.jpg | /assets/products/eccentric-eddy-current-separator/eccentric-eddy-current-separator-14.jpg | /assets/products/eccentric-eddy-current-separator/eccentric-eddy-current-separator-18.jpg","Model: ASR | Model: CHNMAG | Model: MSW | Model: PET | Model: SEW | Model: SKF | Model: WEEE | Model: WTE | Applications: Eddy Current Separator Site Photo","CHNMAG Eccentric Eddy Current Separator designed to separate valuable non-ferrous metals wherever non-ferrous metals have to be recovered or separated, e.g. where shredder material, municipal waste, WTE bottom ash, electronic scrap, wood chips, glass,","None found in static product record","Metal Recycling | mining | recycling | food | glass | wood | municipal waste | electronic scrap | foundry sand | ore | metal recycling","To be confirmed from project material and current technical record","To be confirmed from process layout","Existing source content requires technical review before use","Technical source review required before display","docs/product-content/competitor-research.md","sample-approved / ready for deployment","published"
"electromagnet-separator","electromagnet-separator","en","/en/products/electromagnet-separator","/en/products/electromagnet-separator","electromagnet-separator","Electromagnet Separator","Electromagnet Separator","Metal Detection & Recycling Sorting","suspended","CHNMAG | QJRCDB | QJRCDD","Metal Detection & Recycling Sorting","/assets/products/electromagnet-separator/electromagnet-separator-01.jpg | /assets/products/electromagnet-separator/electromagnet-separator-01.jpg | /assets/products/electromagnet-separator/electromagnet-separator-02.jpg | /assets/products/electromagnet-separator/electromagnet-separator-05.jpg | /assets/products/electromagnet-separator/electromagnet-separator-04.jpg | /assets/products/electromagnet-separator/electromagnet-separator-06.jpg | /assets/products/electromagnet-separator/electromagnet-separator-07.jpg | /assets/products/electromagnet-separator/electromagnet-separator-08.jpg | /assets/products/electromagnet-separator/electromagnet-separator-03.jpg | /assets/products/electromagnet-separator/electromagnet-separator-18.jpg | /assets/products/electromagnet-separator/electromagnet-separator-09.jpg | /assets/products/electromagnet-separator/electromagnet-separator-10.jpg | /assets/products/electromagnet-separator/electromagnet-separator-12.jpg | /assets/products/electromagnet-separator/electromagnet-separator-11.jpg | /assets/products/electromagnet-separator/electromagnet-separator-15.jpg | /assets/products/electromagnet-separator/electromagnet-separator-13.jpg | /assets/products/electromagnet-separator/electromagnet-separator-14.jpg | /assets/products/electromagnet-separator/electromagnet-separator-16.jpg | /assets/products/electromagnet-separator/electromagnet-separator-17.jpg","Model: CHNMAG | Model: QJRCDB | Model: QJRCDD | Cross Belt Position: Inline Position","CHNMAG Suspended Electromagnet Separator engineered to provide ferrous metal separation performance. If your application requires increased suspension heights for the magnet or have a deep product burden, the suspended electromagnet separator is an ideal","None found in static product record","Metal Recycling | mining | recycling | food | ore | metal recycling","To be confirmed from project material and current technical record","To be confirmed from process layout","Existing source content requires technical review before use","Technical source review required before display","docs/product-content/competitor-research.md","detail-template-live / technical review needed","published"
"magnetic-head-pulley","magnetic-head-pulley","en","/en/products/magnetic-head-pulley","/en/products/magnetic-head-pulley","magnetic-head-pulley","Magnetic Head Pulley","Magnetic Head Pulley","Metal Detection & Recycling Sorting","suspended","","Metal Detection & Recycling Sorting","/assets/products/magnetic-head-pulley/magnetic-head-pulley-01.jpg | /assets/products/magnetic-head-pulley/magnetic-head-pulley-01.jpg | /assets/products/magnetic-head-pulley/magnetic-head-pulley-03.jpg | /assets/products/magnetic-head-pulley/magnetic-head-pulley-04.jpg | /assets/products/magnetic-head-pulley/magnetic-head-pulley-02.jpg | /assets/products/magnetic-head-pulley/magnetic-head-pulley-05.jpg | /assets/products/magnetic-head-pulley/magnetic-head-pulley-06.jpg | /assets/products/magnetic-head-pulley/magnetic-head-pulley-07.jpg | /assets/products/magnetic-head-pulley/magnetic-head-pulley-09.jpg | /assets/products/magnetic-head-pulley/magnetic-head-pulley-10.jpg | /assets/products/magnetic-head-pulley/magnetic-head-pulley-08.jpg | /assets/products/magnetic-head-pulley/magnetic-head-pulley-12.png | /assets/products/magnetic-head-pulley/magnetic-head-pulley-11.jpg | /assets/products/magnetic-head-pulley/magnetic-head-pulley-14.jpg | /assets/products/magnetic-head-pulley/magnetic-head-pulley-13.png","","Magnetic Head Pulley also know as magnetic roller is a reliable solution for the continuous extraction of ferrous metals from a product stream. Magnetic pulley or magnetic roller are installed as a replacement head pulley at the discharge end of a conveyor to","None found in static product record","Metal Recycling | mining | recycling | cement | food | ore | metal recycling","To be confirmed from project material and current technical record","To be confirmed from process layout","Existing source content requires technical review before use","Technical values beyond model reference: confirm from current datasheet or supplier record","docs/product-content/competitor-research.md","detail-template-live / technical review needed","published"
"permanent-overband-magnetic-separator","permanent-overband-magnetic-separator","en","/en/products/permanent-overband-magnetic-separator","/en/products/permanent-overband-magnetic-separator","permanent-overband-magnetic-separator","Permanent Overband Magnetic Separator","Permanent Overband Magnetic Separator","Metal Detection & Recycling Sorting","suspended","QJRCY-HL | QJRCY-KL | QJRCY-L | QJRCY-PL","Metal Detection & Recycling Sorting","/assets/products/permanent-overband-magnetic-separator/permanent-overband-magnetic-separator-01.jpg | /assets/products/permanent-overband-magnetic-separator/permanent-overband-magnetic-separator-01.jpg | /assets/products/permanent-overband-magnetic-separator/permanent-overband-magnetic-separator-03.jpg | /assets/products/permanent-overband-magnetic-separator/permanent-overband-magnetic-separator-02.jpg | /assets/products/permanent-overband-magnetic-separator/permanent-overband-magnetic-separator-04.jpg | /assets/products/permanent-overband-magnetic-separator/permanent-overband-magnetic-separator-05.jpg | /assets/products/permanent-overband-magnetic-separator/permanent-overband-magnetic-separator-06.jpg | /assets/products/permanent-overband-magnetic-separator/permanent-overband-magnetic-separator-07.jpg | /assets/products/permanent-overband-magnetic-separator/permanent-overband-magnetic-separator-08.jpg | /assets/products/permanent-overband-magnetic-separator/permanent-overband-magnetic-separator-09.jpg | /assets/products/permanent-overband-magnetic-separator/permanent-overband-magnetic-separator-10.jpg | /assets/products/permanent-overband-magnetic-separator/permanent-overband-magnetic-separator-11.jpg | /assets/products/permanent-overband-magnetic-separator/permanent-overband-magnetic-separator-12.jpg | /assets/products/permanent-overband-magnetic-separator/permanent-overband-magnetic-separator-13.jpg | /assets/products/permanent-overband-magnetic-separator/permanent-overband-magnetic-separator-14.jpg | /assets/products/permanent-overband-magnetic-separator/permanent-overband-magnetic-separator-15.jpg | /assets/products/permanent-overband-magnetic-separator/permanent-overband-magnetic-separator-16.jpg | /assets/products/permanent-overband-magnetic-separator/permanent-overband-magnetic-separator-18.jpg | /assets/products/permanent-overband-magnetic-separator/permanent-overband-magnetic-separator-17.jpg | /assets/products/permanent-overband-magnetic-separator/permanent-overband-magnetic-separator-19.jpg | /assets/products/permanent-overband-magnetic-separator/permanent-overband-magnetic-separator-20.jpg | /assets/products/permanent-overband-magnetic-separator/permanent-overband-magnetic-separator-21.jpg | /assets/products/permanent-overband-magnetic-separator/permanent-overband-magnetic-separator-22.jpg | /assets/products/permanent-overband-magnetic-separator/permanent-overband-magnetic-separator-23.jpg | /assets/products/permanent-overband-magnetic-separator/permanent-overband-magnetic-separator-26.jpg | /assets/products/permanent-overband-magnetic-separator/permanent-overband-magnetic-separator-24.jpg | /assets/products/permanent-overband-magnetic-separator/permanent-overband-magnetic-separator-25.jpg","Model: QJRCY-HL | Model: QJRCY-KL | Model: QJRCY-L | Model: QJRCY-PL | Cross Belt Position: Inline Position","QJRCY-L Permanent Overband Magnetic Separator also known as Cross Belt Magnetic Separator or Cross Belt Magnet designed with strong and stable magnetic strength equipped with a continuously discharge running belt, is used for pulling out tramp iron from belt","None found in static product record","Metal Recycling | mining | recycling | coal | food | wood | ore | metal recycling","To be confirmed from project material and current technical record","To be confirmed from process layout","Existing source content requires technical review before use","Technical source review required before display","docs/product-content/competitor-research.md","detail-template-live / technical review needed","published"
"stainless-steel-separation-conveyor","stainless-steel-separation-conveyor","en","/en/products/stainless-steel-separation-conveyor","/en/products/stainless-steel-separation-conveyor","stainless-steel-separation-conveyor","Stainless Steel Separation Conveyor","Stainless Steel Separation Conveyor","Metal Detection & Recycling Sorting","recycling-sorting","ASR | CHNMAG | ICW | QJSS | VFD | WEEE","Metal Detection & Recycling Sorting","/assets/products/stainless-steel-separation-conveyor/stainless-steel-separation-conveyor-01.png | /assets/products/stainless-steel-separation-conveyor/stainless-steel-separation-conveyor-01.png | /assets/products/stainless-steel-separation-conveyor/stainless-steel-separation-conveyor-03.jpg | /assets/products/stainless-steel-separation-conveyor/stainless-steel-separation-conveyor-02.png | /assets/products/stainless-steel-separation-conveyor/stainless-steel-separation-conveyor-04.jpg | /assets/products/stainless-steel-separation-conveyor/stainless-steel-separation-conveyor-06.jpg | /assets/products/stainless-steel-separation-conveyor/stainless-steel-separation-conveyor-05.jpg | /assets/products/stainless-steel-separation-conveyor/stainless-steel-separation-conveyor-07.jpg | /assets/products/stainless-steel-separation-conveyor/stainless-steel-separation-conveyor-08.jpg | /assets/products/stainless-steel-separation-conveyor/stainless-steel-separation-conveyor-11.jpg | /assets/products/stainless-steel-separation-conveyor/stainless-steel-separation-conveyor-10.jpg | /assets/products/stainless-steel-separation-conveyor/stainless-steel-separation-conveyor-09.jpg | /assets/products/stainless-steel-separation-conveyor/stainless-steel-separation-conveyor-13.jpg | /assets/products/stainless-steel-separation-conveyor/stainless-steel-separation-conveyor-12.jpg | /assets/products/stainless-steel-separation-conveyor/stainless-steel-separation-conveyor-14.jpg | /assets/products/stainless-steel-separation-conveyor/stainless-steel-separation-conveyor-15.jpg | /assets/products/stainless-steel-separation-conveyor/stainless-steel-separation-conveyor-16.jpg","Model: ASR | Model: CHNMAG | Model: ICW | Model: QJSS | Model: VFD | Model: WEEE","CHNMAG QJSS Stainless steel separation conveyor is used for sorting out stainless steel or other weak magnetic materials after the separation process of primary magnetic separation and eddy current separation.","None found in static product record","Metal Recycling | mining | recycling | food | ore | metal recycling","To be confirmed from project material and current technical record","To be confirmed from process layout","Existing source content requires technical review before use","Technical values beyond model reference: confirm from current datasheet or supplier record","docs/product-content/competitor-research.md","detail-template-live / technical review needed","published"
"cbs-drawer-type-magnetic-filter","cbs-drawer-type-magnetic-filter","en","/en/products/cbs-drawer-type-magnetic-filter","/en/products/cbs-drawer-type-magnetic-filter","cbs-drawer-type-magnetic-filter","CBS drawer type magnetic filter","CBS drawer type magnetic filter","Magnetic Components & Filters","filtering","CBS","Magnetic Components & Filters","/assets/products/cbs-drawer-type-magnetic-filter/cbs-drawer-type-magnetic-filter-01.jpg | /assets/products/cbs-drawer-type-magnetic-filter/cbs-drawer-type-magnetic-filter-01.jpg | /assets/products/cbs-drawer-type-magnetic-filter/cbs-drawer-type-magnetic-filter-02.png | /assets/products/cbs-drawer-type-magnetic-filter/cbs-drawer-type-magnetic-filter-07.png | /assets/products/cbs-drawer-type-magnetic-filter/cbs-drawer-type-magnetic-filter-03.png | /assets/products/cbs-drawer-type-magnetic-filter/cbs-drawer-type-magnetic-filter-09.jpg | /assets/products/cbs-drawer-type-magnetic-filter/cbs-drawer-type-magnetic-filter-08.jpg | /assets/products/cbs-drawer-type-magnetic-filter/cbs-drawer-type-magnetic-filter-04.png | /assets/products/cbs-drawer-type-magnetic-filter/cbs-drawer-type-magnetic-filter-10.png | /assets/products/cbs-drawer-type-magnetic-filter/cbs-drawer-type-magnetic-filter-11.png | /assets/products/cbs-drawer-type-magnetic-filter/cbs-drawer-type-magnetic-filter-06.png | /assets/products/cbs-drawer-type-magnetic-filter/cbs-drawer-type-magnetic-filter-05.png | /assets/products/cbs-drawer-type-magnetic-filter/cbs-drawer-type-magnetic-filter-12.png","Installation position: The pipeline body for free fall and vertical material transportation is connected in series. | Application industries: Food industry, chemical industry, pharmaceutical industry, plastic industry, wood industry, recycling industry, packaging industry, quartz sand iron removal, potassium feldspar iron removal, mica iron removal, micro powder iron removal, fly ash iron removal, and all 10-500 mesh fine powder materials for iron removal. | Standard caliber (mm): 80, 100, 120, 150, 200, 250, 300, 350, 400, 450, | Unloading method: manual clearing. | Model: CBS","product overview： 1、 Explanation CBS drawer type magnetic filters are mainly used in highly sensitive applications such as food, pharmaceuticals, chemistry, quartz sand, ceramics, etc. Its strong and wear-resistant casing is made of rust proof stainless steel.","None found in static product record","Metal detection and separation equipment for the food, pharmaceutical, and chemical industries | Non metallic industry magnetic separation equipment | ceramic | chemical | food | pharmaceutical | recycling | wood","To be confirmed from project material and current technical record","To be confirmed from process layout","Existing source content requires technical review before use","Technical source review required before display","docs/product-content/competitor-research.md","detail-template-live / technical review needed","published"
"clc-type-wet-slot-magnetic-filter","clc-type-wet-slot-magnetic-filter","en","/en/products/clc-type-wet-slot-magnetic-filter","/en/products/clc-type-wet-slot-magnetic-filter","clc-type-wet-slot-magnetic-filter","CLC type wet slot magnetic filter","CLC type wet slot magnetic filter","Magnetic Components & Filters","filtering","CLC | SUS304","Magnetic Components & Filters","/assets/products/clc-type-wet-slot-magnetic-filter/clc-type-wet-slot-magnetic-filter-01.jpg | /assets/products/clc-type-wet-slot-magnetic-filter/clc-type-wet-slot-magnetic-filter-01.jpg | /assets/products/clc-type-wet-slot-magnetic-filter/clc-type-wet-slot-magnetic-filter-02.png | /assets/products/clc-type-wet-slot-magnetic-filter/clc-type-wet-slot-magnetic-filter-04.png | /assets/products/clc-type-wet-slot-magnetic-filter/clc-type-wet-slot-magnetic-filter-03.png | /assets/products/clc-type-wet-slot-magnetic-filter/clc-type-wet-slot-magnetic-filter-06.jpg | /assets/products/clc-type-wet-slot-magnetic-filter/clc-type-wet-slot-magnetic-filter-05.jpg","Model: CLC | Model: SUS304","product overview： 1、 Explanation CLC slot type magnetic filter is suitable for removing iron from slotted liquids and slurries, and is used to remove ferromagnetic impurities in liquids and slurries. It is widely used in industries such as ceramics, power,","None found in static product record","Metal detection and separation equipment for the food, pharmaceutical, and chemical industries | mining | food | pharmaceutical | chemical | ceramic | ore","To be confirmed from project material and current technical record","To be confirmed from process layout","Existing source content requires technical review before use","Technical values beyond model reference: confirm from current datasheet or supplier record","docs/product-content/competitor-research.md","detail-template-live / technical review needed","published"
"ctq-type-roller-automatic-magnetic-separator","ctq-type-roller-automatic-magnetic-separator","en","/en/products/ctq-type-roller-automatic-magnetic-separator","/en/products/ctq-type-roller-automatic-magnetic-separator","ctq-type-roller-automatic-magnetic-separator","CTQ type roller automatic magnetic separator","CTQ type roller automatic magnetic separator","Magnetic Components & Filters","filtering","","Magnetic Components & Filters","/assets/products/ctq-type-roller-automatic-magnetic-separator/ctq-type-roller-automatic-magnetic-separator-01.jpg | /assets/products/ctq-type-roller-automatic-magnetic-separator/ctq-type-roller-automatic-magnetic-separator-01.jpg | /assets/products/ctq-type-roller-automatic-magnetic-separator/ctq-type-roller-automatic-magnetic-separator-02.png | /assets/products/ctq-type-roller-automatic-magnetic-separator/ctq-type-roller-automatic-magnetic-separator-06.png | /assets/products/ctq-type-roller-automatic-magnetic-separator/ctq-type-roller-automatic-magnetic-separator-04.png | /assets/products/ctq-type-roller-automatic-magnetic-separator/ctq-type-roller-automatic-magnetic-separator-03.png | /assets/products/ctq-type-roller-automatic-magnetic-separator/ctq-type-roller-automatic-magnetic-separator-07.jpg | /assets/products/ctq-type-roller-automatic-magnetic-separator/ctq-type-roller-automatic-magnetic-separator-09.png | /assets/products/ctq-type-roller-automatic-magnetic-separator/ctq-type-roller-automatic-magnetic-separator-08.jpg | /assets/products/ctq-type-roller-automatic-magnetic-separator/ctq-type-roller-automatic-magnetic-separator-10.png | /assets/products/ctq-type-roller-automatic-magnetic-separator/ctq-type-roller-automatic-magnetic-separator-05.png | /assets/products/ctq-type-roller-automatic-magnetic-separator/ctq-type-roller-automatic-magnetic-separator-11.png","","product overview： 1、 Explanation Adopting a new type of special rare earth permanent magnet material, it has ultra-high magnetic field strength and high magnetic field gradient. The number of magnetic rollers can be customized to 1-10 according to customer","None found in static product record","Metal detection and separation equipment for the food, pharmaceutical, and chemical industries | Non metallic industry magnetic separation equipment | mineral | ore","To be confirmed from project material and current technical record","To be confirmed from process layout","Existing source content requires technical review before use","Technical values beyond model reference: confirm from current datasheet or supplier record","docs/product-content/competitor-research.md","detail-template-live / technical review needed","published"
"cyg-wet-pipeline-magnetic-filter","cyg-wet-pipeline-magnetic-filter","en","/en/products/cyg-wet-pipeline-magnetic-filter","/en/products/cyg-wet-pipeline-magnetic-filter","cyg-wet-pipeline-magnetic-filter","CYG wet pipeline magnetic filter","CYG wet pipeline magnetic filter","Magnetic Components & Filters","filtering","CYG | SUS304","Magnetic Components & Filters","/assets/products/cyg-wet-pipeline-magnetic-filter/cyg-wet-pipeline-magnetic-filter-01.jpg | /assets/products/cyg-wet-pipeline-magnetic-filter/cyg-wet-pipeline-magnetic-filter-01.jpg | /assets/products/cyg-wet-pipeline-magnetic-filter/cyg-wet-pipeline-magnetic-filter-02.png | /assets/products/cyg-wet-pipeline-magnetic-filter/cyg-wet-pipeline-magnetic-filter-03.png | /assets/products/cyg-wet-pipeline-magnetic-filter/cyg-wet-pipeline-magnetic-filter-07.png | /assets/products/cyg-wet-pipeline-magnetic-filter/cyg-wet-pipeline-magnetic-filter-06.png | /assets/products/cyg-wet-pipeline-magnetic-filter/cyg-wet-pipeline-magnetic-filter-08.jpg | /assets/products/cyg-wet-pipeline-magnetic-filter/cyg-wet-pipeline-magnetic-filter-05.png | /assets/products/cyg-wet-pipeline-magnetic-filter/cyg-wet-pipeline-magnetic-filter-04.png | /assets/products/cyg-wet-pipeline-magnetic-filter/cyg-wet-pipeline-magnetic-filter-09.jpg","Installation method: Connect horizontally or vertically with the material pipeline. | Standard caliber (mm): 50, 80, 100, 120, 150, 200, 250, 300, 350, 400, 450, | Unloading method: manual clearing. | Material: SUS304 stainless steel. There are two types of interface methods | Model: CYG | Model: SUS304","product overview： 1、 Explanation The CYG wet pipeline magnetic filter is suitable for removing small ferromagnetic metal particles from various liquid and paste products. The powerful magnetism can even remove low magnetic iron impurities from the product","None found in static product record","Metal detection and separation equipment for the food, pharmaceutical, and chemical industries | Non metallic industry magnetic separation equipment | ceramic | chemical | food | ore | pharmaceutical","To be confirmed from project material and current technical record","To be confirmed from process layout","Existing source content requires technical review before use","Technical source review required before display","docs/product-content/competitor-research.md","detail-template-live / technical review needed","published"
"rcyz-type-pipeline-magnetic-filter","rcyz-type-pipeline-magnetic-filter","en","/en/products/rcyz-type-pipeline-magnetic-filter","/en/products/rcyz-type-pipeline-magnetic-filter","rcyz-type-pipeline-magnetic-filter","RCYZ type pipeline magnetic filter","RCYZ type pipeline magnetic filter","Magnetic Components & Filters","filtering","RCYZ","Magnetic Components & Filters","/assets/products/rcyz-type-pipeline-magnetic-filter/rcyz-type-pipeline-magnetic-filter-01.jpg | /assets/products/rcyz-type-pipeline-magnetic-filter/rcyz-type-pipeline-magnetic-filter-01.jpg | /assets/products/rcyz-type-pipeline-magnetic-filter/rcyz-type-pipeline-magnetic-filter-02.png | /assets/products/rcyz-type-pipeline-magnetic-filter/rcyz-type-pipeline-magnetic-filter-06.png | /assets/products/rcyz-type-pipeline-magnetic-filter/rcyz-type-pipeline-magnetic-filter-03.png | /assets/products/rcyz-type-pipeline-magnetic-filter/rcyz-type-pipeline-magnetic-filter-04.png | /assets/products/rcyz-type-pipeline-magnetic-filter/rcyz-type-pipeline-magnetic-filter-08.jpg | /assets/products/rcyz-type-pipeline-magnetic-filter/rcyz-type-pipeline-magnetic-filter-05.png | /assets/products/rcyz-type-pipeline-magnetic-filter/rcyz-type-pipeline-magnetic-filter-07.jpg","Model: RCYZ","product overview： 1、 Explanation The RCYZ vertical pipeline permanent magnet iron remover is an energy-saving device that uses permanent magnet materials to generate a strong magnetic field attraction. The interior is composed of a ring-shaped magnetic system","None found in static product record","Metal detection and separation equipment for the food, pharmaceutical, and chemical industries | cement | food | chemical | ceramic","To be confirmed from project material and current technical record","To be confirmed from process layout","Existing source content requires technical review before use","Technical values beyond model reference: confirm from current datasheet or supplier record","docs/product-content/competitor-research.md","detail-template-live / technical review needed","published"
"clc-type-slot-magnetic-filter","clc-type-slot-magnetic-filter","en","/en/products/clc-type-slot-magnetic-filter","/en/products/clc-type-slot-magnetic-filter","clc-type-slot-magnetic-filter","CLC type slot magnetic filter","CLC type slot magnetic filter","Magnetic Components & Filters","filtering","CLC | SUS304","Magnetic Components & Filters","/assets/products/clc-type-slot-magnetic-filter/clc-type-slot-magnetic-filter-01.jpg | /assets/products/clc-type-slot-magnetic-filter/clc-type-slot-magnetic-filter-01.jpg | /assets/products/clc-type-slot-magnetic-filter/clc-type-slot-magnetic-filter-02.png | /assets/products/clc-type-slot-magnetic-filter/clc-type-slot-magnetic-filter-03.png | /assets/products/clc-type-slot-magnetic-filter/clc-type-slot-magnetic-filter-05.png | /assets/products/clc-type-slot-magnetic-filter/clc-type-slot-magnetic-filter-04.png | /assets/products/clc-type-slot-magnetic-filter/clc-type-slot-magnetic-filter-07.jpg | /assets/products/clc-type-slot-magnetic-filter/clc-type-slot-magnetic-filter-06.jpg","Model: CLC | Model: SUS304","product overview： 1、 Explanation CLC slot type magnetic filter is suitable for removing iron from slotted liquids and slurries, and is used to remove ferromagnetic impurities in liquids and slurries. It is widely used in industries such as ceramics, power,","None found in static product record","Non metallic industry magnetic separation equipment | mining | food | pharmaceutical | chemical | ceramic | ore","To be confirmed from project material and current technical record","To be confirmed from process layout","Existing source content requires technical review before use","Technical values beyond model reference: confirm from current datasheet or supplier record","docs/product-content/competitor-research.md","detail-template-live / technical review needed","published"
"dhd-type-roller-type-automatic-magnetic-separator","dhd-type-roller-type-automatic-magnetic-separator","en","/en/products/dhd-type-roller-type-automatic-magnetic-separator","/en/products/dhd-type-roller-type-automatic-magnetic-separator","dhd-type-roller-type-automatic-magnetic-separator","DHD type roller type automatic magnetic separator","DHD type roller type automatic magnetic separator","Magnetic Components & Filters","filtering","DHD","Magnetic Components & Filters","/assets/products/dhd-type-roller-type-automatic-magnetic-separator/dhd-type-roller-type-automatic-magnetic-separator-01.jpg | /assets/products/dhd-type-roller-type-automatic-magnetic-separator/dhd-type-roller-type-automatic-magnetic-separator-01.jpg | /assets/products/dhd-type-roller-type-automatic-magnetic-separator/dhd-type-roller-type-automatic-magnetic-separator-04.png | /assets/products/dhd-type-roller-type-automatic-magnetic-separator/dhd-type-roller-type-automatic-magnetic-separator-06.png | /assets/products/dhd-type-roller-type-automatic-magnetic-separator/dhd-type-roller-type-automatic-magnetic-separator-02.png | /assets/products/dhd-type-roller-type-automatic-magnetic-separator/dhd-type-roller-type-automatic-magnetic-separator-08.jpg | /assets/products/dhd-type-roller-type-automatic-magnetic-separator/dhd-type-roller-type-automatic-magnetic-separator-03.png | /assets/products/dhd-type-roller-type-automatic-magnetic-separator/dhd-type-roller-type-automatic-magnetic-separator-07.jpg | /assets/products/dhd-type-roller-type-automatic-magnetic-separator/dhd-type-roller-type-automatic-magnetic-separator-05.png","Model: DHD","product overview： 1、 Explanation The magnetic system of the DHD type roller type automatic magnetic separator has been specially designed and belongs to the permanent magnet local semi closed magnetic system structure; The magnetic induction intensity is high","None found in static product record","Non metallic industry magnetic separation equipment | ore | mineral","To be confirmed from project material and current technical record","To be confirmed from process layout","Existing source content requires technical review before use","Technical values beyond model reference: confirm from current datasheet or supplier record","docs/product-content/competitor-research.md","detail-template-live / technical review needed","published"
"dhj-type-strong-roller-automatic-magnetic-separator","dhj-type-strong-roller-automatic-magnetic-separator","en","/en/products/dhj-type-strong-roller-automatic-magnetic-separator","/en/products/dhj-type-strong-roller-automatic-magnetic-separator","dhj-type-strong-roller-automatic-magnetic-separator","DHJ type strong roller automatic magnetic separator","DHJ type strong roller automatic magnetic separator","Magnetic Components & Filters","filtering","DHJ","Magnetic Components & Filters","/assets/products/dhj-type-strong-roller-automatic-magnetic-separator/dhj-type-strong-roller-automatic-magnetic-separator-01.jpg | /assets/products/dhj-type-strong-roller-automatic-magnetic-separator/dhj-type-strong-roller-automatic-magnetic-separator-01.jpg | /assets/products/dhj-type-strong-roller-automatic-magnetic-separator/dhj-type-strong-roller-automatic-magnetic-separator-02.png | /assets/products/dhj-type-strong-roller-automatic-magnetic-separator/dhj-type-strong-roller-automatic-magnetic-separator-03.png | /assets/products/dhj-type-strong-roller-automatic-magnetic-separator/dhj-type-strong-roller-automatic-magnetic-separator-06.png | /assets/products/dhj-type-strong-roller-automatic-magnetic-separator/dhj-type-strong-roller-automatic-magnetic-separator-04.png | /assets/products/dhj-type-strong-roller-automatic-magnetic-separator/dhj-type-strong-roller-automatic-magnetic-separator-08.jpg | /assets/products/dhj-type-strong-roller-automatic-magnetic-separator/dhj-type-strong-roller-automatic-magnetic-separator-05.png | /assets/products/dhj-type-strong-roller-automatic-magnetic-separator/dhj-type-strong-roller-automatic-magnetic-separator-07.jpg","Model: DHJ","product overview： 1、 Explanation The DHJ type strong roller automatic magnetic separator is a new type of dry sorting equipment independently developed by our company based on years of market experience. 1-10 layer structures can be produced according to","None found in static product record","Non metallic industry magnetic separation equipment | ore | mineral","To be confirmed from project material and current technical record","To be confirmed from process layout","Existing source content requires technical review before use","Technical values beyond model reference: confirm from current datasheet or supplier record","docs/product-content/competitor-research.md","detail-template-live / technical review needed","published"
"qcg-wet-roller-magnetic-separator","qcg-wet-roller-magnetic-separator","en","/en/products/qcg-wet-roller-magnetic-separator","/en/products/qcg-wet-roller-magnetic-separator","qcg-wet-roller-magnetic-separator","QCG wet roller magnetic separator","QCG wet roller magnetic separator","Magnetic Components & Filters","filtering","QCG","Magnetic Components & Filters","/assets/products/qcg-wet-roller-magnetic-separator/qcg-wet-roller-magnetic-separator-01.jpg | /assets/products/qcg-wet-roller-magnetic-separator/qcg-wet-roller-magnetic-separator-01.jpg | /assets/products/qcg-wet-roller-magnetic-separator/qcg-wet-roller-magnetic-separator-04.png | /assets/products/qcg-wet-roller-magnetic-separator/qcg-wet-roller-magnetic-separator-02.png | /assets/products/qcg-wet-roller-magnetic-separator/qcg-wet-roller-magnetic-separator-09.jpg | /assets/products/qcg-wet-roller-magnetic-separator/qcg-wet-roller-magnetic-separator-07.png | /assets/products/qcg-wet-roller-magnetic-separator/qcg-wet-roller-magnetic-separator-03.png | /assets/products/qcg-wet-roller-magnetic-separator/qcg-wet-roller-magnetic-separator-05.png | /assets/products/qcg-wet-roller-magnetic-separator/qcg-wet-roller-magnetic-separator-08.jpg | /assets/products/qcg-wet-roller-magnetic-separator/qcg-wet-roller-magnetic-separator-06.png","Model: QCG","product overview： 1、 Explanation The QCG wet roller magnetic separator is a combination model developed by our company based on years of experience and customer on-site requirements. It can achieve multiple structures or combinations of different magnetic","None found in static product record","Non metallic industry magnetic separation equipment | ore | mineral","To be confirmed from project material and current technical record","To be confirmed from process layout","Existing source content requires technical review before use","Technical values beyond model reference: confirm from current datasheet or supplier record","docs/product-content/competitor-research.md","detail-template-live / technical review needed","published"
"drawer-magnet","drawer-magnet","en","/en/products/drawer-magnet","/en/products/drawer-magnet","drawer-magnet","Drawer Magnet","Drawer Magnet","Magnetic Components & Filters","filtering","SS304 | SS316","Magnetic Components & Filters","/assets/products/drawer-magnet/drawer-magnet-01.png | /assets/products/drawer-magnet/drawer-magnet-01.png | /assets/products/drawer-magnet/drawer-magnet-02.jpg | /assets/products/drawer-magnet/drawer-magnet-04.jpg | /assets/products/drawer-magnet/drawer-magnet-03.jpg | /assets/products/drawer-magnet/drawer-magnet-05.jpg | /assets/products/drawer-magnet/drawer-magnet-06.jpg | /assets/products/drawer-magnet/drawer-magnet-07.jpg | /assets/products/drawer-magnet/drawer-magnet-08.png","Model: SS304 | Model: SS316","Drawer magnets are designed for efficient fine iron and ferromagnetic contamination removing from a range of dry free flowing powder,scrap.granule product such as sugar, grain, tea, etc. They are widely used in field of ceramics, chemicals,","None found in static product record","Food Industry | mining | recycling | food | chemical | ceramic | ore | metal recycling","To be confirmed from project material and current technical record","To be confirmed from process layout","Existing source content requires technical review before use","Technical values beyond model reference: confirm from current datasheet or supplier record","docs/product-content/competitor-research.md","sample-approved / ready for deployment","published"
"hump-magnet","hump-magnet","en","/en/products/hump-magnet","/en/products/hump-magnet","hump-magnet","Hump Magnet","Hump Magnet","Magnetic Components & Filters","filtering","","Magnetic Components & Filters","/assets/products/hump-magnet/hump-magnet-01.png | /assets/products/hump-magnet/hump-magnet-01.png | /assets/products/hump-magnet/hump-magnet-02.jpg | /assets/products/hump-magnet/hump-magnet-03.jpg | /assets/products/hump-magnet/hump-magnet-04.jpg | /assets/products/hump-magnet/hump-magnet-05.jpg | /assets/products/hump-magnet/hump-magnet-06.jpg | /assets/products/hump-magnet/hump-magnet-08.png | /assets/products/hump-magnet/hump-magnet-07.jpg","","Hump Magnets are used to remove large pieces of tramp iron as well as ferrous fragments from gravity-flow materials or material flow activated by wind in enclosed flow lines before they reach storage bins or processing equipment. They can be mounted in","None found in static product record","Food Industry | mining | recycling | food | ore | metal recycling","To be confirmed from project material and current technical record","To be confirmed from process layout","Existing source content requires technical review before use","Technical values beyond model reference: confirm from current datasheet or supplier record","docs/product-content/competitor-research.md","detail-template-live / technical review needed","published"
"magnetic-grid","magnetic-grid","en","/en/products/magnetic-grid","/en/products/magnetic-grid","magnetic-grid","Magnetic Grid","Magnetic Grid","Magnetic Components & Filters","filtering","","Magnetic Components & Filters","/assets/products/magnetic-grid/magnetic-grid-01.png | /assets/products/magnetic-grid/magnetic-grid-01.png | /assets/products/magnetic-grid/magnetic-grid-02.jpg | /assets/products/magnetic-grid/magnetic-grid-03.jpg | /assets/products/magnetic-grid/magnetic-grid-04.jpg | /assets/products/magnetic-grid/magnetic-grid-05.jpg | /assets/products/magnetic-grid/magnetic-grid-08.png | /assets/products/magnetic-grid/magnetic-grid-06.jpg | /assets/products/magnetic-grid/magnetic-grid-07.jpg","","Magnetic Grate is installed or simply laid-inside of hoppers, housings, and bins to trap and hold ferrous fines, fragments,and small metal objects. Please be aware these grates are built for low-abrasion materials.","None found in static product record","Food Industry | mining | recycling | food | ore | metal recycling","To be confirmed from project material and current technical record","To be confirmed from process layout","Existing source content requires technical review before use","Technical values beyond model reference: confirm from current datasheet or supplier record","docs/product-content/competitor-research.md","detail-template-live / technical review needed","published"
"magnetic-rod","magnetic-rod","en","/en/products/magnetic-rod","/en/products/magnetic-rod","magnetic-rod","Magnetic Rod","Magnetic Rod","Magnetic Components & Filters","filtering","","Magnetic Components & Filters","/assets/products/magnetic-rod/magnetic-rod-01.png | /assets/products/magnetic-rod/magnetic-rod-01.png | /assets/products/magnetic-rod/magnetic-rod-02.jpg | /assets/products/magnetic-rod/magnetic-rod-08.png | /assets/products/magnetic-rod/magnetic-rod-03.jpg | /assets/products/magnetic-rod/magnetic-rod-05.jpg | /assets/products/magnetic-rod/magnetic-rod-04.jpg | /assets/products/magnetic-rod/magnetic-rod-07.jpg | /assets/products/magnetic-rod/magnetic-rod-06.jpg","","Magnetic bars are the main part of different magnetic grate separators. They can effectively remove ferrous chips and metal particles from loosely packed, free flowing materials.","None found in static product record","Food Industry | mining | recycling | food | ore | metal recycling","To be confirmed from project material and current technical record","To be confirmed from process layout","Existing source content requires technical review before use","Technical values beyond model reference: confirm from current datasheet or supplier record","docs/product-content/competitor-research.md","detail-template-live / technical review needed","published"
"magnetic-trap","magnetic-trap","en","/en/products/magnetic-trap","/en/products/magnetic-trap","magnetic-trap","Magnetic Trap","Magnetic Trap","Magnetic Components & Filters","filtering","","Magnetic Components & Filters","/assets/products/magnetic-trap/magnetic-trap-01.png | /assets/products/magnetic-trap/magnetic-trap-01.png | /assets/products/magnetic-trap/magnetic-trap-02.jpg | /assets/products/magnetic-trap/magnetic-trap-08.png | /assets/products/magnetic-trap/magnetic-trap-04.jpg | /assets/products/magnetic-trap/magnetic-trap-03.jpg | /assets/products/magnetic-trap/magnetic-trap-05.jpg | /assets/products/magnetic-trap/magnetic-trap-06.jpg | /assets/products/magnetic-trap/magnetic-trap-07.jpg","","Magnetic Liquid Traps or Magnetic Liquid Filters are designed for liquid or semi-liquid flow systems to remove ferrous contamination from liquid with different viscosity level. They preserve product purity by removing small contaminants , provide magnetic","None found in static product record","Food Industry | mining | recycling | food | ore | metal recycling","To be confirmed from project material and current technical record","To be confirmed from process layout","Existing source content requires technical review before use","Technical values beyond model reference: confirm from current datasheet or supplier record","docs/product-content/competitor-research.md","detail-template-live / technical review needed","published"
"rotary-pipe-magnet","rotary-pipe-magnet","en","/en/products/rotary-pipe-magnet","/en/products/rotary-pipe-magnet","rotary-pipe-magnet","Rotary Pipe Magnet","Rotary Pipe Magnet","Magnetic Components & Filters","filtering","","Magnetic Components & Filters","/assets/products/rotary-pipe-magnet/rotary-pipe-magnet-01.png | /assets/products/rotary-pipe-magnet/rotary-pipe-magnet-01.png | /assets/products/rotary-pipe-magnet/rotary-pipe-magnet-02.jpg | /assets/products/rotary-pipe-magnet/rotary-pipe-magnet-03.jpg | /assets/products/rotary-pipe-magnet/rotary-pipe-magnet-04.jpg | /assets/products/rotary-pipe-magnet/rotary-pipe-magnet-05.jpg | /assets/products/rotary-pipe-magnet/rotary-pipe-magnet-08.png | /assets/products/rotary-pipe-magnet/rotary-pipe-magnet-06.jpg | /assets/products/rotary-pipe-magnet/rotary-pipe-magnet-07.jpg","","Suitable for removing iron scrap or micro ferromagnetic contamination from powder or granule materials, especially from high viscosity or poor fluidity materials that is prone to caking or bridging. Rotary grate magnetic separators are widely used in building","None found in static product record","Food Industry | mining | recycling | coal | food | chemical | ore | metal recycling","To be confirmed from project material and current technical record","To be confirmed from process layout","Existing source content requires technical review before use","Technical values beyond model reference: confirm from current datasheet or supplier record","docs/product-content/competitor-research.md","sample-approved / ready for deployment","published"
"permanent-filter-bar-magnetic-neodymium-rod","permanent-filter-bar-magnetic-neodymium-rod","en","/en/products/permanent-filter-bar-magnetic-neodymium-rod","/en/products/permanent-filter-bar-magnetic-neodymium-rod","permanent-filter-bar-magnetic-neodymium-rod","Strong 6000-16000 Gauss Iron Absorbing Permanent Filter Bar Magnetic Neodymium Rod","Strong 6000-16000 Gauss Iron Absorbing Permanent Filter Bar Magnetic Neodymium Rod","Magnetic Components & Filters","filtering","","Magnetic Components & Filters","/assets/products/permanent-filter-bar-magnetic-rod.webp | /assets/products/permanent-filter-bar-magnetic-rod.webp","Magnetic Strength: 6000-16000 Gauss | Magnet Material: Neodymium iron boron | Tube Material: 304 or 316L stainless steel | Applications: Powder, granule, liquid, hopper, chute and filter systems","High-gauss magnetic rods used to capture fine ferrous contamination in material flow and filtration systems.","None found in static product record","Powder | granule | liquid filtration | hopper and chute protection | Magnetic Rollers & Magnetic Bars","To be confirmed from project material and current technical record","To be confirmed from process layout","Existing source content requires technical review before use","Technical source review required before display","docs/product-content/competitor-research.md","detail-template-live / technical review needed","published"
"high-frequency-screen","high-frequency-screen","en","/en/products/high-frequency-screen","/en/products/high-frequency-screen","high-frequency-screen","High Frequency Screen","High Frequency Screen","Industry Application Equipment","suspended","","Industry Application Equipment","/assets/products/high-frequency-screen/high-frequency-screen-01.jpg | /assets/products/high-frequency-screen/high-frequency-screen-01.jpg | /assets/products/high-frequency-screen/high-frequency-screen-03.jpg | /assets/products/high-frequency-screen/high-frequency-screen-02.jpg | /assets/products/high-frequency-screen/high-frequency-screen-04.jpg | /assets/products/high-frequency-screen/high-frequency-screen-05.jpg | /assets/products/high-frequency-screen/high-frequency-screen-06.jpg | /assets/products/high-frequency-screen/high-frequency-screen-07.jpg | /assets/products/high-frequency-screen/high-frequency-screen-11.jpg | /assets/products/high-frequency-screen/high-frequency-screen-08.jpg | /assets/products/high-frequency-screen/high-frequency-screen-09.jpg | /assets/products/high-frequency-screen/high-frequency-screen-10.jpg","","High frequency screen consists of a vibrator, pulp distributor, screen frame,rack,suspension spring, mesh and other components. It has the advantages of high efficiency, small amplitude and high screening frequency, and is an effective equipment for screening","None found in static product record","Mining Industry | mining | recycling | food | ore | metal recycling","To be confirmed from project material and current technical record","To be confirmed from process layout","Existing source content requires technical review before use","Technical values beyond model reference: confirm from current datasheet or supplier record","docs/product-content/competitor-research.md","detail-template-live / technical review needed","published"
"kgla-series-rectifier-control-box","kgla-series-rectifier-control-box","en","/en/products/kgla-series-rectifier-control-box","/en/products/kgla-series-rectifier-control-box","kgla-series-rectifier-control-box","KGLA series rectifier control box","KGLA series rectifier control box","Industry Application Equipment","explosion-control","KGLA","Industry Application Equipment","/assets/products/kgla-series-rectifier-control-box/kgla-series-rectifier-control-box-01.jpg | /assets/products/kgla-series-rectifier-control-box/kgla-series-rectifier-control-box-01.jpg | /assets/products/kgla-series-rectifier-control-box/kgla-series-rectifier-control-box-02.png | /assets/products/kgla-series-rectifier-control-box/kgla-series-rectifier-control-box-05.png | /assets/products/kgla-series-rectifier-control-box/kgla-series-rectifier-control-box-03.png | /assets/products/kgla-series-rectifier-control-box/kgla-series-rectifier-control-box-04.png | /assets/products/kgla-series-rectifier-control-box/kgla-series-rectifier-control-box-07.jpg | /assets/products/kgla-series-rectifier-control-box/kgla-series-rectifier-control-box-06.jpg","Model: KGLA","product overview： 1、 Explanation The KGLA series rectifier control equipment is a small and medium-sized rectifier control cabinet designed by our company for electromagnetic, permanent magnet self dumping and other magneto electric equipment. It is divided","None found in static product record","General iron removal equipment","To be confirmed from project material and current technical record","To be confirmed from process layout","Existing source content requires technical review before use","Technical values beyond model reference: confirm from current datasheet or supplier record","docs/product-content/competitor-research.md","detail-template-live / technical review needed","published"
"kxb-mining-explosion-proof-electromagnetic-iron-remover-control-box","kxb-mining-explosion-proof-electromagnetic-iron-remover-control-box","en","/en/products/kxb-mining-explosion-proof-electromagnetic-iron-remover-control-box","/en/products/kxb-mining-explosion-proof-electromagnetic-iron-remover-control-box","kxb-mining-explosion-proof-electromagnetic-iron-remover-control-box","KXB mining explosion-proof electromagnetic iron remover control box","KXB mining explosion-proof electromagnetic iron remover control box","Industry Application Equipment","explosion-control","LCD | RS-485","Industry Application Equipment","/assets/products/kxb-mining-explosion-proof-electromagnetic-iron-remover-control-box/kxb-mining-explosion-proof-electromagnetic-iron-remover-control-box-01.jpg | /assets/products/kxb-mining-explosion-proof-electromagnetic-iron-remover-control-box/kxb-mining-explosion-proof-electromagnetic-iron-remover-control-box-01.jpg | /assets/products/kxb-mining-explosion-proof-electromagnetic-iron-remover-control-box/kxb-mining-explosion-proof-electromagnetic-iron-remover-control-box-02.png | /assets/products/kxb-mining-explosion-proof-electromagnetic-iron-remover-control-box/kxb-mining-explosion-proof-electromagnetic-iron-remover-control-box-03.png | /assets/products/kxb-mining-explosion-proof-electromagnetic-iron-remover-control-box/kxb-mining-explosion-proof-electromagnetic-iron-remover-control-box-04.png | /assets/products/kxb-mining-explosion-proof-electromagnetic-iron-remover-control-box/kxb-mining-explosion-proof-electromagnetic-iron-remover-control-box-06.png | /assets/products/kxb-mining-explosion-proof-electromagnetic-iron-remover-control-box/kxb-mining-explosion-proof-electromagnetic-iron-remover-control-box-05.png | /assets/products/kxb-mining-explosion-proof-electromagnetic-iron-remover-control-box/kxb-mining-explosion-proof-electromagnetic-iron-remover-control-box-07.jpg | /assets/products/kxb-mining-explosion-proof-electromagnetic-iron-remover-control-box/kxb-mining-explosion-proof-electromagnetic-iron-remover-control-box-08.jpg","Model: LCD | Model: RS-485","product overview： 1、Explanation: 2、 Schematic diagram 3、 Purpose: Suitable for rectification and control of mining explosion-proof electromagnetic iron remover. 4、 Scope Suitable for explosive gas environments with methane and coal dust in underground coal","None found in static product record","Coal industry iron removal and magnetic separation equipment | mining | coal","To be confirmed from project material and current technical record","To be confirmed from process layout","Existing source content requires technical review before use","Technical values beyond model reference: confirm from current datasheet or supplier record","docs/product-content/competitor-research.md","detail-template-live / technical review needed","published"
"qjz-mining-explosion-proof-permanent-magnet-iron-remover-control-box","qjz-mining-explosion-proof-permanent-magnet-iron-remover-control-box","en","/en/products/qjz-mining-explosion-proof-permanent-magnet-iron-remover-control-box","/en/products/qjz-mining-explosion-proof-permanent-magnet-iron-remover-control-box","qjz-mining-explosion-proof-permanent-magnet-iron-remover-control-box","QJZ mining explosion-proof permanent magnet iron remover control box","QJZ mining explosion-proof permanent magnet iron remover control box","Industry Application Equipment","explosion-control","","Industry Application Equipment","/assets/products/qjz-mining-explosion-proof-permanent-magnet-iron-remover-control-box/qjz-mining-explosion-proof-permanent-magnet-iron-remover-control-box-01.jpg | /assets/products/qjz-mining-explosion-proof-permanent-magnet-iron-remover-control-box/qjz-mining-explosion-proof-permanent-magnet-iron-remover-control-box-01.jpg | /assets/products/qjz-mining-explosion-proof-permanent-magnet-iron-remover-control-box/qjz-mining-explosion-proof-permanent-magnet-iron-remover-control-box-02.png | /assets/products/qjz-mining-explosion-proof-permanent-magnet-iron-remover-control-box/qjz-mining-explosion-proof-permanent-magnet-iron-remover-control-box-03.png | /assets/products/qjz-mining-explosion-proof-permanent-magnet-iron-remover-control-box/qjz-mining-explosion-proof-permanent-magnet-iron-remover-control-box-05.png | /assets/products/qjz-mining-explosion-proof-permanent-magnet-iron-remover-control-box/qjz-mining-explosion-proof-permanent-magnet-iron-remover-control-box-04.png | /assets/products/qjz-mining-explosion-proof-permanent-magnet-iron-remover-control-box/qjz-mining-explosion-proof-permanent-magnet-iron-remover-control-box-06.png | /assets/products/qjz-mining-explosion-proof-permanent-magnet-iron-remover-control-box/qjz-mining-explosion-proof-permanent-magnet-iron-remover-control-box-08.jpg | /assets/products/qjz-mining-explosion-proof-permanent-magnet-iron-remover-control-box/qjz-mining-explosion-proof-permanent-magnet-iron-remover-control-box-07.jpg","","product overview： 1、 Explanation 2、 Schematic diagram 3、 Purpose: Suitable for motor control of mining explosion-proof permanent magnet iron remover. 4、 Scope Suitable for remote and nearby control of the starting and stopping of three induction motors of","None found in static product record","Coal industry iron removal and magnetic separation equipment | mining | coal","To be confirmed from project material and current technical record","To be confirmed from process layout","Existing source content requires technical review before use","Technical values beyond model reference: confirm from current datasheet or supplier record","docs/product-content/competitor-research.md","detail-template-live / technical review needed","published"
"rbcdb-explosion-proof-disc-type-electromagnetic-iron-remover","rbcdb-explosion-proof-disc-type-electromagnetic-iron-remover","en","/en/products/rbcdb-explosion-proof-disc-type-electromagnetic-iron-remover","/en/products/rbcdb-explosion-proof-disc-type-electromagnetic-iron-remover","rbcdb-explosion-proof-disc-type-electromagnetic-iron-remover","RBCDB explosion-proof disc type electromagnetic iron remover","RBCDB explosion-proof disc type electromagnetic iron remover","Industry Application Equipment","explosion-control","RBCDB","Industry Application Equipment","/assets/products/rbcdb-explosion-proof-disc-type-electromagnetic-iron-remover/rbcdb-explosion-proof-disc-type-electromagnetic-iron-remover-01.jpg | /assets/products/rbcdb-explosion-proof-disc-type-electromagnetic-iron-remover/rbcdb-explosion-proof-disc-type-electromagnetic-iron-remover-01.jpg | /assets/products/rbcdb-explosion-proof-disc-type-electromagnetic-iron-remover/rbcdb-explosion-proof-disc-type-electromagnetic-iron-remover-02.png | /assets/products/rbcdb-explosion-proof-disc-type-electromagnetic-iron-remover/rbcdb-explosion-proof-disc-type-electromagnetic-iron-remover-03.png | /assets/products/rbcdb-explosion-proof-disc-type-electromagnetic-iron-remover/rbcdb-explosion-proof-disc-type-electromagnetic-iron-remover-04.png | /assets/products/rbcdb-explosion-proof-disc-type-electromagnetic-iron-remover/rbcdb-explosion-proof-disc-type-electromagnetic-iron-remover-05.png | /assets/products/rbcdb-explosion-proof-disc-type-electromagnetic-iron-remover/rbcdb-explosion-proof-disc-type-electromagnetic-iron-remover-06.jpg | /assets/products/rbcdb-explosion-proof-disc-type-electromagnetic-iron-remover/rbcdb-explosion-proof-disc-type-electromagnetic-iron-remover-07.jpg","Model: RBCDB","product overview： 1、 Explanation RBCDB explosion-proof disc type electromagnetic iron remover is suitable for explosive gas environments with methane components and mines with coal dust. The body adopts a natural cooling design, with small size, fast heat","None found in static product record","Coal industry iron removal and magnetic separation equipment | mining | coal | chemical","To be confirmed from project material and current technical record","To be confirmed from process layout","Existing source content requires technical review before use","Technical values beyond model reference: confirm from current datasheet or supplier record","docs/product-content/competitor-research.md","detail-template-live / technical review needed","published"
"rbcdd-explosion-proof-electromagnetic-self-dumping-iron-remover","rbcdd-explosion-proof-electromagnetic-self-dumping-iron-remover","en","/en/products/rbcdd-explosion-proof-electromagnetic-self-dumping-iron-remover","/en/products/rbcdd-explosion-proof-electromagnetic-self-dumping-iron-remover","rbcdd-explosion-proof-electromagnetic-self-dumping-iron-remover","RBCDD explosion-proof electromagnetic self dumping iron remover","RBCDD explosion-proof electromagnetic self dumping iron remover","Industry Application Equipment","explosion-control","RBCDD","Industry Application Equipment","/assets/products/rbcdd-explosion-proof-electromagnetic-self-dumping-iron-remover/rbcdd-explosion-proof-electromagnetic-self-dumping-iron-remover-01.jpg | /assets/products/rbcdd-explosion-proof-electromagnetic-self-dumping-iron-remover/rbcdd-explosion-proof-electromagnetic-self-dumping-iron-remover-01.jpg | /assets/products/rbcdd-explosion-proof-electromagnetic-self-dumping-iron-remover/rbcdd-explosion-proof-electromagnetic-self-dumping-iron-remover-02.png | /assets/products/rbcdd-explosion-proof-electromagnetic-self-dumping-iron-remover/rbcdd-explosion-proof-electromagnetic-self-dumping-iron-remover-03.png | /assets/products/rbcdd-explosion-proof-electromagnetic-self-dumping-iron-remover/rbcdd-explosion-proof-electromagnetic-self-dumping-iron-remover-06.png | /assets/products/rbcdd-explosion-proof-electromagnetic-self-dumping-iron-remover/rbcdd-explosion-proof-electromagnetic-self-dumping-iron-remover-08.jpg | /assets/products/rbcdd-explosion-proof-electromagnetic-self-dumping-iron-remover/rbcdd-explosion-proof-electromagnetic-self-dumping-iron-remover-04.png | /assets/products/rbcdd-explosion-proof-electromagnetic-self-dumping-iron-remover/rbcdd-explosion-proof-electromagnetic-self-dumping-iron-remover-07.jpg | /assets/products/rbcdd-explosion-proof-electromagnetic-self-dumping-iron-remover/rbcdd-explosion-proof-electromagnetic-self-dumping-iron-remover-05.png","Model: RBCDD","product overview： 1、 Explanation RBCDD explosion-proof self dumping electromagnetic iron remover is suitable for explosive gas environments with methane components and mines with coal dust. The body adopts a natural cooling design, with small size, fast heat","None found in static product record","Coal industry iron removal and magnetic separation equipment | mining | coal | chemical","To be confirmed from project material and current technical record","To be confirmed from process layout","Existing source content requires technical review before use","Technical values beyond model reference: confirm from current datasheet or supplier record","docs/product-content/competitor-research.md","detail-template-live / technical review needed","published"
"rbcyd-explosion-proof-permanent-magnet-self-dumping-iron-remover","rbcyd-explosion-proof-permanent-magnet-self-dumping-iron-remover","en","/en/products/rbcyd-explosion-proof-permanent-magnet-self-dumping-iron-remover","/en/products/rbcyd-explosion-proof-permanent-magnet-self-dumping-iron-remover","rbcyd-explosion-proof-permanent-magnet-self-dumping-iron-remover","RBCYD explosion-proof permanent magnet self dumping iron remover","RBCYD explosion-proof permanent magnet self dumping iron remover","Industry Application Equipment","explosion-control","RBCYD","Industry Application Equipment","/assets/products/rbcyd-explosion-proof-permanent-magnet-self-dumping-iron-remover/rbcyd-explosion-proof-permanent-magnet-self-dumping-iron-remover-01.jpg | /assets/products/rbcyd-explosion-proof-permanent-magnet-self-dumping-iron-remover/rbcyd-explosion-proof-permanent-magnet-self-dumping-iron-remover-01.jpg | /assets/products/rbcyd-explosion-proof-permanent-magnet-self-dumping-iron-remover/rbcyd-explosion-proof-permanent-magnet-self-dumping-iron-remover-02.png | /assets/products/rbcyd-explosion-proof-permanent-magnet-self-dumping-iron-remover/rbcyd-explosion-proof-permanent-magnet-self-dumping-iron-remover-04.png | /assets/products/rbcyd-explosion-proof-permanent-magnet-self-dumping-iron-remover/rbcyd-explosion-proof-permanent-magnet-self-dumping-iron-remover-03.png | /assets/products/rbcyd-explosion-proof-permanent-magnet-self-dumping-iron-remover/rbcyd-explosion-proof-permanent-magnet-self-dumping-iron-remover-07.png | /assets/products/rbcyd-explosion-proof-permanent-magnet-self-dumping-iron-remover/rbcyd-explosion-proof-permanent-magnet-self-dumping-iron-remover-06.png | /assets/products/rbcyd-explosion-proof-permanent-magnet-self-dumping-iron-remover/rbcyd-explosion-proof-permanent-magnet-self-dumping-iron-remover-05.png | /assets/products/rbcyd-explosion-proof-permanent-magnet-self-dumping-iron-remover/rbcyd-explosion-proof-permanent-magnet-self-dumping-iron-remover-09.jpg | /assets/products/rbcyd-explosion-proof-permanent-magnet-self-dumping-iron-remover/rbcyd-explosion-proof-permanent-magnet-self-dumping-iron-remover-08.jpg","Model: RBCYD","product overview： 1、 Explanation RBCYD explosion-proof permanent magnet self dumping iron remover is suitable for places with explosive gases. It is used in conjunction with conveyor belts to remove magnetic iron mixed in non-magnetic materials.","None found in static product record","Coal industry iron removal and magnetic separation equipment | mining | coal | chemical","To be confirmed from project material and current technical record","To be confirmed from process layout","Existing source content requires technical review before use","Technical values beyond model reference: confirm from current datasheet or supplier record","docs/product-content/competitor-research.md","detail-template-live / technical review needed","published"
"round-electromagnetic-lifting-magnet","round-electromagnetic-lifting-magnet","en","/en/products/round-electromagnetic-lifting-magnet","/en/products/round-electromagnetic-lifting-magnet","round-electromagnetic-lifting-magnet","Round Electromagnetic Lifting Magnet","Round Electromagnetic Lifting Magnet","Industry Application Equipment","lifting","","Industry Application Equipment","/assets/products/round-electromagnetic-lifting-magnet.webp | /assets/products/round-electromagnetic-lifting-magnet.webp","Product Type: Electromagnetic lifting magnet | Material Handled: Steel scrap, cast iron, ferrous metal pieces | Typical Equipment: Crane, hoist, excavator lifting system | Applications: Steel mills, scrap yards, foundries, warehouses","A round lifting electromagnet for handling ferrous metal materials in industrial loading and unloading scenarios.","None found in static product record","Steel scrap lifting | metal handling | foundry and warehouse operations | Electromagnetic Series","To be confirmed from project material and current technical record","To be confirmed from process layout","Existing source content requires technical review before use","Technical source review required before display","docs/product-content/competitor-research.md","detail-template-live / technical review needed","published"
