id,slug,locale,url,content_type,title,published_at,modified_at,canonical,robots,meta_title,meta_description,og_title,og_description,h1_count,h2_count,faq_count,source_count,word_count,image_count,internal_links,related_links,json_ld_types,detected_defects,remediation_action
"news-massachusetts-student-awarded-for-developing-printable-chipless-rfid-tag-tue-aug-18-2026-1","massachusetts-student-awarded-for-developing-printable-chipless-rfid-tag-tue-aug-18-2026-1","en","https://www.cowinmagnet.com/en/news/massachusetts-student-awarded-for-developing-printable-chipless-rfid-tag-tue-aug-18-2026-1","news","Massachusetts student awarded for developing printable, chipless RFID tag","2026-08-19T05:15:27.296Z","2026-08-19T05:15:27.296Z","/en/news/massachusetts-student-awarded-for-developing-printable-chipless-rfid-tag-tue-aug-18-2026-1","index,follow","Massachusetts student awarded for developing printable, chipless RFID tag | COWIN MAGNET","Source-backed recycling update with practical process questions for industrial material-handling teams.","Massachusetts student awarded for developing printable, chipless RFID tag | COWIN MAGNET","Source-backed recycling update with practical process questions for industrial material-handling teams.","1","10","2","1","715","0","1","1","NewsArticle,BreadcrumbList","","safe-as-is"
"news-guinea-selects-glencore-as-bauxite-offtaker-for-nimba-fri-aug-07-2026-12-35-10-gmt-0000-co","guinea-selects-glencore-as-bauxite-offtaker-for-nimba-fri-aug-07-2026-12-35-10-gmt-0000-co","en","https://www.cowinmagnet.com/en/news/guinea-selects-glencore-as-bauxite-offtaker-for-nimba-fri-aug-07-2026-12-35-10-gmt-0000-co","news","Guinea selects Glencore as bauxite offtaker for Nimba","2026-08-16T05:15:27.843Z","2026-08-16T05:15:27.843Z","/en/news/guinea-selects-glencore-as-bauxite-offtaker-for-nimba-fri-aug-07-2026-12-35-10-gmt-0000-co","index,follow","Guinea selects Glencore as bauxite offtaker for Nimba | COWIN MAGNET","Source-backed ore update with practical process questions for industrial material-handling teams.","Guinea selects Glencore as bauxite offtaker for Nimba | COWIN MAGNET","Source-backed ore update with practical process questions for industrial material-handling teams.","1","10","2","1","739","0","1","1","NewsArticle,BreadcrumbList","","safe-as-is"
"news-fostering-a-climate-resilient-future-a-closer-look-at-eco-cycle-s-recycling-education-init","fostering-a-climate-resilient-future-a-closer-look-at-eco-cycle-s-recycling-education-init","en","https://www.cowinmagnet.com/en/news/fostering-a-climate-resilient-future-a-closer-look-at-eco-cycle-s-recycling-education-init","news","Fostering a climate-resilient future: A closer look at Eco-Cycle’s recycling education initiatives","2026-08-14T05:00:33.542Z","2026-08-14T05:00:33.542Z","/en/news/fostering-a-climate-resilient-future-a-closer-look-at-eco-cycle-s-recycling-education-init","index,follow","Fostering a climate-resilient future: A closer look at Eco-Cycle’s recycling education initiatives | COWIN MAGNET","Source-backed recycling update with practical process questions for industrial material-handling teams.","Fostering a climate-resilient future: A closer look at Eco-Cycle’s recycling education initiatives | COWIN MAGNET","Source-backed recycling update with practical process questions for industrial material-handling teams.","1","10","2","1","712","0","1","1","NewsArticle,BreadcrumbList","","safe-as-is"
"news-us-2bn-domestic-mining-initiatives","us-2bn-domestic-mining-initiatives","en","https://www.cowinmagnet.com/en/news/us-2bn-domestic-mining-initiatives","news","US unveils $2bn boost for domestic mining initiatives","2026-08-11T06:17:42.177Z","2026-08-12T12:25:51.546Z","/en/news/us-2bn-domestic-mining-initiatives","noindex,follow","US unveils $2bn boost for domestic mining initiatives — industry implications","Mining Technology reports the US has announced more than $2bn in new projects to support domestic mining and over $180m for mining-related workforce funding. Independent analysis of implications for mineral-processing and recycling sectors.","US unveils $2bn boost for domestic mining initiatives — industry implications","Mining Technology reports the US has announced more than $2bn in new projects to support domestic mining and over $180m for mining-related workforce funding. Independent analysis of implications for mineral-processing and recycling sectors.","1","29","0","1","794","0","0","0","NewsArticle,BreadcrumbList","news-heading-count;title-topic-drift;legacy-internal-placeholder;legacy-markdown-list","needs-revision-noindex"
"news-selection-checklist-rcdd-self-cooling-self-dumping-electromagnetic-iron-remover","selection-checklist-rcdd-self-cooling-self-dumping-electromagnetic-iron-remover","en","https://www.cowinmagnet.com/en/news/selection-checklist-rcdd-self-cooling-self-dumping-electromagnetic-iron-remover","technical-guide","How to Select an RCDD Self-Cooling Electromagnetic Iron Remover.","2026-08-11T03:02:35.911Z","2026-08-12T12:24:45.399Z","/en/news/selection-checklist-rcdd-self-cooling-self-dumping-electromagnetic-iron-remover","index,follow","RCDD Electromagnetic Iron Remover Selection Guide","Use this practical checklist to select an RCDD self-cooling self-dumping electromagnetic iron remover for conveyor systems. Review belt data, material conditions, installation clearance and electrical requirements.","How to Select an RCDD Self-Cooling Electromagnetic Iron Remover","A practical RCDD conveyor selection checklist covering material conditions, installation clearance and electrical requirements.","1","6","5","0","309","1","0","0","Article,BreadcrumbList","","structured-rewrite"
"news-cd-recycling-crusher-protection-self-cleaning-magnet","cd-recycling-crusher-protection-self-cleaning-magnet","en","https://www.cowinmagnet.com/en/news/cd-recycling-crusher-protection-self-cleaning-magnet","news","C&D Recycling Crusher Protection: Where to Place a Self-Cleaning Magnet","2026-08-08T06:58:02.505Z","2026-08-12T12:25:51.609Z","/en/news/cd-recycling-crusher-protection-self-cleaning-magnet","noindex,follow","C&D Crusher Protection Magnet | COWIN MAGNET","A practical guide to positioning a self-cleaning suspended magnet before a C&D recycling crusher, with selection inputs and process checks.","C&D Crusher Protection Magnet | COWIN MAGNET","A practical guide to positioning a self-cleaning suspended magnet before a C&D recycling crusher, with selection inputs and process checks.","1","14","4","2","1424","1","0","3","NewsArticle,BreadcrumbList","news-heading-count;legacy-internal-placeholder","needs-revision-noindex"
"news-magnetic-bars-components-organic-sliced-mushrooms-recalled-because-of-listeria","magnetic-bars-components-organic-sliced-mushrooms-recalled-because-of-listeria","en","https://www.cowinmagnet.com/en/news/magnetic-bars-components-organic-sliced-mushrooms-recalled-because-of-listeria","news","Organic Listeria: Metal Contamination Control Notes for Processors: Cowinmagnet View","2026-08-06","2026-08-12T12:25:51.616Z","/en/news/magnetic-bars-components-organic-sliced-mushrooms-recalled-because-of-listeria","noindex,follow","Organic Listeria: Metal Contamination Control Notes for Processors","Cowinmagnet reviews Organic Listeria and explains what the news may mean for magnetic separation equipment buyers in food, powder, and granular material...","Organic Listeria: Metal Contamination Control Notes for Processors","Cowinmagnet reviews Organic Listeria and explains what the news may mean for magnetic separation equipment buyers in food, powder, and granular material...","1","13","4","1","1237","1","0","3","NewsArticle,BreadcrumbList","news-heading-count;title-topic-drift","needs-revision-noindex"
"news-magnetic-bars-components-plastics-unscripted-the-flexible-conversation","magnetic-bars-components-plastics-unscripted-the-flexible-conversation","en","https://www.cowinmagnet.com/en/news/magnetic-bars-components-plastics-unscripted-the-flexible-conversation","news","Plastics Unscripted Flexible Conversation: Recycling Buyers Review Magnetic Separation Needs: Cowinmagnet View","2026-08-05","2026-08-12T12:25:51.624Z","/en/news/magnetic-bars-components-plastics-unscripted-the-flexible-conversation","noindex,follow","Plastics Unscripted Flexible Conversation: Recycling Buyers Review Magnetic Separation Needs","Cowinmagnet reviews Plastics Unscripted Flexible Conversation and explains what the news may mean for magnetic separation equipment buyers in recycling...","Plastics Unscripted Flexible Conversation: Recycling Buyers Review Magnetic Separation Needs","Cowinmagnet reviews Plastics Unscripted Flexible Conversation and explains what the news may mean for magnetic separation equipment buyers in recycling...","1","13","4","1","1244","1","0","3","NewsArticle,BreadcrumbList","news-heading-count;title-topic-drift","needs-revision-noindex"
"news-magnetic-separation-safe-and-sound-conveyor-monitoring","magnetic-separation-safe-and-sound-conveyor-monitoring","en","https://www.cowinmagnet.com/en/news/magnetic-separation-safe-and-sound-conveyor-monitoring","news","Safe: Magnetic Separator Buyer Notes: Cowinmagnet View","2026-08-05","2026-08-12T12:25:51.631Z","/en/news/magnetic-separation-safe-and-sound-conveyor-monitoring","noindex,follow","Safe: Magnetic Separator Buyer Notes","Cowinmagnet reviews Safe and explains what the news may mean for magnetic separation equipment buyers in bulk material handling.","Safe: Magnetic Separator Buyer Notes","Cowinmagnet reviews Safe and explains what the news may mean for magnetic separation equipment buyers in bulk material handling.","1","13","4","1","1258","1","0","3","NewsArticle,BreadcrumbList","news-heading-count;title-topic-drift","needs-revision-noindex"
"news-electromagnetic-separator-magnetic-separation-mining-market-future-market-insights","electromagnetic-separator-magnetic-separation-mining-market-future-market-insights","en","https://www.cowinmagnet.com/en/news/electromagnetic-separator-magnetic-separation-mining-market-future-market-insights","news","Magnetic Separation Mining Market: Magnetic Separation Questions for Mineral Buyers: Cowinmagnet View","2026-08-05","2026-08-12T12:25:51.638Z","/en/news/electromagnetic-separator-magnetic-separation-mining-market-future-market-insights","noindex,follow","Magnetic Separation Mining Market: Magnetic Separation Questions for Mineral Buyers","Cowinmagnet reviews Magnetic Separation Mining Market and explains what the news may mean for magnetic separation equipment buyers in rare earth and...","Magnetic Separation Mining Market: Magnetic Separation Questions for Mineral Buyers","Cowinmagnet reviews Magnetic Separation Mining Market and explains what the news may mean for magnetic separation equipment buyers in rare earth and...","1","13","4","1","1224","1","0","3","NewsArticle,BreadcrumbList","meta-description-incomplete;news-heading-count;title-topic-drift","needs-revision-noindex"
"news-magnetic-bars-components-us-senators-propose-plastic-tracking-bill","magnetic-bars-components-us-senators-propose-plastic-tracking-bill","en","https://www.cowinmagnet.com/en/news/magnetic-bars-components-us-senators-propose-plastic-tracking-bill","news","Senators Propose Plastic Tracking: Magnetic Separation Questions for Mineral Buyers: Cowinmagnet View","2026-08-04","2026-08-12T12:25:51.646Z","/en/news/magnetic-bars-components-us-senators-propose-plastic-tracking-bill","noindex,follow","Senators Propose Plastic Tracking: Magnetic Separation Questions for Mineral Buyers","Cowinmagnet reviews Senators Propose Plastic Tracking and explains what the news may mean for magnetic separation equipment buyers in rare earth and...","Senators Propose Plastic Tracking: Magnetic Separation Questions for Mineral Buyers","Cowinmagnet reviews Senators Propose Plastic Tracking and explains what the news may mean for magnetic separation equipment buyers in rare earth and...","1","13","4","1","1242","1","0","3","NewsArticle,BreadcrumbList","meta-description-incomplete;news-heading-count;title-topic-drift","needs-revision-noindex"
"news-electromagnetic-separator-dirty-gold-overtakes-cocaine-as-crime-and-8217-s-cash-machine","electromagnetic-separator-dirty-gold-overtakes-cocaine-as-crime-and-8217-s-cash-machine","en","https://www.cowinmagnet.com/en/news/electromagnetic-separator-dirty-gold-overtakes-cocaine-as-crime-and-8217-s-cash-machine","news","Dirty 8217: Electromagnetic Separator Selection Notes: Cowinmagnet View","2026-08-04","2026-08-12T12:25:51.653Z","/en/news/electromagnetic-separator-dirty-gold-overtakes-cocaine-as-crime-and-8217-s-cash-machine","noindex,follow","Dirty 8217: Electromagnetic Separator Selection Notes","Cowinmagnet reviews Dirty 8217 and explains what the news may mean for magnetic separation equipment buyers in bulk material handling.","Dirty 8217: Electromagnetic Separator Selection Notes","Cowinmagnet reviews Dirty 8217 and explains what the news may mean for magnetic separation equipment buyers in bulk material handling.","1","13","4","1","1197","1","0","3","NewsArticle,BreadcrumbList","news-heading-count;title-topic-drift","needs-revision-noindex"
"news-magnetic-separation-smart-recycling-boxes-that-reward-residents-for-sorting-waste-have-cut","magnetic-separation-smart-recycling-boxes-that-reward-residents-for-sorting-waste-have-cut","en","https://www.cowinmagnet.com/en/news/magnetic-separation-smart-recycling-boxes-that-reward-residents-for-sorting-waste-have-cut","news","Smart Straits Times: Recycling Buyers Review Magnetic Separation Needs: Cowinmagnet View","2026-08-04","2026-08-12T12:25:51.661Z","/en/news/magnetic-separation-smart-recycling-boxes-that-reward-residents-for-sorting-waste-have-cut","noindex,follow","Smart Straits Times: Recycling Buyers Review Magnetic Separation Needs","Cowinmagnet reviews Smart Straits Times and explains what the news may mean for magnetic separation equipment buyers in recycling and secondary-material...","Smart Straits Times: Recycling Buyers Review Magnetic Separation Needs","Cowinmagnet reviews Smart Straits Times and explains what the news may mean for magnetic separation equipment buyers in recycling and secondary-material...","1","13","4","1","1236","1","0","3","NewsArticle,BreadcrumbList","news-heading-count;title-topic-drift","needs-revision-noindex"
"news-magnetic-separation-how-ai-reduces-the-cost-of-advanced-metal-sorting-recycling-product-ne","magnetic-separation-how-ai-reduces-the-cost-of-advanced-metal-sorting-recycling-product-ne","en","https://www.cowinmagnet.com/en/news/magnetic-separation-how-ai-reduces-the-cost-of-advanced-metal-sorting-recycling-product-ne","news","How Recycling Product: Recycling Buyers Review Magnetic Separation Needs: Cowinmagnet View","2026-08-04","2026-08-12T12:25:51.669Z","/en/news/magnetic-separation-how-ai-reduces-the-cost-of-advanced-metal-sorting-recycling-product-ne","noindex,follow","How Recycling Product: Recycling Buyers Review Magnetic Separation Needs","Cowinmagnet reviews How Recycling Product and explains what the news may mean for magnetic separation equipment buyers in recycling and secondary-material...","How Recycling Product: Recycling Buyers Review Magnetic Separation Needs","Cowinmagnet reviews How Recycling Product and explains what the news may mean for magnetic separation equipment buyers in recycling and secondary-material...","1","13","4","1","1228","1","0","3","NewsArticle,BreadcrumbList","news-heading-count;title-topic-drift","needs-revision-noindex"
"news-magnetic-bars-components-spaghetti-and-chicken-cobbler-recalled-because-of-consumer-compla","magnetic-bars-components-spaghetti-and-chicken-cobbler-recalled-because-of-consumer-compla","en","https://www.cowinmagnet.com/en/news/magnetic-bars-components-spaghetti-and-chicken-cobbler-recalled-because-of-consumer-compla","news","Spaghetti: Magnetic Separation Questions for Mineral Buyers: Cowinmagnet View","2026-08-02","2026-08-12T12:25:51.678Z","/en/news/magnetic-bars-components-spaghetti-and-chicken-cobbler-recalled-because-of-consumer-compla","noindex,follow","Spaghetti: Magnetic Separation Questions for Mineral Buyers","Cowinmagnet reviews Spaghetti and explains what the news may mean for magnetic separation equipment buyers in rare earth and critical-mineral processing.","Spaghetti: Magnetic Separation Questions for Mineral Buyers","Cowinmagnet reviews Spaghetti and explains what the news may mean for magnetic separation equipment buyers in rare earth and critical-mineral processing.","1","13","4","1","1246","1","0","3","NewsArticle,BreadcrumbList","news-heading-count;title-topic-drift","needs-revision-noindex"
"news-magnetic-bars-components-is-food-safety-compromised","magnetic-bars-components-is-food-safety-compromised","en","https://www.cowinmagnet.com/en/news/magnetic-bars-components-is-food-safety-compromised","news","Food Safety Compromised: Metal Contamination Control Notes for Processors: Cowinmagnet View","2026-07-31","2026-08-12T12:25:51.686Z","/en/news/magnetic-bars-components-is-food-safety-compromised","noindex,follow","Food Safety Compromised: Metal Contamination Control Notes for Processors","Cowinmagnet reviews Food Safety Compromised and explains what the news may mean for magnetic separation equipment buyers in food, powder, and granular...","Food Safety Compromised: Metal Contamination Control Notes for Processors","Cowinmagnet reviews Food Safety Compromised and explains what the news may mean for magnetic separation equipment buyers in food, powder, and granular...","1","13","4","1","1206","1","0","3","NewsArticle,BreadcrumbList","news-heading-count;title-topic-drift","needs-revision-noindex"
"news-electromagnetic-separator-titan-mining-secures-graphite-supply-deal-with-us-aerospace-and","electromagnetic-separator-titan-mining-secures-graphite-supply-deal-with-us-aerospace-and","en","https://www.cowinmagnet.com/en/news/electromagnetic-separator-titan-mining-secures-graphite-supply-deal-with-us-aerospace-and","news","Titan Mining: Electromagnetic Separator Selection Notes: Cowinmagnet View","2026-07-31","2026-08-12T12:25:51.693Z","/en/news/electromagnetic-separator-titan-mining-secures-graphite-supply-deal-with-us-aerospace-and","noindex,follow","Titan Mining: Electromagnetic Separator Selection Notes","Cowinmagnet reviews Titan Mining and explains what the news may mean for magnetic separation equipment buyers in bulk material handling.","Titan Mining: Electromagnetic Separator Selection Notes","Cowinmagnet reviews Titan Mining and explains what the news may mean for magnetic separation equipment buyers in bulk material handling.","1","13","4","1","1205","1","0","3","NewsArticle,BreadcrumbList","news-heading-count;title-topic-drift","needs-revision-noindex"
"news-electromagnetic-separator-pls-plugs-into-lithium-strength-to-cap-off-record-year","electromagnetic-separator-pls-plugs-into-lithium-strength-to-cap-off-record-year","en","https://www.cowinmagnet.com/en/news/electromagnetic-separator-pls-plugs-into-lithium-strength-to-cap-off-record-year","news","PLS: Magnetic Separation Questions for Mineral Buyers: Cowinmagnet View","2026-07-31","2026-08-12T12:25:51.700Z","/en/news/electromagnetic-separator-pls-plugs-into-lithium-strength-to-cap-off-record-year","noindex,follow","PLS: Magnetic Separation Questions for Mineral Buyers","Cowinmagnet reviews PLS and explains what the news may mean for magnetic separation equipment buyers in lithium extraction and battery-material supply.","PLS: Magnetic Separation Questions for Mineral Buyers","Cowinmagnet reviews PLS and explains what the news may mean for magnetic separation equipment buyers in lithium extraction and battery-material supply.","1","13","4","1","1276","1","0","3","NewsArticle,BreadcrumbList","news-heading-count;title-topic-drift","needs-revision-noindex"
"news-magnetic-separation-electronic-waste-recycling-market-to-reach-us-76-92-billion-openpr-com","magnetic-separation-electronic-waste-recycling-market-to-reach-us-76-92-billion-openpr-com","en","https://www.cowinmagnet.com/en/news/magnetic-separation-electronic-waste-recycling-market-to-reach-us-76-92-billion-openpr-com","news","Electronic Waste Recycling Market: Recycling Buyers Review Magnetic Separation Needs: Cowinmagnet View","2026-07-31","2026-08-12T12:25:51.707Z","/en/news/magnetic-separation-electronic-waste-recycling-market-to-reach-us-76-92-billion-openpr-com","noindex,follow","Electronic Waste Recycling Market: Recycling Buyers Review Magnetic Separation Needs","Cowinmagnet reviews Electronic Waste Recycling Market and explains what the news may mean for magnetic separation equipment buyers in recycling and...","Electronic Waste Recycling Market: Recycling Buyers Review Magnetic Separation Needs","Cowinmagnet reviews Electronic Waste Recycling Market and explains what the news may mean for magnetic separation equipment buyers in recycling and...","1","13","4","1","1226","1","0","3","NewsArticle,BreadcrumbList","meta-description-incomplete;news-heading-count","needs-revision-noindex"
"news-electromagnetic-separator-new-director-joins-core-lithium-ahead-of-finniss-production","electromagnetic-separator-new-director-joins-core-lithium-ahead-of-finniss-production","en","https://www.cowinmagnet.com/en/news/electromagnetic-separator-new-director-joins-core-lithium-ahead-of-finniss-production","news","New Core Lithium Finniss: Magnetic Separation Questions for Mineral Buyers: Cowinmagnet View","2026-07-27","2026-08-12T12:25:51.714Z","/en/news/electromagnetic-separator-new-director-joins-core-lithium-ahead-of-finniss-production","noindex,follow","New Core Lithium Finniss: Magnetic Separation Questions for Mineral Buyers","Cowinmagnet reviews New Core Lithium Finniss and explains what the news may mean for magnetic separation equipment buyers in lithium extraction and...","New Core Lithium Finniss: Magnetic Separation Questions for Mineral Buyers","Cowinmagnet reviews New Core Lithium Finniss and explains what the news may mean for magnetic separation equipment buyers in lithium extraction and...","1","13","4","1","1300","1","0","3","NewsArticle,BreadcrumbList","meta-description-incomplete;news-heading-count;title-topic-drift","needs-revision-noindex"
"news-magnetic-separation-an-alarming-improvement-with-eriez-quarrymagazine-com","magnetic-separation-an-alarming-improvement-with-eriez-quarrymagazine-com","en","https://www.cowinmagnet.com/en/news/magnetic-separation-an-alarming-improvement-with-eriez-quarrymagazine-com","news","Eriez: Conveyor Protection Lessons for Quarry Buyers: Cowinmagnet View","2026-07-27","2026-08-12T12:25:51.722Z","/en/news/magnetic-separation-an-alarming-improvement-with-eriez-quarrymagazine-com","noindex,follow","Eriez: Conveyor Protection Lessons for Quarry Buyers","Cowinmagnet reviews Eriez and explains what the news may mean for magnetic separation equipment buyers in bulk material handling.","Eriez: Conveyor Protection Lessons for Quarry Buyers","Cowinmagnet reviews Eriez and explains what the news may mean for magnetic separation equipment buyers in bulk material handling.","1","13","4","1","1190","1","0","3","NewsArticle,BreadcrumbList","news-heading-count;title-topic-drift","needs-revision-noindex"
"news-electromagnetic-separator-permitting-reform-key-to-challenging-china-and-8217-s-critical-m","electromagnetic-separator-permitting-reform-key-to-challenging-china-and-8217-s-critical-m","en","https://www.cowinmagnet.com/en/news/electromagnetic-separator-permitting-reform-key-to-challenging-china-and-8217-s-critical-m","news","Permitting China 8217: Magnetic Separation Questions for Mineral Buyers: Cowinmagnet View","2026-07-27","2026-08-12T12:25:51.728Z","/en/news/electromagnetic-separator-permitting-reform-key-to-challenging-china-and-8217-s-critical-m","noindex,follow","Permitting China 8217: Magnetic Separation Questions for Mineral Buyers","Cowinmagnet reviews Permitting China 8217 and explains what the news may mean for magnetic separation equipment buyers in rare earth and critical-mineral...","Permitting China 8217: Magnetic Separation Questions for Mineral Buyers","Cowinmagnet reviews Permitting China 8217 and explains what the news may mean for magnetic separation equipment buyers in rare earth and critical-mineral...","1","13","4","1","1232","1","0","3","NewsArticle,BreadcrumbList","news-heading-count;title-topic-drift","needs-revision-noindex"
"news-magnetic-separation-hygienic-and-sanitary-weighing-solutions-for-food-safety","magnetic-separation-hygienic-and-sanitary-weighing-solutions-for-food-safety","en","https://www.cowinmagnet.com/en/news/magnetic-separation-hygienic-and-sanitary-weighing-solutions-for-food-safety","news","Hygienic Sanitary Weighing Solutions: Metal Contamination Control Notes for Processors: Cowinmagnet View","2026-07-26","2026-08-12T12:25:51.736Z","/en/news/magnetic-separation-hygienic-and-sanitary-weighing-solutions-for-food-safety","noindex,follow","Hygienic Sanitary Weighing Solutions: Metal Contamination Control Notes for Processors","Cowinmagnet reviews Hygienic Sanitary Weighing Solutions and explains what the news may mean for magnetic separation equipment buyers in food, powder, and...","Hygienic Sanitary Weighing Solutions: Metal Contamination Control Notes for Processors","Cowinmagnet reviews Hygienic Sanitary Weighing Solutions and explains what the news may mean for magnetic separation equipment buyers in food, powder, and...","1","13","4","1","1235","1","0","3","NewsArticle,BreadcrumbList","meta-description-incomplete;news-heading-count;title-topic-drift","needs-revision-noindex"
"news-magnetic-separation-magnetic-iron-separator-market-growth-outlook-to-2035-automation-and-r","magnetic-separation-magnetic-iron-separator-market-growth-outlook-to-2035-automation-and-r","en","https://www.cowinmagnet.com/en/news/magnetic-separation-magnetic-iron-separator-market-growth-outlook-to-2035-automation-and-r","news","Magnetic Iron Separator Market: Recycling Buyers Review Magnetic Separation Needs: Cowinmagnet View","2026-07-25","2026-08-12T12:25:51.743Z","/en/news/magnetic-separation-magnetic-iron-separator-market-growth-outlook-to-2035-automation-and-r","noindex,follow","Magnetic Iron Separator Market: Recycling Buyers Review Magnetic Separation Needs","Cowinmagnet reviews Magnetic Iron Separator Market and explains what the news may mean for magnetic separation equipment buyers in recycling and...","Magnetic Iron Separator Market: Recycling Buyers Review Magnetic Separation Needs","Cowinmagnet reviews Magnetic Iron Separator Market and explains what the news may mean for magnetic separation equipment buyers in recycling and...","1","13","4","1","1242","1","0","3","NewsArticle,BreadcrumbList","meta-description-incomplete;news-heading-count;title-topic-drift","needs-revision-noindex"
"news-electromagnetic-separator-chicken-noodle-soup-recalled-because-of-lack-of-import-reinspect","electromagnetic-separator-chicken-noodle-soup-recalled-because-of-lack-of-import-reinspect","en","https://www.cowinmagnet.com/en/news/electromagnetic-separator-chicken-noodle-soup-recalled-because-of-lack-of-import-reinspect","news","Chicken: Metal Contamination Control Notes for Processors: Cowinmagnet View","2026-07-25","2026-08-12T12:25:51.750Z","/en/news/electromagnetic-separator-chicken-noodle-soup-recalled-because-of-lack-of-import-reinspect","noindex,follow","Chicken: Metal Contamination Control Notes for Processors","Cowinmagnet reviews Chicken and explains what the news may mean for magnetic separation equipment buyers in food, powder, and granular material processing.","Chicken: Metal Contamination Control Notes for Processors","Cowinmagnet reviews Chicken and explains what the news may mean for magnetic separation equipment buyers in food, powder, and granular material processing.","1","13","4","1","1231","1","0","3","NewsArticle,BreadcrumbList","news-heading-count;title-topic-drift","needs-revision-noindex"
"news-magnetic-separation-hastings-technology-metals-advances-thailand-rare-earth-processing-pla","magnetic-separation-hastings-technology-metals-advances-thailand-rare-earth-processing-pla","en","https://www.cowinmagnet.com/en/news/magnetic-separation-hastings-technology-metals-advances-thailand-rare-earth-processing-pla","news","Hastings Technology Metals Advances: Magnetic Separation Questions for Mineral Buyers: Cowinmagnet View","2026-07-24","2026-08-12T12:25:51.757Z","/en/news/magnetic-separation-hastings-technology-metals-advances-thailand-rare-earth-processing-pla","noindex,follow","Hastings Technology Metals Advances: Magnetic Separation Questions for Mineral Buyers","Cowinmagnet reviews Hastings Technology Metals Advances and explains what the news may mean for magnetic separation equipment buyers in rare earth and...","Hastings Technology Metals Advances: Magnetic Separation Questions for Mineral Buyers","Cowinmagnet reviews Hastings Technology Metals Advances and explains what the news may mean for magnetic separation equipment buyers in rare earth and...","1","13","4","1","1255","1","0","3","NewsArticle,BreadcrumbList","meta-description-incomplete;news-heading-count;title-topic-drift","needs-revision-noindex"
"news-magnetic-separation-canada-nickel-adds-ninth-resource-in-timmins-nickel-district","magnetic-separation-canada-nickel-adds-ninth-resource-in-timmins-nickel-district","en","https://www.cowinmagnet.com/en/news/magnetic-separation-canada-nickel-adds-ninth-resource-in-timmins-nickel-district","news","Canada Nickel Timmins: Magnetic Separator Buyer Notes: Cowinmagnet View","2026-07-24","2026-08-12T12:25:51.764Z","/en/news/magnetic-separation-canada-nickel-adds-ninth-resource-in-timmins-nickel-district","noindex,follow","Canada Nickel Timmins: Magnetic Separator Buyer Notes","Cowinmagnet reviews Canada Nickel Timmins and explains what the news may mean for magnetic separation equipment buyers in bulk material handling.","Canada Nickel Timmins: Magnetic Separator Buyer Notes","Cowinmagnet reviews Canada Nickel Timmins and explains what the news may mean for magnetic separation equipment buyers in bulk material handling.","1","13","4","1","1215","1","0","3","NewsArticle,BreadcrumbList","news-heading-count;title-topic-drift","needs-revision-noindex"
"news-magnetic-bars-components-reducing-food-waste-before-it-reaches-the-drain-a-process-enginee","magnetic-bars-components-reducing-food-waste-before-it-reaches-the-drain-a-process-enginee","en","https://www.cowinmagnet.com/en/news/magnetic-bars-components-reducing-food-waste-before-it-reaches-the-drain-a-process-enginee","news","Reducing Food Waste Before: Magnetic Separation Questions for Mineral Buyers: Cowinmagnet View","2026-07-24","2026-08-12T12:25:51.771Z","/en/news/magnetic-bars-components-reducing-food-waste-before-it-reaches-the-drain-a-process-enginee","noindex,follow","Reducing Food Waste Before: Magnetic Separation Questions for Mineral Buyers","Cowinmagnet reviews Reducing Food Waste Before and explains what the news may mean for magnetic separation equipment buyers in rare earth and...","Reducing Food Waste Before: Magnetic Separation Questions for Mineral Buyers","Cowinmagnet reviews Reducing Food Waste Before and explains what the news may mean for magnetic separation equipment buyers in rare earth and...","1","13","4","1","1251","1","0","3","NewsArticle,BreadcrumbList","meta-description-incomplete;news-heading-count;title-topic-drift","needs-revision-noindex"
"news-magnetic-separation-nsw-coal-cuts-emissions-faster-than-any-other-sector","magnetic-separation-nsw-coal-cuts-emissions-faster-than-any-other-sector","en","https://www.cowinmagnet.com/en/news/magnetic-separation-nsw-coal-cuts-emissions-faster-than-any-other-sector","news","NSW: Magnetic Separator Buyer Notes: Cowinmagnet View","2026-07-24","2026-08-12T12:25:51.778Z","/en/news/magnetic-separation-nsw-coal-cuts-emissions-faster-than-any-other-sector","noindex,follow","NSW: Magnetic Separator Buyer Notes","Cowinmagnet reviews NSW and explains what the news may mean for magnetic separation equipment buyers in bulk material handling.","NSW: Magnetic Separator Buyer Notes","Cowinmagnet reviews NSW and explains what the news may mean for magnetic separation equipment buyers in bulk material handling.","1","13","4","1","1263","1","0","3","NewsArticle,BreadcrumbList","news-heading-count;title-topic-drift","needs-revision-noindex"
"news-magnetic-separation-france-mining-conveyor-system-market-analysis-forecast-size-trends-and","magnetic-separation-france-mining-conveyor-system-market-analysis-forecast-size-trends-and","en","https://www.cowinmagnet.com/en/news/magnetic-separation-france-mining-conveyor-system-market-analysis-forecast-size-trends-and","news","France Mining Conveyor System: Magnetic Separation Questions for Mineral Buyers: Cowinmagnet View","2026-07-13","2026-08-12T12:25:51.785Z","/en/news/magnetic-separation-france-mining-conveyor-system-market-analysis-forecast-size-trends-and","noindex,follow","France Mining Conveyor System: Magnetic Separation Questions for Mineral Buyers","Cowinmagnet reviews France Mining Conveyor System and explains what the news may mean for magnetic separation equipment buyers in rare earth and...","France Mining Conveyor System: Magnetic Separation Questions for Mineral Buyers","Cowinmagnet reviews France Mining Conveyor System and explains what the news may mean for magnetic separation equipment buyers in rare earth and...","1","13","4","1","1245","1","0","3","NewsArticle,BreadcrumbList","meta-description-incomplete;news-heading-count;title-topic-drift","needs-revision-noindex"
"news-electromagnetic-separator-uk-invests-50m-to-build-critical-minerals-supply-chain-mining-di","electromagnetic-separator-uk-invests-50m-to-build-critical-minerals-supply-chain-mining-di","en","https://www.cowinmagnet.com/en/news/electromagnetic-separator-uk-invests-50m-to-build-critical-minerals-supply-chain-mining-di","news","Invests 50m Build Critical: Magnetic Separation Questions for Mineral Buyers: Cowinmagnet View","2026-07-12","2026-08-12T12:25:51.791Z","/en/news/electromagnetic-separator-uk-invests-50m-to-build-critical-minerals-supply-chain-mining-di","noindex,follow","Invests 50m Build Critical: Magnetic Separation Questions for Mineral Buyers","Cowinmagnet reviews Invests 50m Build Critical and explains what the news may mean for magnetic separation equipment buyers in rare earth and...","Invests 50m Build Critical: Magnetic Separation Questions for Mineral Buyers","Cowinmagnet reviews Invests 50m Build Critical and explains what the news may mean for magnetic separation equipment buyers in rare earth and...","1","13","4","1","1230","1","0","3","NewsArticle,BreadcrumbList","meta-description-incomplete;news-heading-count;title-topic-drift","needs-revision-noindex"
"news-magnetic-separation-nigeria-opens-west-africa-s-largest-lithium-processing-plant-to-streng","magnetic-separation-nigeria-opens-west-africa-s-largest-lithium-processing-plant-to-streng","en","https://www.cowinmagnet.com/en/news/magnetic-separation-nigeria-opens-west-africa-s-largest-lithium-processing-plant-to-streng","news","Nigeria West Africa Africa: Magnetic Separation Questions for Mineral Buyers: Cowinmagnet View","2026-07-12","2026-08-12T12:25:51.798Z","/en/news/magnetic-separation-nigeria-opens-west-africa-s-largest-lithium-processing-plant-to-streng","noindex,follow","Nigeria West Africa Africa: Magnetic Separation Questions for Mineral Buyers","Cowinmagnet reviews Nigeria West Africa Africa and explains what the news may mean for magnetic separation equipment buyers in lithium extraction and...","Nigeria West Africa Africa: Magnetic Separation Questions for Mineral Buyers","Cowinmagnet reviews Nigeria West Africa Africa and explains what the news may mean for magnetic separation equipment buyers in lithium extraction and...","1","13","4","1","1268","1","0","3","NewsArticle,BreadcrumbList","meta-description-incomplete;news-heading-count;title-topic-drift","needs-revision-noindex"
"news-magnetic-separation-cyclic-materials-to-build-82m-rare-earth-recycling-plant-in-south-caro","magnetic-separation-cyclic-materials-to-build-82m-rare-earth-recycling-plant-in-south-caro","en","https://www.cowinmagnet.com/en/news/magnetic-separation-cyclic-materials-to-build-82m-rare-earth-recycling-plant-in-south-caro","news","Cyclic Materials 82M South: Magnetic Separation Questions for Mineral Buyers: Cowinmagnet View","2026-07-12","2026-08-12T12:25:51.806Z","/en/news/magnetic-separation-cyclic-materials-to-build-82m-rare-earth-recycling-plant-in-south-caro","noindex,follow","Cyclic Materials 82M South: Magnetic Separation Questions for Mineral Buyers","Cowinmagnet reviews Cyclic Materials 82M South and explains what the news may mean for magnetic separation equipment buyers in rare earth and...","Cyclic Materials 82M South: Magnetic Separation Questions for Mineral Buyers","Cowinmagnet reviews Cyclic Materials 82M South and explains what the news may mean for magnetic separation equipment buyers in rare earth and...","1","13","4","1","1245","1","0","3","NewsArticle,BreadcrumbList","meta-description-incomplete;news-heading-count;title-topic-drift","needs-revision-noindex"
"news-magnetic-bars-components-latest-news-in-the-food-and-beverage-industry","magnetic-bars-components-latest-news-in-the-food-and-beverage-industry","en","https://www.cowinmagnet.com/en/news/magnetic-bars-components-latest-news-in-the-food-and-beverage-industry","news","Latest Food Beverage Industry: Magnetic Separation Questions for Mineral Buyers: Cowinmagnet View","2026-07-12","2026-08-12T12:25:51.814Z","/en/news/magnetic-bars-components-latest-news-in-the-food-and-beverage-industry","noindex,follow","Latest Food Beverage Industry: Magnetic Separation Questions for Mineral Buyers","Cowinmagnet reviews Latest Food Beverage Industry and explains what the news may mean for magnetic separation equipment buyers in rare earth and...","Latest Food Beverage Industry: Magnetic Separation Questions for Mineral Buyers","Cowinmagnet reviews Latest Food Beverage Industry and explains what the news may mean for magnetic separation equipment buyers in rare earth and...","1","13","4","1","1233","1","0","3","NewsArticle,BreadcrumbList","meta-description-incomplete;news-heading-count;title-topic-drift","needs-revision-noindex"
"news-magnetic-separation-managing-hydrogen-sulfide-challenges-in-u-s-landfills","magnetic-separation-managing-hydrogen-sulfide-challenges-in-u-s-landfills","en","https://www.cowinmagnet.com/en/news/magnetic-separation-managing-hydrogen-sulfide-challenges-in-u-s-landfills","news","Managing Hydrogen Sulfide Challenges: Recycling Buyers Review Magnetic Separation Needs: Cowinmagnet View","2026-07-11","2026-08-12T12:25:51.821Z","/en/news/magnetic-separation-managing-hydrogen-sulfide-challenges-in-u-s-landfills","noindex,follow","Managing Hydrogen Sulfide Challenges: Recycling Buyers Review Magnetic Separation Needs","Cowinmagnet reviews Managing Hydrogen Sulfide Challenges and explains what the news may mean for magnetic separation equipment buyers in recycling and...","Managing Hydrogen Sulfide Challenges: Recycling Buyers Review Magnetic Separation Needs","Cowinmagnet reviews Managing Hydrogen Sulfide Challenges and explains what the news may mean for magnetic separation equipment buyers in recycling and...","1","13","4","1","1242","1","0","3","NewsArticle,BreadcrumbList","meta-description-incomplete;news-heading-count;title-topic-drift","needs-revision-noindex"
"news-electromagnetic-separator-contamination-with-hepatitis-a-and-salmonella-among-fda-s-import","electromagnetic-separator-contamination-with-hepatitis-a-and-salmonella-among-fda-s-import","en","https://www.cowinmagnet.com/en/news/electromagnetic-separator-contamination-with-hepatitis-a-and-salmonella-among-fda-s-import","news","Contamination Salmonella FDA: Magnetic Separation Questions for Mineral Buyers: Cowinmagnet View","2026-07-11","2026-08-12T12:25:51.828Z","/en/news/electromagnetic-separator-contamination-with-hepatitis-a-and-salmonella-among-fda-s-import","noindex,follow","Contamination Salmonella FDA: Magnetic Separation Questions for Mineral Buyers","Cowinmagnet reviews Contamination Salmonella FDA and explains what the news may mean for magnetic separation equipment buyers in rare earth and...","Contamination Salmonella FDA: Magnetic Separation Questions for Mineral Buyers","Cowinmagnet reviews Contamination Salmonella FDA and explains what the news may mean for magnetic separation equipment buyers in rare earth and...","1","13","4","1","1254","1","0","3","NewsArticle,BreadcrumbList","meta-description-incomplete;news-heading-count;title-topic-drift","needs-revision-noindex"
"news-magnetic-separation-robotics-enhances-scrap-metal-sorting-with-high-precision-recycling-pr","magnetic-separation-robotics-enhances-scrap-metal-sorting-with-high-precision-recycling-pr","en","https://www.cowinmagnet.com/en/news/magnetic-separation-robotics-enhances-scrap-metal-sorting-with-high-precision-recycling-pr","news","Robotics Recycling Product: Recycling Buyers Review Magnetic Separation Needs: Cowinmagnet View","2026-07-11","2026-08-12T12:25:51.835Z","/en/news/magnetic-separation-robotics-enhances-scrap-metal-sorting-with-high-precision-recycling-pr","noindex,follow","Robotics Recycling Product: Recycling Buyers Review Magnetic Separation Needs","Cowinmagnet reviews Robotics Recycling Product and explains what the news may mean for magnetic separation equipment buyers in recycling and...","Robotics Recycling Product: Recycling Buyers Review Magnetic Separation Needs","Cowinmagnet reviews Robotics Recycling Product and explains what the news may mean for magnetic separation equipment buyers in recycling and...","1","13","4","1","1226","1","0","3","NewsArticle,BreadcrumbList","meta-description-incomplete;news-heading-count;title-topic-drift","needs-revision-noindex"
"news-electromagnetic-separator-larvotto-locks-in-blockade-copper-mine-after-drilling-confirms-g","electromagnetic-separator-larvotto-locks-in-blockade-copper-mine-after-drilling-confirms-g","en","https://www.cowinmagnet.com/en/news/electromagnetic-separator-larvotto-locks-in-blockade-copper-mine-after-drilling-confirms-g","news","Larvotto Blockade: Magnetic Separation Questions for Mineral Buyers: Cowinmagnet View","2026-07-11","2026-08-12T12:25:51.842Z","/en/news/electromagnetic-separator-larvotto-locks-in-blockade-copper-mine-after-drilling-confirms-g","noindex,follow","Larvotto Blockade: Magnetic Separation Questions for Mineral Buyers","Cowinmagnet reviews Larvotto Blockade and explains what the news may mean for magnetic separation equipment buyers in rare earth and critical-mineral...","Larvotto Blockade: Magnetic Separation Questions for Mineral Buyers","Cowinmagnet reviews Larvotto Blockade and explains what the news may mean for magnetic separation equipment buyers in rare earth and critical-mineral...","1","13","4","1","1282","1","0","3","NewsArticle,BreadcrumbList","news-heading-count;title-topic-drift","needs-revision-noindex"
"news-magnetic-separation-new-industrial-sorting-systems-based-on-laser-spectroscopy-libs-magnet","magnetic-separation-new-industrial-sorting-systems-based-on-laser-spectroscopy-libs-magnet","en","https://www.cowinmagnet.com/en/news/magnetic-separation-new-industrial-sorting-systems-based-on-laser-spectroscopy-libs-magnet","news","New LIBS CORDIS: Recycling Buyers Review Magnetic Separation Needs: Cowinmagnet View","2026-07-10","2026-08-12T12:25:51.849Z","/en/news/magnetic-separation-new-industrial-sorting-systems-based-on-laser-spectroscopy-libs-magnet","noindex,follow","New LIBS CORDIS: Recycling Buyers Review Magnetic Separation Needs","Cowinmagnet reviews New LIBS CORDIS and explains what the news may mean for magnetic separation equipment buyers in recycling and secondary-material recovery.","New LIBS CORDIS: Recycling Buyers Review Magnetic Separation Needs","Cowinmagnet reviews New LIBS CORDIS and explains what the news may mean for magnetic separation equipment buyers in recycling and secondary-material recovery.","1","13","4","1","1240","1","0","3","NewsArticle,BreadcrumbList","news-heading-count;title-topic-drift","needs-revision-noindex"
"news-magnetic-separation-mining-conveyor-system-market-forecast-points-higher-toward-2035-drive","magnetic-separation-mining-conveyor-system-market-forecast-points-higher-toward-2035-drive","en","https://www.cowinmagnet.com/en/news/magnetic-separation-mining-conveyor-system-market-forecast-points-higher-toward-2035-drive","news","Mining Conveyor System Market: Magnetic Separation Questions for Mineral Buyers: Cowinmagnet View","2026-07-10","2026-08-12T12:25:51.856Z","/en/news/magnetic-separation-mining-conveyor-system-market-forecast-points-higher-toward-2035-drive","noindex,follow","Mining Conveyor System Market: Magnetic Separation Questions for Mineral Buyers","Cowinmagnet reviews Mining Conveyor System Market and explains what the news may mean for magnetic separation equipment buyers in rare earth and...","Mining Conveyor System Market: Magnetic Separation Questions for Mineral Buyers","Cowinmagnet reviews Mining Conveyor System Market and explains what the news may mean for magnetic separation equipment buyers in rare earth and...","1","13","4","1","1251","1","0","3","NewsArticle,BreadcrumbList","meta-description-incomplete;news-heading-count;title-topic-drift","needs-revision-noindex"
"news-magnetic-separation-un-to-help-kazakhstan-recover-precious-metals-from-electronic-waste-ku","magnetic-separation-un-to-help-kazakhstan-recover-precious-metals-from-electronic-waste-ku","en","https://www.cowinmagnet.com/en/news/magnetic-separation-un-to-help-kazakhstan-recover-precious-metals-from-electronic-waste-ku","news","Kazakhstan Kursiv Media: Recycling Buyers Review Magnetic Separation Needs: Cowinmagnet View","2026-07-10","2026-08-12T12:25:51.863Z","/en/news/magnetic-separation-un-to-help-kazakhstan-recover-precious-metals-from-electronic-waste-ku","noindex,follow","Kazakhstan Kursiv Media: Recycling Buyers Review Magnetic Separation Needs","Cowinmagnet reviews Kazakhstan Kursiv Media and explains what the news may mean for magnetic separation equipment buyers in recycling and...","Kazakhstan Kursiv Media: Recycling Buyers Review Magnetic Separation Needs","Cowinmagnet reviews Kazakhstan Kursiv Media and explains what the news may mean for magnetic separation equipment buyers in recycling and...","1","13","4","1","1226","1","0","3","NewsArticle,BreadcrumbList","meta-description-incomplete;news-heading-count;title-topic-drift","needs-revision-noindex"
"news-magnetic-separation-extracting-critical-minerals-from-america-s-coal-waste-tailings-discov","magnetic-separation-extracting-critical-minerals-from-america-s-coal-waste-tailings-discov","en","https://www.cowinmagnet.com/en/news/magnetic-separation-extracting-critical-minerals-from-america-s-coal-waste-tailings-discov","news","Extracting Critical Minerals America: Magnetic Separation Questions for Mineral Buyers: Cowinmagnet View","2026-07-10","2026-08-12T12:25:51.870Z","/en/news/magnetic-separation-extracting-critical-minerals-from-america-s-coal-waste-tailings-discov","noindex,follow","Extracting Critical Minerals America: Magnetic Separation Questions for Mineral Buyers","Cowinmagnet reviews Extracting Critical Minerals America and explains what the news may mean for magnetic separation equipment buyers in rare earth and...","Extracting Critical Minerals America: Magnetic Separation Questions for Mineral Buyers","Cowinmagnet reviews Extracting Critical Minerals America and explains what the news may mean for magnetic separation equipment buyers in rare earth and...","1","13","4","1","1251","1","0","3","NewsArticle,BreadcrumbList","meta-description-incomplete;news-heading-count;title-topic-drift","needs-revision-noindex"
"news-electromagnetic-separator-creating-mining-districts-could-unlock-billions-in-value-study","electromagnetic-separator-creating-mining-districts-could-unlock-billions-in-value-study","en","https://www.cowinmagnet.com/en/news/electromagnetic-separator-creating-mining-districts-could-unlock-billions-in-value-study","news","Creating: Electromagnetic Separator Selection Notes: Cowinmagnet View","2026-07-09","2026-08-12T12:25:51.877Z","/en/news/electromagnetic-separator-creating-mining-districts-could-unlock-billions-in-value-study","noindex,follow","Creating: Electromagnetic Separator Selection Notes","Cowinmagnet reviews Creating and explains what the news may mean for magnetic separation equipment buyers in bulk material handling.","Creating: Electromagnetic Separator Selection Notes","Cowinmagnet reviews Creating and explains what the news may mean for magnetic separation equipment buyers in bulk material handling.","1","13","4","1","1186","1","0","3","NewsArticle,BreadcrumbList","news-heading-count;title-topic-drift","needs-revision-noindex"
"news-magnetic-separation-casella-waste-systems-inc-announces-executive-leadership-appointments","magnetic-separation-casella-waste-systems-inc-announces-executive-leadership-appointments","en","https://www.cowinmagnet.com/en/news/magnetic-separation-casella-waste-systems-inc-announces-executive-leadership-appointments","news","Casella Waste Systems Inc: Recycling Buyers Review Magnetic Separation Needs: Cowinmagnet View","2026-07-08","2026-08-12T12:25:51.885Z","/en/news/magnetic-separation-casella-waste-systems-inc-announces-executive-leadership-appointments","noindex,follow","Casella Waste Systems Inc: Recycling Buyers Review Magnetic Separation Needs","Cowinmagnet reviews Casella Waste Systems Inc and explains what the news may mean for magnetic separation equipment buyers in recycling and...","Casella Waste Systems Inc: Recycling Buyers Review Magnetic Separation Needs","Cowinmagnet reviews Casella Waste Systems Inc and explains what the news may mean for magnetic separation equipment buyers in recycling and...","1","13","4","1","1251","1","0","3","NewsArticle,BreadcrumbList","meta-description-incomplete;news-heading-count;title-topic-drift","needs-revision-noindex"
"news-electromagnetic-separator-fenix-crushes-quarter-with-record-shipping-performance","electromagnetic-separator-fenix-crushes-quarter-with-record-shipping-performance","en","https://www.cowinmagnet.com/en/news/electromagnetic-separator-fenix-crushes-quarter-with-record-shipping-performance","news","Fenix: Magnetic Separation Questions for Mineral Buyers: Cowinmagnet View","2026-07-08","2026-08-12T12:25:51.891Z","/en/news/electromagnetic-separator-fenix-crushes-quarter-with-record-shipping-performance","noindex,follow","Fenix: Magnetic Separation Questions for Mineral Buyers","Cowinmagnet reviews Fenix and explains what the news may mean for magnetic separation equipment buyers in rare earth and critical-mineral processing.","Fenix: Magnetic Separation Questions for Mineral Buyers","Cowinmagnet reviews Fenix and explains what the news may mean for magnetic separation equipment buyers in rare earth and critical-mineral processing.","1","13","4","1","1256","1","0","3","NewsArticle,BreadcrumbList","news-heading-count;title-topic-drift","needs-revision-noindex"
"news-magnetic-bars-components-fsa-research-targets-campylobacter-reduction","magnetic-bars-components-fsa-research-targets-campylobacter-reduction","en","https://www.cowinmagnet.com/en/news/magnetic-bars-components-fsa-research-targets-campylobacter-reduction","news","FSA Campylobacter: Metal Contamination Control Notes for Processors: Cowinmagnet View","2026-07-08","2026-08-12T12:25:51.898Z","/en/news/magnetic-bars-components-fsa-research-targets-campylobacter-reduction","noindex,follow","FSA Campylobacter: Metal Contamination Control Notes for Processors","Cowinmagnet reviews FSA Campylobacter and explains what the news may mean for magnetic separation equipment buyers in food, powder, and granular material...","FSA Campylobacter: Metal Contamination Control Notes for Processors","Cowinmagnet reviews FSA Campylobacter and explains what the news may mean for magnetic separation equipment buyers in food, powder, and granular material...","1","13","4","1","1229","1","0","3","NewsArticle,BreadcrumbList","news-heading-count;title-topic-drift","needs-revision-noindex"
"news-magnetic-separation-worker-falls-30-feet-at-cement-plant","magnetic-separation-worker-falls-30-feet-at-cement-plant","en","https://www.cowinmagnet.com/en/news/magnetic-separation-worker-falls-30-feet-at-cement-plant","news","Worker Falls Feet Cement: Magnetic Separation Questions for Mineral Buyers: Cowinmagnet View","2026-07-08","2026-08-12T12:25:51.905Z","/en/news/magnetic-separation-worker-falls-30-feet-at-cement-plant","noindex,follow","Worker Falls Feet Cement: Magnetic Separation Questions for Mineral Buyers","Cowinmagnet reviews Worker Falls Feet Cement and explains what the news may mean for magnetic separation equipment buyers in rare earth and...","Worker Falls Feet Cement: Magnetic Separation Questions for Mineral Buyers","Cowinmagnet reviews Worker Falls Feet Cement and explains what the news may mean for magnetic separation equipment buyers in rare earth and...","1","13","4","1","1248","1","0","3","NewsArticle,BreadcrumbList","meta-description-incomplete;news-heading-count;title-topic-drift","needs-revision-noindex"
"news-magnetic-separation-national-waste-and-recycling-foundation-s-skip-the-bin-turn-your-batte","magnetic-separation-national-waste-and-recycling-foundation-s-skip-the-bin-turn-your-batte","en","https://www.cowinmagnet.com/en/news/magnetic-separation-national-waste-and-recycling-foundation-s-skip-the-bin-turn-your-batte","news","National Waste Recycling Foundation: Recycling Buyers Review Magnetic Separation Needs: Cowinmagnet View","2026-07-05","2026-08-12T12:25:51.912Z","/en/news/magnetic-separation-national-waste-and-recycling-foundation-s-skip-the-bin-turn-your-batte","noindex,follow","National Waste Recycling Foundation: Recycling Buyers Review Magnetic Separation Needs","Cowinmagnet reviews National Waste Recycling Foundation and explains what the news may mean for magnetic separation equipment buyers in lithium extraction...","National Waste Recycling Foundation: Recycling Buyers Review Magnetic Separation Needs","Cowinmagnet reviews National Waste Recycling Foundation and explains what the news may mean for magnetic separation equipment buyers in lithium extraction...","1","13","4","1","1287","1","0","3","NewsArticle,BreadcrumbList","news-heading-count;title-topic-drift","needs-revision-noindex"
"news-magnetic-separation-product-spotlight-recycling-today-2026-07-05","magnetic-separation-product-spotlight-recycling-today-2026-07-05","en","https://www.cowinmagnet.com/en/news/magnetic-separation-product-spotlight-recycling-today-2026-07-05","news","Product Spotlight Recycling Today: Recycling Buyers Review Magnetic Separation Needs: Cowinmagnet View","2026-07-05","2026-08-12T12:25:51.919Z","/en/news/magnetic-separation-product-spotlight-recycling-today-2026-07-05","noindex,follow","Product Spotlight Recycling Today: Recycling Buyers Review Magnetic Separation Needs","Cowinmagnet reviews Product Spotlight Recycling Today and explains what the news may mean for magnetic separation equipment buyers in recycling and...","Product Spotlight Recycling Today: Recycling Buyers Review Magnetic Separation Needs","Cowinmagnet reviews Product Spotlight Recycling Today and explains what the news may mean for magnetic separation equipment buyers in recycling and...","1","13","4","1","1224","1","0","3","NewsArticle,BreadcrumbList","meta-description-incomplete;news-heading-count;title-topic-drift","needs-revision-noindex"
"news-magnetic-separation-product-spotlight-recycling-today","magnetic-separation-product-spotlight-recycling-today","en","https://www.cowinmagnet.com/en/news/magnetic-separation-product-spotlight-recycling-today","news","Product Spotlight Recycling Today: Recycling Buyers Review Magnetic Separation Needs: Cowinmagnet View","2026-07-05","2026-08-12T12:25:51.927Z","/en/news/magnetic-separation-product-spotlight-recycling-today","noindex,follow","Product Spotlight Recycling Today: Recycling Buyers Review Magnetic Separation Needs","Cowinmagnet reviews Product Spotlight Recycling Today and explains what the news may mean for magnetic separation equipment buyers in recycling and...","Product Spotlight Recycling Today: Recycling Buyers Review Magnetic Separation Needs","Cowinmagnet reviews Product Spotlight Recycling Today and explains what the news may mean for magnetic separation equipment buyers in recycling and...","1","13","4","1","1224","0","0","3","NewsArticle,BreadcrumbList","meta-description-incomplete;news-heading-count;title-topic-drift","needs-revision-noindex"
"news-magnetic-separation-us-department-of-energy-awards-75m-to-recover-critical-minerals-from-c","magnetic-separation-us-department-of-energy-awards-75m-to-recover-critical-minerals-from-c","en","https://www.cowinmagnet.com/en/news/magnetic-separation-us-department-of-energy-awards-75m-to-recover-critical-minerals-from-c","news","Department Energy 75M: Magnetic Separation Questions for Mineral Buyers: Cowinmagnet View","2026-07-05","2026-08-12T12:25:51.934Z","/en/news/magnetic-separation-us-department-of-energy-awards-75m-to-recover-critical-minerals-from-c","noindex,follow","Department Energy 75M: Magnetic Separation Questions for Mineral Buyers","Cowinmagnet reviews Department Energy 75M and explains what the news may mean for magnetic separation equipment buyers in rare earth and critical-mineral...","Department Energy 75M: Magnetic Separation Questions for Mineral Buyers","Cowinmagnet reviews Department Energy 75M and explains what the news may mean for magnetic separation equipment buyers in rare earth and critical-mineral...","1","13","4","1","1236","1","0","3","NewsArticle,BreadcrumbList","news-heading-count;title-topic-drift","needs-revision-noindex"
"news-magnetic-bars-components-reformulation-impacts-from-the-shift-to-natural-food-dyes","magnetic-bars-components-reformulation-impacts-from-the-shift-to-natural-food-dyes","en","https://www.cowinmagnet.com/en/news/magnetic-bars-components-reformulation-impacts-from-the-shift-to-natural-food-dyes","news","Reformulation Impacts Shift Natural: Metal Contamination Control Notes for Processors: Cowinmagnet View","2026-07-05","2026-08-12T12:25:51.941Z","/en/news/magnetic-bars-components-reformulation-impacts-from-the-shift-to-natural-food-dyes","noindex,follow","Reformulation Impacts Shift Natural: Metal Contamination Control Notes for Processors","Cowinmagnet reviews Reformulation Impacts Shift Natural and explains what the news may mean for magnetic separation equipment buyers in food, powder, and...","Reformulation Impacts Shift Natural: Metal Contamination Control Notes for Processors","Cowinmagnet reviews Reformulation Impacts Shift Natural and explains what the news may mean for magnetic separation equipment buyers in food, powder, and...","1","13","4","1","1225","1","0","3","NewsArticle,BreadcrumbList","meta-description-incomplete;news-heading-count;title-topic-drift","needs-revision-noindex"
"news-magnetic-bars-components-beef-jerky-recalled-because-of-undeclared-wheat","magnetic-bars-components-beef-jerky-recalled-because-of-undeclared-wheat","en","https://www.cowinmagnet.com/en/news/magnetic-bars-components-beef-jerky-recalled-because-of-undeclared-wheat","news","Beef: Metal Contamination Control Notes for Processors: Cowinmagnet View","2026-07-04","2026-08-12T12:25:51.948Z","/en/news/magnetic-bars-components-beef-jerky-recalled-because-of-undeclared-wheat","noindex,follow","Beef: Metal Contamination Control Notes for Processors","Cowinmagnet reviews Beef and explains what the news may mean for magnetic separation equipment buyers in food, powder, and granular material processing.","Beef: Metal Contamination Control Notes for Processors","Cowinmagnet reviews Beef and explains what the news may mean for magnetic separation equipment buyers in food, powder, and granular material processing.","1","13","4","1","1227","1","0","3","NewsArticle,BreadcrumbList","news-heading-count;title-topic-drift","needs-revision-noindex"
"news-electromagnetic-separator-silver-mines-moves-bowdens-closer-to-development-2026-07-04","electromagnetic-separator-silver-mines-moves-bowdens-closer-to-development-2026-07-04","en","https://www.cowinmagnet.com/en/news/electromagnetic-separator-silver-mines-moves-bowdens-closer-to-development-2026-07-04","news","Silver Mines Bowdens: Electromagnetic Separator Selection Notes: Cowinmagnet View","2026-07-04","2026-08-12T12:25:51.955Z","/en/news/electromagnetic-separator-silver-mines-moves-bowdens-closer-to-development-2026-07-04","noindex,follow","Silver Mines Bowdens: Electromagnetic Separator Selection Notes","Cowinmagnet reviews Silver Mines Bowdens and explains what the news may mean for magnetic separation equipment buyers in bulk material handling.","Silver Mines Bowdens: Electromagnetic Separator Selection Notes","Cowinmagnet reviews Silver Mines Bowdens and explains what the news may mean for magnetic separation equipment buyers in bulk material handling.","1","13","4","1","1246","1","0","3","NewsArticle,BreadcrumbList","news-heading-count;title-topic-drift","needs-revision-noindex"
"news-electromagnetic-separator-silver-mines-moves-bowdens-closer-to-development","electromagnetic-separator-silver-mines-moves-bowdens-closer-to-development","en","https://www.cowinmagnet.com/en/news/electromagnetic-separator-silver-mines-moves-bowdens-closer-to-development","news","Silver Mines Bowdens: Electromagnetic Separator Selection Notes: Cowinmagnet View","2026-07-04","2026-08-12T12:25:51.961Z","/en/news/electromagnetic-separator-silver-mines-moves-bowdens-closer-to-development","noindex,follow","Silver Mines Bowdens: Electromagnetic Separator Selection Notes","Cowinmagnet reviews Silver Mines Bowdens and explains what the news may mean for magnetic separation equipment buyers in bulk material handling.","Silver Mines Bowdens: Electromagnetic Separator Selection Notes","Cowinmagnet reviews Silver Mines Bowdens and explains what the news may mean for magnetic separation equipment buyers in bulk material handling.","1","13","4","1","1246","1","0","3","NewsArticle,BreadcrumbList","news-heading-count;title-topic-drift","needs-revision-noindex"
"news-electromagnetic-separator-us-deep-sea-mineral-processing-plant-planned-by-glomar-australia","electromagnetic-separator-us-deep-sea-mineral-processing-plant-planned-by-glomar-australia","en","https://www.cowinmagnet.com/en/news/electromagnetic-separator-us-deep-sea-mineral-processing-plant-planned-by-glomar-australia","news","Glomar Australia Cobalt Blue: Magnetic Separation Questions for Mineral Buyers: Cowinmagnet View","2026-07-03","2026-08-12T12:25:51.968Z","/en/news/electromagnetic-separator-us-deep-sea-mineral-processing-plant-planned-by-glomar-australia","noindex,follow","Glomar Australia Cobalt Blue: Magnetic Separation Questions for Mineral Buyers","Cowinmagnet reviews Glomar Australia Cobalt Blue and explains what the news may mean for magnetic separation equipment buyers in rare earth and...","Glomar Australia Cobalt Blue: Magnetic Separation Questions for Mineral Buyers","Cowinmagnet reviews Glomar Australia Cobalt Blue and explains what the news may mean for magnetic separation equipment buyers in rare earth and...","1","13","4","1","1244","1","0","3","NewsArticle,BreadcrumbList","meta-description-incomplete;news-heading-count;title-topic-drift","needs-revision-noindex"
"news-electromagnetic-separator-us-based-atlantic-strategic-minerals-confirms-demo-rare-earths-p","electromagnetic-separator-us-based-atlantic-strategic-minerals-confirms-demo-rare-earths-p","en","https://www.cowinmagnet.com/en/news/electromagnetic-separator-us-based-atlantic-strategic-minerals-confirms-demo-rare-earths-p","news","US-based Atlantic Strategic Minerals: Magnetic Separation Questions for Mineral Buyers: Cowinmagnet View","2026-07-03","2026-08-12T12:25:51.976Z","/en/news/electromagnetic-separator-us-based-atlantic-strategic-minerals-confirms-demo-rare-earths-p","noindex,follow","US-based Atlantic Strategic Minerals: Magnetic Separation Questions for Mineral Buyers","Cowinmagnet reviews US-based Atlantic Strategic Minerals and explains what the news may mean for magnetic separation equipment buyers in rare earth and...","US-based Atlantic Strategic Minerals: Magnetic Separation Questions for Mineral Buyers","Cowinmagnet reviews US-based Atlantic Strategic Minerals and explains what the news may mean for magnetic separation equipment buyers in rare earth and...","1","13","4","1","1252","0","0","3","NewsArticle,BreadcrumbList","meta-description-incomplete;news-heading-count;title-topic-drift","needs-revision-noindex"
"news-magnetic-separation-improving-bulk-material-handling-through-automation","magnetic-separation-improving-bulk-material-handling-through-automation","en","https://www.cowinmagnet.com/en/news/magnetic-separation-improving-bulk-material-handling-through-automation","news","Improving Bulk Material Handling: Magnetic Separator Buyer Notes: Cowinmagnet View","2026-07-02","2026-08-12T12:25:51.983Z","/en/news/magnetic-separation-improving-bulk-material-handling-through-automation","noindex,follow","Improving Bulk Material Handling: Magnetic Separator Buyer Notes","Cowinmagnet reviews Improving Bulk Material Handling and explains what the news may mean for magnetic separation equipment buyers in bulk material handling.","Improving Bulk Material Handling: Magnetic Separator Buyer Notes","Cowinmagnet reviews Improving Bulk Material Handling and explains what the news may mean for magnetic separation equipment buyers in bulk material handling.","1","13","4","1","1216","1","0","3","NewsArticle,BreadcrumbList","news-heading-count;title-topic-drift","needs-revision-noindex"
"news-magnetic-separation-colorado-compels-automakers-to-own-ev-battery-recycling-and-reclaim-cr","magnetic-separation-colorado-compels-automakers-to-own-ev-battery-recycling-and-reclaim-cr","en","https://www.cowinmagnet.com/en/news/magnetic-separation-colorado-compels-automakers-to-own-ev-battery-recycling-and-reclaim-cr","news","Colorado Compels Automakers Own: Magnetic Separation Questions for Mineral Buyers: Cowinmagnet View","2026-07-02","2026-08-12T12:25:51.990Z","/en/news/magnetic-separation-colorado-compels-automakers-to-own-ev-battery-recycling-and-reclaim-cr","noindex,follow","Colorado Compels Automakers Own: Magnetic Separation Questions for Mineral Buyers","Cowinmagnet reviews Colorado Compels Automakers Own and explains what the news may mean for magnetic separation equipment buyers in lithium extraction and...","Colorado Compels Automakers Own: Magnetic Separation Questions for Mineral Buyers","Cowinmagnet reviews Colorado Compels Automakers Own and explains what the news may mean for magnetic separation equipment buyers in lithium extraction and...","1","13","4","1","1281","1","0","3","NewsArticle,BreadcrumbList","meta-description-incomplete;news-heading-count;title-topic-drift","needs-revision-noindex"
"news-electromagnetic-separator-koryx-copper-wins-analyst-support-after-namibia-assays","electromagnetic-separator-koryx-copper-wins-analyst-support-after-namibia-assays","en","https://www.cowinmagnet.com/en/news/electromagnetic-separator-koryx-copper-wins-analyst-support-after-namibia-assays","news","Koryx Copper Namibia: Electromagnetic Separator Selection Notes: Cowinmagnet View","2026-07-02","2026-08-12T12:25:51.997Z","/en/news/electromagnetic-separator-koryx-copper-wins-analyst-support-after-namibia-assays","noindex,follow","Koryx Copper Namibia: Electromagnetic Separator Selection Notes","Cowinmagnet reviews Koryx Copper Namibia and explains what the news may mean for magnetic separation equipment buyers in bulk material handling.","Koryx Copper Namibia: Electromagnetic Separator Selection Notes","Cowinmagnet reviews Koryx Copper Namibia and explains what the news may mean for magnetic separation equipment buyers in bulk material handling.","1","13","4","1","1195","1","0","3","NewsArticle,BreadcrumbList","news-heading-count;title-topic-drift","needs-revision-noindex"
"news-magnetic-separation-weir-lands-major-slurry-pump-order-in-india","magnetic-separation-weir-lands-major-slurry-pump-order-in-india","en","https://www.cowinmagnet.com/en/news/magnetic-separation-weir-lands-major-slurry-pump-order-in-india","news","Weir India: Magnetic Separation Questions for Mineral Buyers: Cowinmagnet View","2026-07-01","2026-08-12T12:25:52.004Z","/en/news/magnetic-separation-weir-lands-major-slurry-pump-order-in-india","noindex,follow","Weir India: Magnetic Separation Questions for Mineral Buyers","Cowinmagnet reviews Weir India and explains what the news may mean for magnetic separation equipment buyers in rare earth and critical-mineral processing.","Weir India: Magnetic Separation Questions for Mineral Buyers","Cowinmagnet reviews Weir India and explains what the news may mean for magnetic separation equipment buyers in rare earth and critical-mineral processing.","1","13","4","1","1281","1","0","3","NewsArticle,BreadcrumbList","news-heading-count;title-topic-drift","needs-revision-noindex"
"news-magnetic-separation-prima-deshecha-landfill-earns-cal-vpp-star-certification","magnetic-separation-prima-deshecha-landfill-earns-cal-vpp-star-certification","en","https://www.cowinmagnet.com/en/news/magnetic-separation-prima-deshecha-landfill-earns-cal-vpp-star-certification","news","Prima Deshecha Landfill Earns: Recycling Buyers Review Magnetic Separation Needs: Cowinmagnet View","2026-07-01","2026-08-12T12:25:52.011Z","/en/news/magnetic-separation-prima-deshecha-landfill-earns-cal-vpp-star-certification","noindex,follow","Prima Deshecha Landfill Earns: Recycling Buyers Review Magnetic Separation Needs","Cowinmagnet reviews Prima Deshecha Landfill Earns and explains what the news may mean for magnetic separation equipment buyers in recycling and...","Prima Deshecha Landfill Earns: Recycling Buyers Review Magnetic Separation Needs","Cowinmagnet reviews Prima Deshecha Landfill Earns and explains what the news may mean for magnetic separation equipment buyers in recycling and...","1","13","4","1","1250","1","0","3","NewsArticle,BreadcrumbList","meta-description-incomplete;news-heading-count;unverified-claim;title-topic-drift","needs-revision-noindex"
"news-electromagnetic-separator-how-arafura-and-8217-s-nolans-project-became-absolutely-critical","electromagnetic-separator-how-arafura-and-8217-s-nolans-project-became-absolutely-critical","en","https://www.cowinmagnet.com/en/news/electromagnetic-separator-how-arafura-and-8217-s-nolans-project-became-absolutely-critical","news","How Arafura 8217 Nolans: Magnetic Separation Questions for Mineral Buyers: Cowinmagnet View","2026-07-01","2026-08-12T12:25:52.018Z","/en/news/electromagnetic-separator-how-arafura-and-8217-s-nolans-project-became-absolutely-critical","noindex,follow","How Arafura 8217 Nolans: Magnetic Separation Questions for Mineral Buyers","Cowinmagnet reviews How Arafura 8217 Nolans and explains what the news may mean for magnetic separation equipment buyers in rare earth and...","How Arafura 8217 Nolans: Magnetic Separation Questions for Mineral Buyers","Cowinmagnet reviews How Arafura 8217 Nolans and explains what the news may mean for magnetic separation equipment buyers in rare earth and...","1","13","4","1","1290","1","0","3","NewsArticle,BreadcrumbList","meta-description-incomplete;news-heading-count;title-topic-drift","needs-revision-noindex"
"news-electromagnetic-separator-cereulide-incident-and-deadly-listeria-outbreak-highlighted-in-a","electromagnetic-separator-cereulide-incident-and-deadly-listeria-outbreak-highlighted-in-a","en","https://www.cowinmagnet.com/en/news/electromagnetic-separator-cereulide-incident-and-deadly-listeria-outbreak-highlighted-in-a","news","Cereulide Listeria: Metal Contamination Control Notes for Processors: Cowinmagnet View","2026-07-01","2026-08-12T12:25:52.026Z","/en/news/electromagnetic-separator-cereulide-incident-and-deadly-listeria-outbreak-highlighted-in-a","noindex,follow","Cereulide Listeria: Metal Contamination Control Notes for Processors","Cowinmagnet reviews Cereulide Listeria and explains what the news may mean for magnetic separation equipment buyers in food, powder, and granular material...","Cereulide Listeria: Metal Contamination Control Notes for Processors","Cowinmagnet reviews Cereulide Listeria and explains what the news may mean for magnetic separation equipment buyers in food, powder, and granular material...","1","13","4","1","1237","1","0","3","NewsArticle,BreadcrumbList","news-heading-count;title-topic-drift","needs-revision-noindex"
"news-magnetic-separation-tomra-recycling-unveils-finder-color-next-generation-color-sorting-for","magnetic-separation-tomra-recycling-unveils-finder-color-next-generation-color-sorting-for","en","https://www.cowinmagnet.com/en/news/magnetic-separation-tomra-recycling-unveils-finder-color-next-generation-color-sorting-for","news","TOMRA Recycling Unveils FINDER: Recycling Buyers Review Magnetic Separation Needs: Cowinmagnet View","2026-06-30","2026-08-12T12:25:52.033Z","/en/news/magnetic-separation-tomra-recycling-unveils-finder-color-next-generation-color-sorting-for","noindex,follow","TOMRA Recycling Unveils FINDER: Recycling Buyers Review Magnetic Separation Needs","Cowinmagnet reviews TOMRA Recycling Unveils FINDER and explains what the news may mean for magnetic separation equipment buyers in recycling and...","TOMRA Recycling Unveils FINDER: Recycling Buyers Review Magnetic Separation Needs","Cowinmagnet reviews TOMRA Recycling Unveils FINDER and explains what the news may mean for magnetic separation equipment buyers in recycling and...","1","13","4","1","1242","1","0","3","NewsArticle,BreadcrumbList","meta-description-incomplete;news-heading-count;title-topic-drift","needs-revision-noindex"
"news-electromagnetic-separator-greatland-targets-multi-decade-future-at-telfer-havieron","electromagnetic-separator-greatland-targets-multi-decade-future-at-telfer-havieron","en","https://www.cowinmagnet.com/en/news/electromagnetic-separator-greatland-targets-multi-decade-future-at-telfer-havieron","news","Greatland Telfer-Havieron: Magnetic Separation Questions for Mineral Buyers: Cowinmagnet View","2026-06-30","2026-08-12T12:25:52.041Z","/en/news/electromagnetic-separator-greatland-targets-multi-decade-future-at-telfer-havieron","noindex,follow","Greatland Telfer-Havieron: Magnetic Separation Questions for Mineral Buyers","Cowinmagnet reviews Greatland Telfer-Havieron and explains what the news may mean for magnetic separation equipment buyers in rare earth and...","Greatland Telfer-Havieron: Magnetic Separation Questions for Mineral Buyers","Cowinmagnet reviews Greatland Telfer-Havieron and explains what the news may mean for magnetic separation equipment buyers in rare earth and...","1","13","4","1","1261","1","0","3","NewsArticle,BreadcrumbList","meta-description-incomplete;news-heading-count;title-topic-drift","needs-revision-noindex"
"news-magnetic-bars-components-plant-based-food-brand-recalls-2-products","magnetic-bars-components-plant-based-food-brand-recalls-2-products","en","https://www.cowinmagnet.com/en/news/magnetic-bars-components-plant-based-food-brand-recalls-2-products","news","Plant-Based Food Brand Recalls: Metal Contamination Control Notes for Processors: Cowinmagnet View","2026-06-30","2026-08-12T12:25:52.049Z","/en/news/magnetic-bars-components-plant-based-food-brand-recalls-2-products","noindex,follow","Plant-Based Food Brand Recalls: Metal Contamination Control Notes for Processors","Cowinmagnet reviews Plant-Based Food Brand Recalls and explains what the news may mean for magnetic separation equipment buyers in food, powder, and...","Plant-Based Food Brand Recalls: Metal Contamination Control Notes for Processors","Cowinmagnet reviews Plant-Based Food Brand Recalls and explains what the news may mean for magnetic separation equipment buyers in food, powder, and...","1","13","4","1","1211","1","0","3","NewsArticle,BreadcrumbList","meta-description-incomplete;news-heading-count;title-topic-drift","needs-revision-noindex"
"news-magnetic-separation-tactical-resources-eyes-nasdaq-debut-as-texas-rare-earths-project-adva","magnetic-separation-tactical-resources-eyes-nasdaq-debut-as-texas-rare-earths-project-adva","en","https://www.cowinmagnet.com/en/news/magnetic-separation-tactical-resources-eyes-nasdaq-debut-as-texas-rare-earths-project-adva","news","Tactical Resources Nasdaq Texas: Magnetic Separation Questions for Mineral Buyers: Cowinmagnet View","2026-06-29","2026-08-12T12:25:52.056Z","/en/news/magnetic-separation-tactical-resources-eyes-nasdaq-debut-as-texas-rare-earths-project-adva","noindex,follow","Tactical Resources Nasdaq Texas: Magnetic Separation Questions for Mineral Buyers","Cowinmagnet reviews Tactical Resources Nasdaq Texas and explains what the news may mean for magnetic separation equipment buyers in rare earth and...","Tactical Resources Nasdaq Texas: Magnetic Separation Questions for Mineral Buyers","Cowinmagnet reviews Tactical Resources Nasdaq Texas and explains what the news may mean for magnetic separation equipment buyers in rare earth and...","1","13","4","1","1252","1","0","3","NewsArticle,BreadcrumbList","meta-description-incomplete;news-heading-count;title-topic-drift","needs-revision-noindex"
"news-electromagnetic-separator-us-army-opens-bases-to-critical-minerals-plants-miningmx","electromagnetic-separator-us-army-opens-bases-to-critical-minerals-plants-miningmx","en","https://www.cowinmagnet.com/en/news/electromagnetic-separator-us-army-opens-bases-to-critical-minerals-plants-miningmx","news","Army Miningmx: Magnetic Separation Questions for Mineral Buyers: Cowinmagnet View","2026-06-29","2026-08-12T12:25:52.063Z","/en/news/electromagnetic-separator-us-army-opens-bases-to-critical-minerals-plants-miningmx","noindex,follow","Army Miningmx: Magnetic Separation Questions for Mineral Buyers","Cowinmagnet reviews Army Miningmx and explains what the news may mean for magnetic separation equipment buyers in rare earth and critical-mineral processing.","Army Miningmx: Magnetic Separation Questions for Mineral Buyers","Cowinmagnet reviews Army Miningmx and explains what the news may mean for magnetic separation equipment buyers in rare earth and critical-mineral processing.","1","13","4","1","1224","1","0","3","NewsArticle,BreadcrumbList","news-heading-count;title-topic-drift","needs-revision-noindex"
"news-electromagnetic-separator-thiess-adds-fourth-liebherr-r-9800-in-queensland","electromagnetic-separator-thiess-adds-fourth-liebherr-r-9800-in-queensland","en","https://www.cowinmagnet.com/en/news/electromagnetic-separator-thiess-adds-fourth-liebherr-r-9800-in-queensland","news","Thiess Liebherr 9800 Queensland: Electromagnetic Separator Selection Notes: Cowinmagnet View","2026-06-29","2026-08-12T12:25:52.071Z","/en/news/electromagnetic-separator-thiess-adds-fourth-liebherr-r-9800-in-queensland","noindex,follow","Thiess Liebherr 9800 Queensland: Electromagnetic Separator Selection Notes","Cowinmagnet reviews Thiess Liebherr 9800 Queensland and explains what the news may mean for magnetic separation equipment buyers in bulk material handling.","Thiess Liebherr 9800 Queensland: Electromagnetic Separator Selection Notes","Cowinmagnet reviews Thiess Liebherr 9800 Queensland and explains what the news may mean for magnetic separation equipment buyers in bulk material handling.","1","13","4","1","1253","1","0","3","NewsArticle,BreadcrumbList","news-heading-count;title-topic-drift","needs-revision-noindex"
"news-magnetic-separation-focus-on-app-and-hardware-update-steinert-metal-and-waste-sorting-solu","magnetic-separation-focus-on-app-and-hardware-update-steinert-metal-and-waste-sorting-solu","en","https://www.cowinmagnet.com/en/news/magnetic-separation-focus-on-app-and-hardware-update-steinert-metal-and-waste-sorting-solu","news","Focus App Hardware Update: Recycling Buyers Review Magnetic Separation Needs: Cowinmagnet View","2026-06-29","2026-08-12T12:25:52.078Z","/en/news/magnetic-separation-focus-on-app-and-hardware-update-steinert-metal-and-waste-sorting-solu","noindex,follow","Focus App Hardware Update: Recycling Buyers Review Magnetic Separation Needs","Cowinmagnet reviews Focus App Hardware Update and explains what the news may mean for magnetic separation equipment buyers in recycling and...","Focus App Hardware Update: Recycling Buyers Review Magnetic Separation Needs","Cowinmagnet reviews Focus App Hardware Update and explains what the news may mean for magnetic separation equipment buyers in recycling and...","1","13","4","1","1248","1","0","3","NewsArticle,BreadcrumbList","meta-description-incomplete;news-heading-count;title-topic-drift","needs-revision-noindex"
"news-magnetic-separation-gfl-environmental-inc-announces-proposed-private-offering-of-senior-no","magnetic-separation-gfl-environmental-inc-announces-proposed-private-offering-of-senior-no","en","https://www.cowinmagnet.com/en/news/magnetic-separation-gfl-environmental-inc-announces-proposed-private-offering-of-senior-no","news","GFL Environmental Inc Announces: Conveyor Protection Lessons for Quarry Buyers: Cowinmagnet View","2026-06-28","2026-08-12T12:25:52.085Z","/en/news/magnetic-separation-gfl-environmental-inc-announces-proposed-private-offering-of-senior-no","noindex,follow","GFL Environmental Inc Announces: Conveyor Protection Lessons for Quarry Buyers","Cowinmagnet reviews GFL Environmental Inc Announces and explains what the news may mean for magnetic separation equipment buyers in bulk material handling.","GFL Environmental Inc Announces: Conveyor Protection Lessons for Quarry Buyers","Cowinmagnet reviews GFL Environmental Inc Announces and explains what the news may mean for magnetic separation equipment buyers in bulk material handling.","1","13","4","1","1249","1","0","3","NewsArticle,BreadcrumbList","news-heading-count;title-topic-drift","needs-revision-noindex"
"news-magnetic-separation-wmw-metal-recycling-waste-sorting-excellence-conservit-s-path-to-high","magnetic-separation-wmw-metal-recycling-waste-sorting-excellence-conservit-s-path-to-high","en","https://www.cowinmagnet.com/en/news/magnetic-separation-wmw-metal-recycling-waste-sorting-excellence-conservit-s-path-to-high","news","WMW Metal Recycling Waste: Recycling Buyers Review Magnetic Separation Needs: Cowinmagnet View","2026-06-28","2026-08-12T12:25:52.092Z","/en/news/magnetic-separation-wmw-metal-recycling-waste-sorting-excellence-conservit-s-path-to-high","noindex,follow","WMW Metal Recycling Waste: Recycling Buyers Review Magnetic Separation Needs","Cowinmagnet reviews WMW Metal Recycling Waste and explains what the news may mean for magnetic separation equipment buyers in recycling and...","WMW Metal Recycling Waste: Recycling Buyers Review Magnetic Separation Needs","Cowinmagnet reviews WMW Metal Recycling Waste and explains what the news may mean for magnetic separation equipment buyers in recycling and...","1","13","4","1","1250","1","0","3","NewsArticle,BreadcrumbList","meta-description-incomplete;news-heading-count;title-topic-drift","needs-revision-noindex"
"news-electromagnetic-separator-fda-imposes-stricter-import-controls-because-of-pesticides-salmo","electromagnetic-separator-fda-imposes-stricter-import-controls-because-of-pesticides-salmo","en","https://www.cowinmagnet.com/en/news/electromagnetic-separator-fda-imposes-stricter-import-controls-because-of-pesticides-salmo","news","FDA Salmonella: Magnetic Separation Questions for Mineral Buyers: Cowinmagnet View","2026-06-28","2026-08-12T12:25:52.099Z","/en/news/electromagnetic-separator-fda-imposes-stricter-import-controls-because-of-pesticides-salmo","noindex,follow","FDA Salmonella: Magnetic Separation Questions for Mineral Buyers","Cowinmagnet reviews FDA Salmonella and explains what the news may mean for magnetic separation equipment buyers in rare earth and critical-mineral processing.","FDA Salmonella: Magnetic Separation Questions for Mineral Buyers","Cowinmagnet reviews FDA Salmonella and explains what the news may mean for magnetic separation equipment buyers in rare earth and critical-mineral processing.","1","13","4","1","1236","1","0","3","NewsArticle,BreadcrumbList","news-heading-count;title-topic-drift","needs-revision-noindex"
"news-electromagnetic-separator-leadership-change-signals-covalent-and-8217-s-next-growth-phase","electromagnetic-separator-leadership-change-signals-covalent-and-8217-s-next-growth-phase","en","https://www.cowinmagnet.com/en/news/electromagnetic-separator-leadership-change-signals-covalent-and-8217-s-next-growth-phase","news","Leadership Covalent 8217: Magnetic Separation Questions for Mineral Buyers: Cowinmagnet View","2026-06-28","2026-08-12T12:25:52.107Z","/en/news/electromagnetic-separator-leadership-change-signals-covalent-and-8217-s-next-growth-phase","noindex,follow","Leadership Covalent 8217: Magnetic Separation Questions for Mineral Buyers","Cowinmagnet reviews Leadership Covalent 8217 and explains what the news may mean for magnetic separation equipment buyers in lithium extraction and...","Leadership Covalent 8217: Magnetic Separation Questions for Mineral Buyers","Cowinmagnet reviews Leadership Covalent 8217 and explains what the news may mean for magnetic separation equipment buyers in lithium extraction and...","1","13","4","1","1288","1","0","3","NewsArticle,BreadcrumbList","meta-description-incomplete;news-heading-count;title-topic-drift","needs-revision-noindex"
"news-electromagnetic-separator-food-industry-report-reveals-rising-pay-top-concerns","electromagnetic-separator-food-industry-report-reveals-rising-pay-top-concerns","en","https://www.cowinmagnet.com/en/news/electromagnetic-separator-food-industry-report-reveals-rising-pay-top-concerns","news","Food Industry Report Reveals: Metal Contamination Control Notes for Processors: Cowinmagnet View","2026-06-27","2026-08-12T12:25:52.114Z","/en/news/electromagnetic-separator-food-industry-report-reveals-rising-pay-top-concerns","noindex,follow","Food Industry Report Reveals: Metal Contamination Control Notes for Processors","Cowinmagnet reviews Food Industry Report Reveals and explains what the news may mean for magnetic separation equipment buyers in food, powder, and...","Food Industry Report Reveals: Metal Contamination Control Notes for Processors","Cowinmagnet reviews Food Industry Report Reveals and explains what the news may mean for magnetic separation equipment buyers in food, powder, and...","1","13","4","1","1230","1","0","3","NewsArticle,BreadcrumbList","meta-description-incomplete;news-heading-count;title-topic-drift","needs-revision-noindex"
"news-magnetic-separation-plastics-unscripted-the-state-of-plastics","magnetic-separation-plastics-unscripted-the-state-of-plastics","en","https://www.cowinmagnet.com/en/news/magnetic-separation-plastics-unscripted-the-state-of-plastics","news","Plastics Unscripted State Plastics: Recycling Buyers Review Magnetic Separation Needs: Cowinmagnet View","2026-06-27","2026-08-12T12:25:52.121Z","/en/news/magnetic-separation-plastics-unscripted-the-state-of-plastics","noindex,follow","Plastics Unscripted State Plastics: Recycling Buyers Review Magnetic Separation Needs","Cowinmagnet reviews Plastics Unscripted State Plastics and explains what the news may mean for magnetic separation equipment buyers in recycling and...","Plastics Unscripted State Plastics: Recycling Buyers Review Magnetic Separation Needs","Cowinmagnet reviews Plastics Unscripted State Plastics and explains what the news may mean for magnetic separation equipment buyers in recycling and...","1","13","4","1","1243","1","0","3","NewsArticle,BreadcrumbList","meta-description-incomplete;news-heading-count;title-topic-drift","needs-revision-noindex"
"news-electromagnetic-separator-infographic-canada-s-miners-are-blue-collar-wage-leaders","electromagnetic-separator-infographic-canada-s-miners-are-blue-collar-wage-leaders","en","https://www.cowinmagnet.com/en/news/electromagnetic-separator-infographic-canada-s-miners-are-blue-collar-wage-leaders","news","Infographic Canada: Electromagnetic Separator Selection Notes: Cowinmagnet View","2026-06-27","2026-08-12T12:25:52.128Z","/en/news/electromagnetic-separator-infographic-canada-s-miners-are-blue-collar-wage-leaders","noindex,follow","Infographic Canada: Electromagnetic Separator Selection Notes","Cowinmagnet reviews Infographic Canada and explains what the news may mean for magnetic separation equipment buyers in bulk material handling.","Infographic Canada: Electromagnetic Separator Selection Notes","Cowinmagnet reviews Infographic Canada and explains what the news may mean for magnetic separation equipment buyers in bulk material handling.","1","13","4","1","1194","1","0","3","NewsArticle,BreadcrumbList","news-heading-count;title-topic-drift","needs-revision-noindex"
"news-magnetic-separation-wear-liner-impact-plate-market-forecast-to-2035-replacement-demand-fro","magnetic-separation-wear-liner-impact-plate-market-forecast-to-2035-replacement-demand-fro","en","https://www.cowinmagnet.com/en/news/magnetic-separation-wear-liner-impact-plate-market-forecast-to-2035-replacement-demand-fro","news","Wear Liner Impact Plate: Magnetic Separation Questions for Mineral Buyers: Cowinmagnet View","2026-06-27","2026-08-12T12:25:52.136Z","/en/news/magnetic-separation-wear-liner-impact-plate-market-forecast-to-2035-replacement-demand-fro","noindex,follow","Wear Liner Impact Plate: Magnetic Separation Questions for Mineral Buyers","Cowinmagnet reviews Wear Liner Impact Plate and explains what the news may mean for magnetic separation equipment buyers in rare earth and...","Wear Liner Impact Plate: Magnetic Separation Questions for Mineral Buyers","Cowinmagnet reviews Wear Liner Impact Plate and explains what the news may mean for magnetic separation equipment buyers in rare earth and...","1","13","4","1","1273","1","0","3","NewsArticle,BreadcrumbList","meta-description-incomplete;news-heading-count;title-topic-drift","needs-revision-noindex"
"news-electromagnetic-separator-wa-urged-to-seize-100-billion-critical-minerals-opportunity","electromagnetic-separator-wa-urged-to-seize-100-billion-critical-minerals-opportunity","en","https://www.cowinmagnet.com/en/news/electromagnetic-separator-wa-urged-to-seize-100-billion-critical-minerals-opportunity","news","100: Magnetic Separation Questions for Mineral Buyers: Cowinmagnet View","2026-06-25","2026-08-12T12:25:52.143Z","/en/news/electromagnetic-separator-wa-urged-to-seize-100-billion-critical-minerals-opportunity","noindex,follow","100: Magnetic Separation Questions for Mineral Buyers","Cowinmagnet reviews 100 and explains what the news may mean for magnetic separation equipment buyers in rare earth and critical-mineral processing.","100: Magnetic Separation Questions for Mineral Buyers","Cowinmagnet reviews 100 and explains what the news may mean for magnetic separation equipment buyers in rare earth and critical-mineral processing.","1","13","4","1","1274","1","0","3","NewsArticle,BreadcrumbList","news-heading-count;title-topic-drift","needs-revision-noindex"
"news-magnetic-bars-components-restaurant-inspection-data-may-help-strengthen-foodborne-illness","magnetic-bars-components-restaurant-inspection-data-may-help-strengthen-foodborne-illness","en","https://www.cowinmagnet.com/en/news/magnetic-bars-components-restaurant-inspection-data-may-help-strengthen-foodborne-illness","news","Restaurant: Magnetic Separation Questions for Mineral Buyers: Cowinmagnet View","2026-06-25","2026-08-12T12:25:52.151Z","/en/news/magnetic-bars-components-restaurant-inspection-data-may-help-strengthen-foodborne-illness","noindex,follow","Restaurant: Magnetic Separation Questions for Mineral Buyers","Cowinmagnet reviews Restaurant and explains what the news may mean for magnetic separation equipment buyers in rare earth and critical-mineral processing.","Restaurant: Magnetic Separation Questions for Mineral Buyers","Cowinmagnet reviews Restaurant and explains what the news may mean for magnetic separation equipment buyers in rare earth and critical-mineral processing.","1","13","4","1","1217","1","0","3","NewsArticle,BreadcrumbList","news-heading-count;title-topic-drift","needs-revision-noindex"
"news-magnetic-bars-components-icf-system-for-food-environments","magnetic-bars-components-icf-system-for-food-environments","en","https://www.cowinmagnet.com/en/news/magnetic-bars-components-icf-system-for-food-environments","news","ICF System Food Environments: Metal Contamination Control Notes for Processors: Cowinmagnet View","2026-06-24","2026-08-12T12:25:52.159Z","/en/news/magnetic-bars-components-icf-system-for-food-environments","noindex,follow","ICF System Food Environments: Metal Contamination Control Notes for Processors","Cowinmagnet reviews ICF System Food Environments and explains what the news may mean for magnetic separation equipment buyers in food, powder, and...","ICF System Food Environments: Metal Contamination Control Notes for Processors","Cowinmagnet reviews ICF System Food Environments and explains what the news may mean for magnetic separation equipment buyers in food, powder, and...","1","13","4","1","1213","1","0","3","NewsArticle,BreadcrumbList","meta-description-incomplete;news-heading-count;title-topic-drift","needs-revision-noindex"
"news-magnetic-separation-waste-world-episode-68-todd-ellis-on-building-a-better-battery-recycli","magnetic-separation-waste-world-episode-68-todd-ellis-on-building-a-better-battery-recycli","en","https://www.cowinmagnet.com/en/news/magnetic-separation-waste-world-episode-68-todd-ellis-on-building-a-better-battery-recycli","news","Waste World Episode Todd: Recycling Buyers Review Magnetic Separation Needs: Cowinmagnet View","2026-06-24","2026-08-12T12:25:52.167Z","/en/news/magnetic-separation-waste-world-episode-68-todd-ellis-on-building-a-better-battery-recycli","noindex,follow","Waste World Episode Todd: Recycling Buyers Review Magnetic Separation Needs","Cowinmagnet reviews Waste World Episode Todd and explains what the news may mean for magnetic separation equipment buyers in lithium extraction and...","Waste World Episode Todd: Recycling Buyers Review Magnetic Separation Needs","Cowinmagnet reviews Waste World Episode Todd and explains what the news may mean for magnetic separation equipment buyers in lithium extraction and...","1","13","4","1","1276","1","0","3","NewsArticle,BreadcrumbList","meta-description-incomplete;news-heading-count;title-topic-drift","needs-revision-noindex"
"news-electromagnetic-separator-newmont-and-8217-s-red-chris-underground-expansion-gets-regulato","electromagnetic-separator-newmont-and-8217-s-red-chris-underground-expansion-gets-regulato","en","https://www.cowinmagnet.com/en/news/electromagnetic-separator-newmont-and-8217-s-red-chris-underground-expansion-gets-regulato","news","Newmont 8217 Red Chris: Electromagnetic Separator Selection Notes: Cowinmagnet View","2026-06-24","2026-08-12T12:25:52.174Z","/en/news/electromagnetic-separator-newmont-and-8217-s-red-chris-underground-expansion-gets-regulato","noindex,follow","Newmont 8217 Red Chris: Electromagnetic Separator Selection Notes","Cowinmagnet reviews Newmont 8217 Red Chris and explains what the news may mean for magnetic separation equipment buyers in bulk material handling.","Newmont 8217 Red Chris: Electromagnetic Separator Selection Notes","Cowinmagnet reviews Newmont 8217 Red Chris and explains what the news may mean for magnetic separation equipment buyers in bulk material handling.","1","13","4","1","1209","1","0","3","NewsArticle,BreadcrumbList","news-heading-count;title-topic-drift","needs-revision-noindex"
"news-magnetic-separation-sustainable-building-materials-company-ceo-on-equipment-choices","magnetic-separation-sustainable-building-materials-company-ceo-on-equipment-choices","en","https://www.cowinmagnet.com/en/news/magnetic-separation-sustainable-building-materials-company-ceo-on-equipment-choices","news","Sustainable Building Materials Company: Conveyor Protection Lessons for Quarry Buyers: Cowinmagnet View","2026-06-19","2026-08-12T12:25:52.182Z","/en/news/magnetic-separation-sustainable-building-materials-company-ceo-on-equipment-choices","noindex,follow","Sustainable Building Materials Company: Conveyor Protection Lessons for Quarry Buyers","Cowinmagnet reviews Sustainable Building Materials Company and explains what the news may mean for magnetic separation equipment buyers in bulk material...","Sustainable Building Materials Company: Conveyor Protection Lessons for Quarry Buyers","Cowinmagnet reviews Sustainable Building Materials Company and explains what the news may mean for magnetic separation equipment buyers in bulk material...","1","13","4","1","1225","1","0","3","NewsArticle,BreadcrumbList","news-heading-count;title-topic-drift","needs-revision-noindex"
"news-electromagnetic-separator-rinehart-s-1b-spacex-bet-targets-mining-beyond-earth","electromagnetic-separator-rinehart-s-1b-spacex-bet-targets-mining-beyond-earth","en","https://www.cowinmagnet.com/en/news/electromagnetic-separator-rinehart-s-1b-spacex-bet-targets-mining-beyond-earth","news","Rinehart SpaceX Earth: Magnetic Separation Questions for Mineral Buyers: Cowinmagnet View","2026-06-19","2026-08-12T12:25:52.189Z","/en/news/electromagnetic-separator-rinehart-s-1b-spacex-bet-targets-mining-beyond-earth","noindex,follow","Rinehart SpaceX Earth: Magnetic Separation Questions for Mineral Buyers","Cowinmagnet reviews Rinehart SpaceX Earth and explains what the news may mean for magnetic separation equipment buyers in rare earth and critical-mineral...","Rinehart SpaceX Earth: Magnetic Separation Questions for Mineral Buyers","Cowinmagnet reviews Rinehart SpaceX Earth and explains what the news may mean for magnetic separation equipment buyers in rare earth and critical-mineral...","1","13","4","1","1227","1","0","3","NewsArticle,BreadcrumbList","news-heading-count;title-topic-drift","needs-revision-noindex"
"news-magnetic-separation-casella-s-roadmap-for-renewable-energy-and-driving-a-circular-economy","magnetic-separation-casella-s-roadmap-for-renewable-energy-and-driving-a-circular-economy","en","https://www.cowinmagnet.com/en/news/magnetic-separation-casella-s-roadmap-for-renewable-energy-and-driving-a-circular-economy","news","Casella Roadmap Renewable Energy: Recycling Buyers Review Magnetic Separation Needs: Cowinmagnet View","2026-06-19","2026-08-12T12:25:52.197Z","/en/news/magnetic-separation-casella-s-roadmap-for-renewable-energy-and-driving-a-circular-economy","noindex,follow","Casella Roadmap Renewable Energy: Recycling Buyers Review Magnetic Separation Needs","Cowinmagnet reviews Casella Roadmap Renewable Energy and explains what the news may mean for magnetic separation equipment buyers in recycling and...","Casella Roadmap Renewable Energy: Recycling Buyers Review Magnetic Separation Needs","Cowinmagnet reviews Casella Roadmap Renewable Energy and explains what the news may mean for magnetic separation equipment buyers in recycling and...","1","13","4","1","1266","1","0","3","NewsArticle,BreadcrumbList","meta-description-incomplete;news-heading-count;title-topic-drift","needs-revision-noindex"
"news-electromagnetic-separator-sandvik-achieves-record-operating-hours-on-leopard-di650i","electromagnetic-separator-sandvik-achieves-record-operating-hours-on-leopard-di650i","en","https://www.cowinmagnet.com/en/news/electromagnetic-separator-sandvik-achieves-record-operating-hours-on-leopard-di650i","news","Sandvik Leopard DI650i: Magnetic Separation Questions for Mineral Buyers: Cowinmagnet View","2026-06-19","2026-08-12T12:25:52.205Z","/en/news/electromagnetic-separator-sandvik-achieves-record-operating-hours-on-leopard-di650i","noindex,follow","Sandvik Leopard DI650i: Magnetic Separation Questions for Mineral Buyers","Cowinmagnet reviews Sandvik Leopard DI650i and explains what the news may mean for magnetic separation equipment buyers in rare earth and critical-mineral...","Sandvik Leopard DI650i: Magnetic Separation Questions for Mineral Buyers","Cowinmagnet reviews Sandvik Leopard DI650i and explains what the news may mean for magnetic separation equipment buyers in rare earth and critical-mineral...","1","13","4","1","1269","1","0","3","NewsArticle,BreadcrumbList","news-heading-count;title-topic-drift","needs-revision-noindex"
"news-electromagnetic-separator-publisher-s-platform-fda-s-byheart-inspection-report-is-finally","electromagnetic-separator-publisher-s-platform-fda-s-byheart-inspection-report-is-finally","en","https://www.cowinmagnet.com/en/news/electromagnetic-separator-publisher-s-platform-fda-s-byheart-inspection-report-is-finally","news","Publisher Platform FDA ByHeart: Electromagnetic Separator Selection Notes: Cowinmagnet View","2026-06-17","2026-08-12T12:25:52.212Z","/en/news/electromagnetic-separator-publisher-s-platform-fda-s-byheart-inspection-report-is-finally","noindex,follow","Publisher Platform FDA ByHeart: Electromagnetic Separator Selection Notes","Cowinmagnet reviews Publisher Platform FDA ByHeart and explains what the news may mean for magnetic separation equipment buyers in bulk material handling.","Publisher Platform FDA ByHeart: Electromagnetic Separator Selection Notes","Cowinmagnet reviews Publisher Platform FDA ByHeart and explains what the news may mean for magnetic separation equipment buyers in bulk material handling.","1","13","4","1","1244","1","0","3","NewsArticle,BreadcrumbList","news-heading-count;title-topic-drift","needs-revision-noindex"
"news-magnetic-separation-wmw-setting-new-standards-in-scrap-recycling-hudei-metals-leads-india","magnetic-separation-wmw-setting-new-standards-in-scrap-recycling-hudei-metals-leads-india","en","https://www.cowinmagnet.com/en/news/magnetic-separation-wmw-setting-new-standards-in-scrap-recycling-hudei-metals-leads-india","news","WMW Setting HUDEI Metals: Recycling Buyers Review Magnetic Separation Needs: Cowinmagnet View","2026-06-17","2026-08-12T12:25:52.219Z","/en/news/magnetic-separation-wmw-setting-new-standards-in-scrap-recycling-hudei-metals-leads-india","noindex,follow","WMW Setting HUDEI Metals: Recycling Buyers Review Magnetic Separation Needs","Cowinmagnet reviews WMW Setting HUDEI Metals and explains what the news may mean for magnetic separation equipment buyers in recycling and...","WMW Setting HUDEI Metals: Recycling Buyers Review Magnetic Separation Needs","Cowinmagnet reviews WMW Setting HUDEI Metals and explains what the news may mean for magnetic separation equipment buyers in recycling and...","1","13","4","1","1256","1","0","3","NewsArticle,BreadcrumbList","meta-description-incomplete;news-heading-count;title-topic-drift","needs-revision-noindex"
"news-electromagnetic-separator-barminco-selects-sandvik-for-23-unit-bellevue-gold-project-fleet","electromagnetic-separator-barminco-selects-sandvik-for-23-unit-bellevue-gold-project-fleet","en","https://www.cowinmagnet.com/en/news/electromagnetic-separator-barminco-selects-sandvik-for-23-unit-bellevue-gold-project-fleet","news","Barminco Sandvik 23-unit Bellevue: Electromagnetic Separator Selection Notes: Cowinmagnet View","2026-06-16","2026-08-12T12:25:52.227Z","/en/news/electromagnetic-separator-barminco-selects-sandvik-for-23-unit-bellevue-gold-project-fleet","noindex,follow","Barminco Sandvik 23-unit Bellevue: Electromagnetic Separator Selection Notes","Cowinmagnet reviews Barminco Sandvik 23-unit Bellevue and explains what the news may mean for magnetic separation equipment buyers in bulk material handling.","Barminco Sandvik 23-unit Bellevue: Electromagnetic Separator Selection Notes","Cowinmagnet reviews Barminco Sandvik 23-unit Bellevue and explains what the news may mean for magnetic separation equipment buyers in bulk material handling.","1","13","4","1","1254","1","0","3","NewsArticle,BreadcrumbList","news-heading-count;title-topic-drift","needs-revision-noindex"
"news-magnetic-bars-components-nestl-removes-all-artificial-food-dyes-from-us-products","magnetic-bars-components-nestl-removes-all-artificial-food-dyes-from-us-products","en","https://www.cowinmagnet.com/en/news/magnetic-bars-components-nestl-removes-all-artificial-food-dyes-from-us-products","news","Nestl Removes All Artificial: Metal Contamination Control Notes for Processors: Cowinmagnet View","2026-06-16","2026-08-12T12:25:52.235Z","/en/news/magnetic-bars-components-nestl-removes-all-artificial-food-dyes-from-us-products","noindex,follow","Nestl Removes All Artificial: Metal Contamination Control Notes for Processors","Cowinmagnet reviews Nestl Removes All Artificial and explains what the news may mean for magnetic separation equipment buyers in food, powder, and...","Nestl Removes All Artificial: Metal Contamination Control Notes for Processors","Cowinmagnet reviews Nestl Removes All Artificial and explains what the news may mean for magnetic separation equipment buyers in food, powder, and...","1","13","4","1","1227","1","0","3","NewsArticle,BreadcrumbList","meta-description-incomplete;news-heading-count;title-topic-drift","needs-revision-noindex"
"news-magnetic-separation-cirba-solutions-collaborates-with-industry-coalition-behind-colorado-s","magnetic-separation-cirba-solutions-collaborates-with-industry-coalition-behind-colorado-s","en","https://www.cowinmagnet.com/en/news/magnetic-separation-cirba-solutions-collaborates-with-industry-coalition-behind-colorado-s","news","Cirba Solutions Collaborates Industry: Recycling Buyers Review Magnetic Separation Needs: Cowinmagnet View","2026-06-16","2026-08-12T12:25:52.242Z","/en/news/magnetic-separation-cirba-solutions-collaborates-with-industry-coalition-behind-colorado-s","noindex,follow","Cirba Solutions Collaborates Industry: Recycling Buyers Review Magnetic Separation Needs","Cowinmagnet reviews Cirba Solutions Collaborates Industry and explains what the news may mean for magnetic separation equipment buyers in lithium...","Cirba Solutions Collaborates Industry: Recycling Buyers Review Magnetic Separation Needs","Cowinmagnet reviews Cirba Solutions Collaborates Industry and explains what the news may mean for magnetic separation equipment buyers in lithium...","1","13","4","1","1274","1","0","3","NewsArticle,BreadcrumbList","news-heading-count;title-topic-drift","needs-revision-noindex"
"news-magnetic-separation-prospare-enhance-conveyor-efficiency-at-uk-cement-plant-agg-net","magnetic-separation-prospare-enhance-conveyor-efficiency-at-uk-cement-plant-agg-net","en","https://www.cowinmagnet.com/en/news/magnetic-separation-prospare-enhance-conveyor-efficiency-at-uk-cement-plant-agg-net","news","ProSpare Agg-Net: Conveyor Protection Lessons for Quarry Buyers: Cowinmagnet View","2026-06-14","2026-08-12T12:25:52.249Z","/en/news/magnetic-separation-prospare-enhance-conveyor-efficiency-at-uk-cement-plant-agg-net","noindex,follow","ProSpare Agg-Net: Conveyor Protection Lessons for Quarry Buyers","Cowinmagnet reviews ProSpare Agg-Net and explains what the news may mean for magnetic separation equipment buyers in bulk material handling.","ProSpare Agg-Net: Conveyor Protection Lessons for Quarry Buyers","Cowinmagnet reviews ProSpare Agg-Net and explains what the news may mean for magnetic separation equipment buyers in bulk material handling.","1","13","4","1","1212","0","0","3","NewsArticle,BreadcrumbList","news-heading-count;title-topic-drift","needs-revision-noindex"
"news-electromagnetic-separator-indonesia-raids-gold-company-in-1-4b-laundering-probe","electromagnetic-separator-indonesia-raids-gold-company-in-1-4b-laundering-probe","en","https://www.cowinmagnet.com/en/news/electromagnetic-separator-indonesia-raids-gold-company-in-1-4b-laundering-probe","news","Indonesia: Electromagnetic Separator Selection Notes: Cowinmagnet View","2026-06-13","2026-08-12T12:25:52.255Z","/en/news/electromagnetic-separator-indonesia-raids-gold-company-in-1-4b-laundering-probe","noindex,follow","Indonesia: Electromagnetic Separator Selection Notes","Cowinmagnet reviews Indonesia and explains what the news may mean for magnetic separation equipment buyers in bulk material handling.","Indonesia: Electromagnetic Separator Selection Notes","Cowinmagnet reviews Indonesia and explains what the news may mean for magnetic separation equipment buyers in bulk material handling.","1","13","4","1","1186","1","0","3","NewsArticle,BreadcrumbList","news-heading-count;title-topic-drift","needs-revision-noindex"
"news-electromagnetic-separator-mining-s-next-boom-is-off-the-map-arctic-ice-abyssal-plains-and","electromagnetic-separator-mining-s-next-boom-is-off-the-map-arctic-ice-abyssal-plains-and","en","https://www.cowinmagnet.com/en/news/electromagnetic-separator-mining-s-next-boom-is-off-the-map-arctic-ice-abyssal-plains-and","news","Mining Arctic: Magnetic Separation Questions for Mineral Buyers: Cowinmagnet View","2026-06-13","2026-08-12T12:25:52.262Z","/en/news/electromagnetic-separator-mining-s-next-boom-is-off-the-map-arctic-ice-abyssal-plains-and","noindex,follow","Mining Arctic: Magnetic Separation Questions for Mineral Buyers","Cowinmagnet reviews Mining Arctic and explains what the news may mean for magnetic separation equipment buyers in rare earth and critical-mineral processing.","Mining Arctic: Magnetic Separation Questions for Mineral Buyers","Cowinmagnet reviews Mining Arctic and explains what the news may mean for magnetic separation equipment buyers in rare earth and critical-mineral processing.","1","13","4","1","1237","1","0","3","NewsArticle,BreadcrumbList","news-heading-count;title-topic-drift","needs-revision-noindex"
"news-electromagnetic-separator-goldmining-pea-outlines-532m-value-10-year-life-for-s-o-jorge-pr","electromagnetic-separator-goldmining-pea-outlines-532m-value-10-year-life-for-s-o-jorge-pr","en","https://www.cowinmagnet.com/en/news/electromagnetic-separator-goldmining-pea-outlines-532m-value-10-year-life-for-s-o-jorge-pr","news","GoldMining PEA 532M 10-year: Electromagnetic Separator Selection Notes: Cowinmagnet View","2026-06-12","2026-08-12T12:25:52.269Z","/en/news/electromagnetic-separator-goldmining-pea-outlines-532m-value-10-year-life-for-s-o-jorge-pr","noindex,follow","GoldMining PEA 532M 10-year: Electromagnetic Separator Selection Notes","Cowinmagnet reviews GoldMining PEA 532M 10-year and explains what the news may mean for magnetic separation equipment buyers in bulk material handling.","GoldMining PEA 532M 10-year: Electromagnetic Separator Selection Notes","Cowinmagnet reviews GoldMining PEA 532M 10-year and explains what the news may mean for magnetic separation equipment buyers in bulk material handling.","1","13","4","1","1210","1","0","3","NewsArticle,BreadcrumbList","news-heading-count;title-topic-drift","needs-revision-noindex"
"news-magnetic-separation-glencore-to-resume-emissions-spending-at-quebec-smelter","magnetic-separation-glencore-to-resume-emissions-spending-at-quebec-smelter","en","https://www.cowinmagnet.com/en/news/magnetic-separation-glencore-to-resume-emissions-spending-at-quebec-smelter","news","Glencore Quebec: Magnetic Separation Questions for Mineral Buyers: Cowinmagnet View","2026-06-12","2026-08-12T12:25:52.276Z","/en/news/magnetic-separation-glencore-to-resume-emissions-spending-at-quebec-smelter","noindex,follow","Glencore Quebec: Magnetic Separation Questions for Mineral Buyers","Cowinmagnet reviews Glencore Quebec and explains what the news may mean for magnetic separation equipment buyers in rare earth and critical-mineral...","Glencore Quebec: Magnetic Separation Questions for Mineral Buyers","Cowinmagnet reviews Glencore Quebec and explains what the news may mean for magnetic separation equipment buyers in rare earth and critical-mineral...","1","13","4","1","1231","1","0","3","NewsArticle,BreadcrumbList","news-heading-count;title-topic-drift","needs-revision-noindex"
"news-electromagnetic-separator-mining-m-and-038-a-value-surges-in-q1-but-deal-count-plunges-s-a","electromagnetic-separator-mining-m-and-038-a-value-surges-in-q1-but-deal-count-plunges-s-a","en","https://www.cowinmagnet.com/en/news/electromagnetic-separator-mining-m-and-038-a-value-surges-in-q1-but-deal-count-plunges-s-a","news","Mining 038 038: Electromagnetic Separator Selection Notes: Cowinmagnet View","2026-06-11","2026-08-12T12:25:52.284Z","/en/news/electromagnetic-separator-mining-m-and-038-a-value-surges-in-q1-but-deal-count-plunges-s-a","noindex,follow","Mining 038 038: Electromagnetic Separator Selection Notes","Cowinmagnet reviews Mining 038 038 and explains what the news may mean for magnetic separation equipment buyers in bulk material handling.","Mining 038 038: Electromagnetic Separator Selection Notes","Cowinmagnet reviews Mining 038 038 and explains what the news may mean for magnetic separation equipment buyers in bulk material handling.","1","13","4","1","1210","1","0","3","NewsArticle,BreadcrumbList","news-heading-count;title-topic-drift","needs-revision-noindex"
"news-magnetic-separation-recycling-entrepreneurs-among-south-african-award-winners","magnetic-separation-recycling-entrepreneurs-among-south-african-award-winners","en","https://www.cowinmagnet.com/en/news/magnetic-separation-recycling-entrepreneurs-among-south-african-award-winners","news","Recycling South African: Recycling Buyers Review Magnetic Separation Needs: Cowinmagnet View","2026-06-10","2026-08-12T12:25:52.291Z","/en/news/magnetic-separation-recycling-entrepreneurs-among-south-african-award-winners","noindex,follow","Recycling South African: Recycling Buyers Review Magnetic Separation Needs","Cowinmagnet reviews Recycling South African and explains what the news may mean for magnetic separation equipment buyers in recycling and...","Recycling South African: Recycling Buyers Review Magnetic Separation Needs","Cowinmagnet reviews Recycling South African and explains what the news may mean for magnetic separation equipment buyers in recycling and...","1","12","4","1","1115","0","0","3","NewsArticle,BreadcrumbList","meta-description-incomplete;news-heading-count;title-topic-drift","needs-revision-noindex"
"news-magnetic-separation-rio-tinto-ramps-up-smelter-with-recycling-tie-in","magnetic-separation-rio-tinto-ramps-up-smelter-with-recycling-tie-in","en","https://www.cowinmagnet.com/en/news/magnetic-separation-rio-tinto-ramps-up-smelter-with-recycling-tie-in","news","Rio Tinto: Recycling Buyers Review Magnetic Separation Needs: Cowinmagnet View","2026-06-09","2026-08-12T12:25:52.297Z","/en/news/magnetic-separation-rio-tinto-ramps-up-smelter-with-recycling-tie-in","noindex,follow","Rio Tinto: Recycling Buyers Review Magnetic Separation Needs","Cowinmagnet reviews Rio Tinto and explains what the news may mean for magnetic separation equipment buyers in recycling and secondary-material recovery.","Rio Tinto: Recycling Buyers Review Magnetic Separation Needs","Cowinmagnet reviews Rio Tinto and explains what the news may mean for magnetic separation equipment buyers in recycling and secondary-material recovery.","1","12","4","1","1114","0","0","3","NewsArticle,BreadcrumbList","news-heading-count;title-topic-drift","needs-revision-noindex"
"news-magnetic-separation-elementusa-colorado-school-of-mines-win-67m-award-for-rare-earth-proce","magnetic-separation-elementusa-colorado-school-of-mines-win-67m-award-for-rare-earth-proce","en","https://www.cowinmagnet.com/en/news/magnetic-separation-elementusa-colorado-school-of-mines-win-67m-award-for-rare-earth-proce","news","Rare Earth Processing News Signals Magnetic Separation Demand: Cowinmagnet View","2026-06-09","2026-08-12T12:25:52.303Z","/en/news/magnetic-separation-elementusa-colorado-school-of-mines-win-67m-award-for-rare-earth-proce","noindex,follow","Rare Earth Processing News Signals Magnetic Separation Demand","Cowinmagnet reviews this overseas industry news signal and explains what it may mean for magnetic separation equipment buyers in mining, recycling and...","Rare Earth Processing News Signals Magnetic Separation Demand","Cowinmagnet reviews this overseas industry news signal and explains what it may mean for magnetic separation equipment buyers in mining, recycling and...","1","12","4","1","1109","1","0","3","NewsArticle,BreadcrumbList","meta-description-incomplete;news-heading-count","needs-revision-noindex"
"news-magnetic-separation-stardust-power-joins-doe-backed-lithium-extraction-program","magnetic-separation-stardust-power-joins-doe-backed-lithium-extraction-program","en","https://www.cowinmagnet.com/en/news/magnetic-separation-stardust-power-joins-doe-backed-lithium-extraction-program","news","Rare Earth Processing News Signals Magnetic Separation Demand: Cowinmagnet View","2026-06-06","2026-08-12T12:25:52.312Z","/en/news/magnetic-separation-stardust-power-joins-doe-backed-lithium-extraction-program","noindex,follow","Rare Earth Processing News Signals Magnetic Separation Demand","Cowinmagnet reviews this overseas industry news signal and explains what it may mean for magnetic separation equipment buyers in mining, recycling and...","Rare Earth Processing News Signals Magnetic Separation Demand","Cowinmagnet reviews this overseas industry news signal and explains what it may mean for magnetic separation equipment buyers in mining, recycling and...","1","12","4","1","1101","1","0","3","NewsArticle,BreadcrumbList","meta-description-incomplete;news-heading-count","needs-revision-noindex"
"news-magnetic-separation-commentary-lithium-ion-battery-fire-risks-and-mitigation-across-the-wa","magnetic-separation-commentary-lithium-ion-battery-fire-risks-and-mitigation-across-the-wa","en","https://www.cowinmagnet.com/en/news/magnetic-separation-commentary-lithium-ion-battery-fire-risks-and-mitigation-across-the-wa","news","Rare Earth Processing News Signals Magnetic Separation Demand: Cowinmagnet View","2026-06-05","2026-08-12T12:25:52.319Z","/en/news/magnetic-separation-commentary-lithium-ion-battery-fire-risks-and-mitigation-across-the-wa","noindex,follow","Rare Earth Processing News Signals Magnetic Separation Demand","Cowinmagnet reviews this overseas industry news signal and explains what it may mean for magnetic separation equipment buyers in mining, recycling and...","Rare Earth Processing News Signals Magnetic Separation Demand","Cowinmagnet reviews this overseas industry news signal and explains what it may mean for magnetic separation equipment buyers in mining, recycling and...","1","12","4","1","1114","0","0","3","NewsArticle,BreadcrumbList","meta-description-incomplete;news-heading-count;title-topic-drift","needs-revision-noindex"
"blog-heavy-duty-electromagnetic-separator-design-and-application-in-industrial-processes","heavy-duty-electromagnetic-separator-design-and-application-in-industrial-processes","en","https://www.cowinmagnet.com/en/news/heavy-duty-electromagnetic-separator-design-and-application-in-industrial-processes","news","Heavy Duty Electromagnetic Separator: Design and Application in Industrial Processes","2026-08-20T02:22:04.408Z","2026-08-20T02:22:04.409Z","/en/news/heavy-duty-electromagnetic-separator-design-and-application-in-industrial-processes","index,follow","Heavy Duty Electromagnetic Separator: Design and Application in Industrial Processes","Heavy duty electromagnetic separators are essential for industrial processes that require the removal of ferrous contaminants from bulk materials. These separators are designed to handle large volumes of material and ope","Heavy Duty Electromagnetic Separator: Design and Application in Industrial Processes","Heavy duty electromagnetic separators are essential for industrial processes that require the removal of ferrous contaminants from bulk materials. These separators are designed to handle large volumes of material and ope","1","1","0","0","750","0","0","0","NewsArticle,BreadcrumbList","news-source-required;title-topic-drift","needs-revision-noindex"
"blog-selection-criteria-for-overband-magnetic-separators-in-industrial-applications","selection-criteria-for-overband-magnetic-separators-in-industrial-applications","en","https://www.cowinmagnet.com/en/news/selection-criteria-for-overband-magnetic-separators-in-industrial-applications","news","Selection Criteria for Overband Magnetic Separators in Industrial Applications","2026-08-19T02:22:04.699Z","2026-08-19T02:22:04.699Z","/en/news/selection-criteria-for-overband-magnetic-separators-in-industrial-applications","index,follow","Selection Criteria for Overband Magnetic Separators in Industrial Applications","When selecting an overband magnetic separator for your industrial application, it's crucial to consider several key factors to ensure optimal performance and efficiency. This article will guide you through the essential","Selection Criteria for Overband Magnetic Separators in Industrial Applications","When selecting an overband magnetic separator for your industrial application, it's crucial to consider several key factors to ensure optimal performance and efficiency. This article will guide you through the essential","1","1","0","0","553","0","0","0","NewsArticle,BreadcrumbList","news-source-required;title-topic-drift","needs-revision-noindex"
"blog-magnetic-separator-oem-manufacturing-for-enhanced-mining-efficiency","magnetic-separator-oem-manufacturing-for-enhanced-mining-efficiency","en","https://www.cowinmagnet.com/en/news/magnetic-separator-oem-manufacturing-for-enhanced-mining-efficiency","news","Magnetic Separator OEM Manufacturing for Enhanced Mining Efficiency","2026-08-18T02:22:03.187Z","2026-08-18T02:22:03.187Z","/en/news/magnetic-separator-oem-manufacturing-for-enhanced-mining-efficiency","index,follow","Magnetic Separator OEM Manufacturing for Enhanced Mining Efficiency","When it comes to enhancing mining efficiency, one of the critical factors is the quality and performance of the magnetic separators used in the process. This article will address how OEM manufacturing of magnetic separat","Magnetic Separator OEM Manufacturing for Enhanced Mining Efficiency","When it comes to enhancing mining efficiency, one of the critical factors is the quality and performance of the magnetic separators used in the process. This article will address how OEM manufacturing of magnetic separat","1","1","0","0","536","0","0","0","NewsArticle,BreadcrumbList","news-source-required;title-topic-drift","needs-revision-noindex"
"blog-optimizing-material-purity-with-inline-magnetic-separators","optimizing-material-purity-with-inline-magnetic-separators","en","https://www.cowinmagnet.com/en/news/optimizing-material-purity-with-inline-magnetic-separators","news","Optimizing Material Purity with Inline Magnetic Separators","2026-08-17T02:23:04.043Z","2026-08-17T02:23:04.043Z","/en/news/optimizing-material-purity-with-inline-magnetic-separators","index,follow","Optimizing Material Purity with Inline Magnetic Separators","Inline magnetic separators are essential for enhancing material purity in various industrial processes, such as mining, recycling, and cement production. These systems effectively remove ferrous contaminants from the mat","Optimizing Material Purity with Inline Magnetic Separators","Inline magnetic separators are essential for enhancing material purity in various industrial processes, such as mining, recycling, and cement production. These systems effectively remove ferrous contaminants from the mat","1","1","0","0","672","0","0","0","NewsArticle,BreadcrumbList","news-source-required;title-topic-drift","needs-revision-noindex"
"blog-custom-manufacturing-insights-for-self-cleaning-magnetic-separators","custom-manufacturing-insights-for-self-cleaning-magnetic-separators","en","https://www.cowinmagnet.com/en/news/custom-manufacturing-insights-for-self-cleaning-magnetic-separators","news","Custom Manufacturing Insights for Self-Cleaning Magnetic Separators","2026-08-16T01:09:03.549Z","2026-08-16T01:09:03.550Z","/en/news/custom-manufacturing-insights-for-self-cleaning-magnetic-separators","index,follow","Custom Manufacturing Insights for Self-Cleaning Magnetic Separators","When it comes to custom manufacturing of self-cleaning magnetic separators, the primary question is how to ensure that the equipment meets specific industrial requirements. This article will explore the key consideration","Custom Manufacturing Insights for Self-Cleaning Magnetic Separators","When it comes to custom manufacturing of self-cleaning magnetic separators, the primary question is how to ensure that the equipment meets specific industrial requirements. This article will explore the key consideration","1","1","0","0","525","0","0","0","NewsArticle,BreadcrumbList","news-source-required;unverified-claim;title-topic-drift","needs-revision-noindex"
"blog-understanding-the-operational-principles-of-industrial-mining-magnetic-separators","understanding-the-operational-principles-of-industrial-mining-magnetic-separators","en","https://www.cowinmagnet.com/en/news/understanding-the-operational-principles-of-industrial-mining-magnetic-separators","news","Understanding the Operational Principles of Industrial Mining Magnetic Separators","2026-08-15T01:09:03.257Z","2026-08-15T01:09:03.258Z","/en/news/understanding-the-operational-principles-of-industrial-mining-magnetic-separators","index,follow","Understanding the Operational Principles of Industrial Mining Magnetic Separators","Industrial mining magnetic separators play a crucial role in ensuring the purity of materials and protecting equipment from tramp iron. This article will explain how these separators work, their key components, and the c","Understanding the Operational Principles of Industrial Mining Magnetic Separators","Industrial mining magnetic separators play a crucial role in ensuring the purity of materials and protecting equipment from tramp iron. This article will explain how these separators work, their key components, and the c","1","1","0","0","721","0","0","0","NewsArticle,BreadcrumbList","news-source-required;title-topic-drift","needs-revision-noindex"
"blog-optimizing-material-purity-cross-belt-magnetic-separator-selection-criteria","optimizing-material-purity-cross-belt-magnetic-separator-selection-criteria","en","https://www.cowinmagnet.com/en/news/optimizing-material-purity-cross-belt-magnetic-separator-selection-criteria","news","Optimizing Material Purity: Cross Belt Magnetic Separator Selection Criteria","2026-08-14T01:09:03.118Z","2026-08-14T01:09:03.118Z","/en/news/optimizing-material-purity-cross-belt-magnetic-separator-selection-criteria","index,follow","Optimizing Material Purity: Cross Belt Magnetic Separator Selection Criteria","When selecting a cross belt magnetic separator for optimizing material purity, it is essential to consider several key factors. This article will guide you through the selection criteria, ensuring that you choose the rig","Optimizing Material Purity: Cross Belt Magnetic Separator Selection Criteria","When selecting a cross belt magnetic separator for optimizing material purity, it is essential to consider several key factors. This article will guide you through the selection criteria, ensuring that you choose the rig","1","1","0","0","626","0","0","0","NewsArticle,BreadcrumbList","news-source-required;title-topic-drift","needs-revision-noindex"
"blog-cross-belt-magnetic-separator-selection-and-installation-guidelines-for-optimal-performanc","cross-belt-magnetic-separator-selection-and-installation-guidelines-for-optimal-performanc","en","https://www.cowinmagnet.com/en/news/cross-belt-magnetic-separator-selection-and-installation-guidelines-for-optimal-performanc","news","Cross Belt Magnetic Separator: Selection and Installation Guidelines for Optimal Performance","2026-08-13T01:09:03.539Z","2026-08-13T01:09:03.540Z","/en/news/cross-belt-magnetic-separator-selection-and-installation-guidelines-for-optimal-performanc","index,follow","Cross Belt Magnetic Separator: Selection and Installation Guidelines for Optimal Performance","When selecting and installing a cross belt magnetic separator, it is crucial to consider the specific requirements of your application to ensure optimal performance. This article will guide you through the key factors to","Cross Belt Magnetic Separator: Selection and Installation Guidelines for Optimal Performance","When selecting and installing a cross belt magnetic separator, it is crucial to consider the specific requirements of your application to ensure optimal performance. This article will guide you through the key factors to","1","1","0","0","742","0","0","0","NewsArticle,BreadcrumbList","news-source-required;title-topic-drift","needs-revision-noindex"
"blog-understanding-electromagnetic-magnetic-separators-for-industrial-applications","understanding-electromagnetic-magnetic-separators-for-industrial-applications","en","https://www.cowinmagnet.com/en/news/understanding-electromagnetic-magnetic-separators-for-industrial-applications","news","Understanding Electromagnetic Magnetic Separators for Industrial Applications","2026-08-12T01:09:04.037Z","2026-08-12T01:09:04.038Z","/en/news/understanding-electromagnetic-magnetic-separators-for-industrial-applications","index,follow","Understanding Electromagnetic Magnetic Separators for Industrial Applications","Electromagnetic magnetic separators are essential in various industrial applications, particularly in the mining, recycling, and cement industries. These separators use an electric current to generate a magnetic field, w","Understanding Electromagnetic Magnetic Separators for Industrial Applications","Electromagnetic magnetic separators are essential in various industrial applications, particularly in the mining, recycling, and cement industries. These separators use an electric current to generate a magnetic field, w","1","1","0","0","729","0","0","0","NewsArticle,BreadcrumbList","news-source-required;title-topic-drift","needs-revision-noindex"
"blog-understanding-the-operating-principles-of-suspended-magnetic-separators-in-industrial-appl","understanding-the-operating-principles-of-suspended-magnetic-separators-in-industrial-appl","en","https://www.cowinmagnet.com/en/news/understanding-the-operating-principles-of-suspended-magnetic-separators-in-industrial-appl","news","Understanding the Operating Principles of Suspended Magnetic Separators in Industrial Applications","2026-08-11T01:09:03.162Z","2026-08-11T03:27:25.803Z","/en/news/understanding-the-operating-principles-of-suspended-magnetic-separators-in-industrial-appl","index,follow","Understanding the Operating Principles of Suspended Magnetic Separators in Industrial Applications","Suspended magnetic separators are widely used in industrial applications to remove tramp iron from bulk materials, protecting downstream equipment and improving material purity. This article will explain how suspended ma","Understanding the Operating Principles of Suspended Magnetic Separators in Industrial Applications","Suspended magnetic separators are widely used in industrial applications to remove tramp iron from bulk materials, protecting downstream equipment and improving material purity. This article will explain how suspended ma","1","1","0","0","531","0","0","0","NewsArticle,BreadcrumbList","news-source-required;title-topic-drift","needs-revision-noindex"
"blog-custom-manufacturing-insights-for-permanent-magnetic-separators-in-industrial-applications","custom-manufacturing-insights-for-permanent-magnetic-separators-in-industrial-applications","en","https://www.cowinmagnet.com/en/news/custom-manufacturing-insights-for-permanent-magnetic-separators-in-industrial-applications","news","Custom Manufacturing Insights for Permanent Magnetic Separators in Industrial Applications","2026-08-10T05:10:03.990Z","2026-08-11T03:27:25.787Z","/en/news/custom-manufacturing-insights-for-permanent-magnetic-separators-in-industrial-applications","index,follow","Custom Manufacturing Insights for Permanent Magnetic Separators in Industrial Applications","When it comes to custom manufacturing of permanent magnetic separators, the key is to understand the specific requirements of your industrial application. This article will address how to select and customize permanent m","Custom Manufacturing Insights for Permanent Magnetic Separators in Industrial Applications","When it comes to custom manufacturing of permanent magnetic separators, the key is to understand the specific requirements of your industrial application. This article will address how to select and customize permanent m","1","1","0","0","608","0","0","0","NewsArticle,BreadcrumbList","news-source-required;title-topic-drift","needs-revision-noindex"
"blog-optimizing-material-purity-with-high-intensity-magnetic-separators","optimizing-material-purity-with-high-intensity-magnetic-separators","en","https://www.cowinmagnet.com/en/news/optimizing-material-purity-with-high-intensity-magnetic-separators","news","Optimizing Material Purity with High Intensity Magnetic Separators","2026-08-09T01:30:03.314Z","2026-08-11T03:27:25.749Z","/en/news/optimizing-material-purity-with-high-intensity-magnetic-separators","index,follow","Optimizing Material Purity with High Intensity Magnetic Separators","How can high intensity magnetic separators help in optimizing material purity, and what are the key factors to consider when selecting the right equipment for your specific application? This article will address these qu","Optimizing Material Purity with High Intensity Magnetic Separators","How can high intensity magnetic separators help in optimizing material purity, and what are the key factors to consider when selecting the right equipment for your specific application? This article will address these qu","1","1","0","0","590","0","0","0","NewsArticle,BreadcrumbList","news-source-required;title-topic-drift","needs-revision-noindex"
"blog-selection-criteria-for-industrial-automatic-magnetic-separators-in-material-processing-pla","selection-criteria-for-industrial-automatic-magnetic-separators-in-material-processing-pla","en","https://www.cowinmagnet.com/en/news/selection-criteria-for-industrial-automatic-magnetic-separators-in-material-processing-pla","news","Selection Criteria for Industrial Automatic Magnetic Separators in Material Processing Plants","2026-08-08T01:30:03.109Z","2026-08-11T03:27:25.649Z","/en/news/selection-criteria-for-industrial-automatic-magnetic-separators-in-material-processing-pla","index,follow","Selection Criteria for Industrial Automatic Magnetic Separators in Material Processing Plants","When selecting an industrial automatic magnetic separator for a material processing plant, it is crucial to consider several key factors to ensure optimal performance and efficiency. This article will guide you through t","Selection Criteria for Industrial Automatic Magnetic Separators in Material Processing Plants","When selecting an industrial automatic magnetic separator for a material processing plant, it is crucial to consider several key factors to ensure optimal performance and efficiency. This article will guide you through t","1","1","0","0","552","0","0","0","NewsArticle,BreadcrumbList","news-source-required;title-topic-drift","needs-revision-noindex"
"blog-understanding-the-operational-principles-of-inline-magnetic-separators-in-industrial-proce","understanding-the-operational-principles-of-inline-magnetic-separators-in-industrial-proce","en","https://www.cowinmagnet.com/en/news/understanding-the-operational-principles-of-inline-magnetic-separators-in-industrial-proce","news","Understanding the Operational Principles of Inline Magnetic Separators in Industrial Processes","2026-08-07T01:30:02.864Z","2026-08-11T03:27:05.616Z","/en/news/understanding-the-operational-principles-of-inline-magnetic-separators-in-industrial-proce","index,follow","Understanding the Operational Principles of Inline Magnetic Separators in Industrial Processes","Inline magnetic separators are essential for removing ferrous contaminants from various industrial processes, ensuring the purity and quality of the final product. This article will explain how inline magnetic separators","Understanding the Operational Principles of Inline Magnetic Separators in Industrial Processes","Inline magnetic separators are essential for removing ferrous contaminants from various industrial processes, ensuring the purity and quality of the final product. This article will explain how inline magnetic separators","1","1","0","0","803","0","0","0","NewsArticle,BreadcrumbList","news-source-required;title-topic-drift","needs-revision-noindex"
"blog-evaluating-commercial-permanent-magnetic-separator-equipment-for-industrial-applications","evaluating-commercial-permanent-magnetic-separator-equipment-for-industrial-applications","en","https://www.cowinmagnet.com/en/news/evaluating-commercial-permanent-magnetic-separator-equipment-for-industrial-applications","news","Evaluating Commercial Permanent Magnetic Separator Equipment for Industrial Applications","2026-08-06T06:28:03.830Z","2026-08-06T06:28:03.830Z","/en/news/evaluating-commercial-permanent-magnetic-separator-equipment-for-industrial-applications","index,follow","Evaluating Commercial Permanent Magnetic Separator Equipment for Industrial Applications","When evaluating commercial permanent magnetic separator equipment for industrial applications, it's essential to consider the specific requirements of your process, the type of material being processed, and the desired o","Evaluating Commercial Permanent Magnetic Separator Equipment for Industrial Applications","When evaluating commercial permanent magnetic separator equipment for industrial applications, it's essential to consider the specific requirements of your process, the type of material being processed, and the desired o","1","1","0","0","622","0","0","0","NewsArticle,BreadcrumbList","news-source-required;title-topic-drift","needs-revision-noindex"
"blog-efficientwet-magnetic-separatorchina-manufacturer","efficientwet-magnetic-separatorchina-manufacturer","en","https://www.cowinmagnet.com/en/news/efficientwet-magnetic-separatorchina-manufacturer","news","EfficientWet Magnetic SeparatorChina Manufacturer","2026-07-31T01:23:02.562Z","2026-07-31T01:23:02.562Z","/en/news/efficientwet-magnetic-separatorchina-manufacturer","index,follow","EfficientWet Magnetic SeparatorChina Manufacturer","Discover the Power of Efficient Wet Magnetic Separation 🌟 Are you struggling with low material purity and frequent equipment damage due to metal contamination in your industrial processes? The Efficient Wet Magnetic Sep","EfficientWet Magnetic SeparatorChina Manufacturer","Discover the Power of Efficient Wet Magnetic Separation 🌟 Are you struggling with low material purity and frequent equipment damage due to metal contamination in your industrial processes? The Efficient Wet Magnetic Sep","1","1","0","0","341","0","0","0","NewsArticle,BreadcrumbList","news-source-required;title-topic-drift","needs-revision-noindex"
"blog-leadingoverband-magnetic-separatorcustom-manufacturer","leadingoverband-magnetic-separatorcustom-manufacturer","en","https://www.cowinmagnet.com/en/news/leadingoverband-magnetic-separatorcustom-manufacturer","news","LeadingOverband Magnetic SeparatorCustom Manufacturer","2026-07-30T01:23:03.672Z","2026-07-30T01:23:03.672Z","/en/news/leadingoverband-magnetic-separatorcustom-manufacturer","index,follow","LeadingOverband Magnetic SeparatorCustom Manufacturer","Tramp iron in your conveyor system can lead to costly downtime and equipment damage. Ferrous contaminants in mining, recycling, and cement plants often cause unexpected breakdowns and production halts. Cowinmagnet's Over","LeadingOverband Magnetic SeparatorCustom Manufacturer","Tramp iron in your conveyor system can lead to costly downtime and equipment damage. Ferrous contaminants in mining, recycling, and cement plants often cause unexpected breakdowns and production halts. Cowinmagnet's Over","1","1","0","0","321","0","0","0","NewsArticle,BreadcrumbList","news-source-required;duplicate-paragraph;title-topic-drift","needs-revision-noindex"
"blog-high-intensity-magnetic-separator-selection-and-application-criteria","high-intensity-magnetic-separator-selection-and-application-criteria","en","https://www.cowinmagnet.com/en/news/high-intensity-magnetic-separator-selection-and-application-criteria","news","High Intensity Magnetic Separator: Selection and Application Criteria","2026-07-29T01:23:03.134Z","2026-07-29T01:23:03.134Z","/en/news/high-intensity-magnetic-separator-selection-and-application-criteria","index,follow","High Intensity Magnetic Separator: Selection and Application Criteria","When selecting a high-intensity magnetic separator, it is crucial to consider the specific application and material being processed. This article will guide you through the key criteria for choosing the right high-intens","High Intensity Magnetic Separator: Selection and Application Criteria","When selecting a high-intensity magnetic separator, it is crucial to consider the specific application and material being processed. This article will guide you through the key criteria for choosing the right high-intens","1","1","0","0","563","0","0","0","NewsArticle,BreadcrumbList","news-source-required;title-topic-drift","needs-revision-noindex"
"blog-durablemining-magnetic-separatorequipment-manufacturer","durablemining-magnetic-separatorequipment-manufacturer","en","https://www.cowinmagnet.com/en/news/durablemining-magnetic-separatorequipment-manufacturer","news","DurableMining Magnetic SeparatorEquipment Manufacturer","2026-07-28T01:23:02.525Z","2026-07-28T01:23:02.525Z","/en/news/durablemining-magnetic-separatorequipment-manufacturer","index,follow","DurableMining Magnetic SeparatorEquipment Manufacturer","🌟 Protect Your Equipment with Durable Magnetic Separators from Cowinmagnet Are you tired of frequent equipment breakdowns and costly maintenance due to metal contamination in your raw materials? Cowinmagnet has the solu","DurableMining Magnetic SeparatorEquipment Manufacturer","🌟 Protect Your Equipment with Durable Magnetic Separators from Cowinmagnet Are you tired of frequent equipment breakdowns and costly maintenance due to metal contamination in your raw materials? Cowinmagnet has the solu","1","1","0","0","281","0","0","0","NewsArticle,BreadcrumbList","news-source-required;title-topic-drift","needs-revision-noindex"
"blog-heavy-dutywet-magnetic-separatorsupplier","heavy-dutywet-magnetic-separatorsupplier","en","https://www.cowinmagnet.com/en/news/heavy-dutywet-magnetic-separatorsupplier","news","Heavy DutyWet Magnetic SeparatorSupplier","2026-07-27T09:24:02.233Z","2026-07-27T09:24:02.233Z","/en/news/heavy-dutywet-magnetic-separatorsupplier","index,follow","Heavy DutyWet Magnetic SeparatorSupplier","🌟 Discover the Ultimate Solution for Heavy-Duty Wet Magnetic Separation 🌟 Are you struggling with low material purity and frequent equipment damage due to metal contamination in your industrial processes? Look no furth","Heavy DutyWet Magnetic SeparatorSupplier","🌟 Discover the Ultimate Solution for Heavy-Duty Wet Magnetic Separation 🌟 Are you struggling with low material purity and frequent equipment damage due to metal contamination in your industrial processes? Look no furth","1","1","0","0","318","0","0","0","NewsArticle,BreadcrumbList","news-source-required;title-topic-drift","needs-revision-noindex"
"blog-how-to-choose-a-magnetic-filter-for-plastic-and-chemical-powder-processing-in-asia","how-to-choose-a-magnetic-filter-for-plastic-and-chemical-powder-processing-in-asia","en","https://www.cowinmagnet.com/en/news/how-to-choose-a-magnetic-filter-for-plastic-and-chemical-powder-processing-in-asia","news","How to Choose a Magnetic Filter for plastic and chemical powder processing in Asia","2026-07-27","2026-07-27T01:20:44.211Z","/en/news/how-to-choose-a-magnetic-filter-for-plastic-and-chemical-powder-processing-in-asia","index,follow","How to Choose a Magnetic Filter for plastic and chemical","A practical Cowin Magnet guide for plant engineers, procurement teams, epc contractors and industrial equipment distributors choosing magnetic separation equipment by material, capacity, contamination and installation conditions.","How to Choose a Magnetic Filter for plastic and chemical","A practical Cowin Magnet guide for plant engineers, procurement teams, epc contractors and industrial equipment distributors choosing magnetic separation equipment by material, capacity, contamination and installation conditions.","1","1","0","0","1375","1","0","0","NewsArticle,BreadcrumbList","news-source-required;title-topic-drift;legacy-internal-placeholder;legacy-markdown-list","needs-revision-noindex"
"blog-how-to-choose-a-magnetic-grid-for-grain-and-powder-processing-in-asia","how-to-choose-a-magnetic-grid-for-grain-and-powder-processing-in-asia","en","https://www.cowinmagnet.com/en/news/how-to-choose-a-magnetic-grid-for-grain-and-powder-processing-in-asia","news","How to Choose a Magnetic Grid for grain and powder processing in Asia","2026-07-26","2026-07-26T01:20:44.434Z","/en/news/how-to-choose-a-magnetic-grid-for-grain-and-powder-processing-in-asia","index,follow","How to Choose a Magnetic Grid for grain and powder processing","A practical Cowin Magnet guide for plant engineers, procurement teams, epc contractors and industrial equipment distributors choosing magnetic separation equipment by material, capacity, contamination and installation conditions.","How to Choose a Magnetic Grid for grain and powder processing","A practical Cowin Magnet guide for plant engineers, procurement teams, epc contractors and industrial equipment distributors choosing magnetic separation equipment by material, capacity, contamination and installation conditions.","1","1","0","0","1358","1","0","0","NewsArticle,BreadcrumbList","news-source-required;title-topic-drift;legacy-internal-placeholder;legacy-markdown-list","needs-revision-noindex"
"blog-how-to-choose-a-overband-magnetic-separator-for-mining-conveyor-crusher-protection-in-asia","how-to-choose-a-overband-magnetic-separator-for-mining-conveyor-crusher-protection-in-asia","en","https://www.cowinmagnet.com/en/news/how-to-choose-a-overband-magnetic-separator-for-mining-conveyor-crusher-protection-in-asia","news","How to Choose a Overband Magnetic Separator for mining conveyor crusher protection in Asia","2026-07-25","2026-07-25T01:20:11.518Z","/en/news/how-to-choose-a-overband-magnetic-separator-for-mining-conveyor-crusher-protection-in-asia","index,follow","How to Choose a Overband Magnetic Separator for mining","A practical Cowin Magnet guide for plant engineers, procurement teams, epc contractors and industrial equipment distributors choosing magnetic separation equipment by material, capacity, contamination and installation conditions.","How to Choose a Overband Magnetic Separator for mining","A practical Cowin Magnet guide for plant engineers, procurement teams, epc contractors and industrial equipment distributors choosing magnetic separation equipment by material, capacity, contamination and installation conditions.","1","1","0","0","1379","1","0","0","NewsArticle,BreadcrumbList","news-source-required;title-topic-drift;legacy-internal-placeholder;legacy-markdown-list","needs-revision-noindex"
"blog-how-to-choose-a-magnetic-filter-for-plastic-and-chemical-powder-processing-in-south-americ","how-to-choose-a-magnetic-filter-for-plastic-and-chemical-powder-processing-in-south-americ","en","https://www.cowinmagnet.com/en/news/how-to-choose-a-magnetic-filter-for-plastic-and-chemical-powder-processing-in-south-americ","news","How to Choose a Magnetic Filter for plastic and chemical powder processing in South America","2026-07-24","2026-07-24T04:20:03.441Z","/en/news/how-to-choose-a-magnetic-filter-for-plastic-and-chemical-powder-processing-in-south-americ","index,follow","How to Choose a Magnetic Filter for plastic and chemical","A practical Cowin Magnet guide for plant engineers, procurement teams, epc contractors and industrial equipment distributors choosing magnetic separation equipment by material, capacity, contamination and installation conditions.","How to Choose a Magnetic Filter for plastic and chemical","A practical Cowin Magnet guide for plant engineers, procurement teams, epc contractors and industrial equipment distributors choosing magnetic separation equipment by material, capacity, contamination and installation conditions.","1","1","0","0","1381","1","0","0","NewsArticle,BreadcrumbList","news-source-required;title-topic-drift;legacy-internal-placeholder;legacy-markdown-list","needs-revision-noindex"
"blog-how-to-choose-a-magnetic-grid-for-grain-and-powder-processing-in-south-america","how-to-choose-a-magnetic-grid-for-grain-and-powder-processing-in-south-america","en","https://www.cowinmagnet.com/en/news/how-to-choose-a-magnetic-grid-for-grain-and-powder-processing-in-south-america","news","How to Choose a Magnetic Grid for grain and powder processing in South America","2026-07-13","2026-07-13T01:20:40.236Z","/en/news/how-to-choose-a-magnetic-grid-for-grain-and-powder-processing-in-south-america","index,follow","How to Choose a Magnetic Grid for grain and powder processing","A practical Cowin Magnet guide for plant engineers, procurement teams, epc contractors and industrial equipment distributors choosing magnetic separation equipment by material, capacity, contamination and installation conditions.","How to Choose a Magnetic Grid for grain and powder processing","A practical Cowin Magnet guide for plant engineers, procurement teams, epc contractors and industrial equipment distributors choosing magnetic separation equipment by material, capacity, contamination and installation conditions.","1","1","0","0","1364","1","0","0","NewsArticle,BreadcrumbList","news-source-required;title-topic-drift;legacy-internal-placeholder;legacy-markdown-list","needs-revision-noindex"
"blog-how-to-choose-a-eddy-current-separator-for-recycling-plant-non-ferrous-metal-recovery-in-s","how-to-choose-a-eddy-current-separator-for-recycling-plant-non-ferrous-metal-recovery-in-s","en","https://www.cowinmagnet.com/en/news/how-to-choose-a-eddy-current-separator-for-recycling-plant-non-ferrous-metal-recovery-in-s","news","How to Choose a Eddy Current Separator for recycling plant non-ferrous metal recovery in South America","2026-07-12","2026-07-12T01:20:41.297Z","/en/news/how-to-choose-a-eddy-current-separator-for-recycling-plant-non-ferrous-metal-recovery-in-s","index,follow","How to Choose a Eddy Current Separator for recycling plant","A practical Cowin Magnet guide for plant engineers, procurement teams, epc contractors and industrial equipment distributors choosing magnetic separation equipment by material, capacity, contamination and installation conditions.","How to Choose a Eddy Current Separator for recycling plant","A practical Cowin Magnet guide for plant engineers, procurement teams, epc contractors and industrial equipment distributors choosing magnetic separation equipment by material, capacity, contamination and installation conditions.","1","1","0","0","1397","1","0","0","NewsArticle,BreadcrumbList","news-source-required;title-topic-drift;legacy-internal-placeholder;legacy-markdown-list","needs-revision-noindex"
"blog-how-to-choose-a-overband-magnetic-separator-for-mining-conveyor-crusher-protection-in-sout","how-to-choose-a-overband-magnetic-separator-for-mining-conveyor-crusher-protection-in-sout","en","https://www.cowinmagnet.com/en/news/how-to-choose-a-overband-magnetic-separator-for-mining-conveyor-crusher-protection-in-sout","news","How to Choose a Overband Magnetic Separator for mining conveyor crusher protection in South America","2026-07-11","2026-07-11T01:20:40.236Z","/en/news/how-to-choose-a-overband-magnetic-separator-for-mining-conveyor-crusher-protection-in-sout","index,follow","How to Choose a Overband Magnetic Separator for mining","A practical Cowin Magnet guide for plant engineers, procurement teams, epc contractors and industrial equipment distributors choosing magnetic separation equipment by material, capacity, contamination and installation conditions.","How to Choose a Overband Magnetic Separator for mining","A practical Cowin Magnet guide for plant engineers, procurement teams, epc contractors and industrial equipment distributors choosing magnetic separation equipment by material, capacity, contamination and installation conditions.","1","1","0","0","1385","1","0","0","NewsArticle,BreadcrumbList","news-source-required;title-topic-drift;legacy-internal-placeholder;legacy-markdown-list","needs-revision-noindex"
"blog-how-to-choose-a-magnetic-head-pulley-for-continuous-ferrous-removal-on-conveyor-discharge-","how-to-choose-a-magnetic-head-pulley-for-continuous-ferrous-removal-on-conveyor-discharge-","en","https://www.cowinmagnet.com/en/news/how-to-choose-a-magnetic-head-pulley-for-continuous-ferrous-removal-on-conveyor-discharge-","news","How to Choose a Magnetic Head Pulley for continuous ferrous removal on conveyor discharge points in Africa","2026-07-10","2026-07-10T01:20:03.189Z","/en/news/how-to-choose-a-magnetic-head-pulley-for-continuous-ferrous-removal-on-conveyor-discharge-","index,follow","How to Choose a Magnetic Head Pulley for continuous ferrous","A practical Cowin Magnet guide for plant engineers, procurement teams, epc contractors and industrial equipment distributors choosing magnetic separation equipment by material, capacity, contamination and installation conditions.","How to Choose a Magnetic Head Pulley for continuous ferrous","A practical Cowin Magnet guide for plant engineers, procurement teams, epc contractors and industrial equipment distributors choosing magnetic separation equipment by material, capacity, contamination and installation conditions.","1","1","0","0","1380","1","0","0","NewsArticle,BreadcrumbList","news-source-required;title-topic-drift;legacy-internal-placeholder;legacy-markdown-list","needs-revision-noindex"
"blog-how-to-choose-a-magnetic-filter-for-plastic-and-chemical-powder-processing-in-africa","how-to-choose-a-magnetic-filter-for-plastic-and-chemical-powder-processing-in-africa","en","https://www.cowinmagnet.com/en/news/how-to-choose-a-magnetic-filter-for-plastic-and-chemical-powder-processing-in-africa","news","How to Choose a Magnetic Filter for plastic and chemical powder processing in Africa","2026-07-09","2026-07-09T01:20:03.338Z","/en/news/how-to-choose-a-magnetic-filter-for-plastic-and-chemical-powder-processing-in-africa","index,follow","How to Choose a Magnetic Filter for plastic and chemical","A practical Cowin Magnet guide for plant engineers, procurement teams, epc contractors and industrial equipment distributors choosing magnetic separation equipment by material, capacity, contamination and installation conditions.","How to Choose a Magnetic Filter for plastic and chemical","A practical Cowin Magnet guide for plant engineers, procurement teams, epc contractors and industrial equipment distributors choosing magnetic separation equipment by material, capacity, contamination and installation conditions.","1","1","0","0","1375","1","0","0","NewsArticle,BreadcrumbList","news-source-required;title-topic-drift;legacy-internal-placeholder;legacy-markdown-list","needs-revision-noindex"
"blog-how-to-choose-a-magnetic-grid-for-grain-and-powder-processing-in-africa","how-to-choose-a-magnetic-grid-for-grain-and-powder-processing-in-africa","en","https://www.cowinmagnet.com/en/news/how-to-choose-a-magnetic-grid-for-grain-and-powder-processing-in-africa","news","How to Choose a Magnetic Grid for grain and powder processing in Africa","2026-07-08","2026-07-08T01:20:04.415Z","/en/news/how-to-choose-a-magnetic-grid-for-grain-and-powder-processing-in-africa","index,follow","How to Choose a Magnetic Grid for grain and powder processing","A practical Cowin Magnet guide for plant engineers, procurement teams, epc contractors and industrial equipment distributors choosing magnetic separation equipment by material, capacity, contamination and installation conditions.","How to Choose a Magnetic Grid for grain and powder processing","A practical Cowin Magnet guide for plant engineers, procurement teams, epc contractors and industrial equipment distributors choosing magnetic separation equipment by material, capacity, contamination and installation conditions.","1","1","0","0","1358","1","0","0","NewsArticle,BreadcrumbList","news-source-required;title-topic-drift;legacy-internal-placeholder;legacy-markdown-list","needs-revision-noindex"
"blog-how-to-choose-a-eddy-current-separator-for-recycling-plant-non-ferrous-metal-recovery-in-a","how-to-choose-a-eddy-current-separator-for-recycling-plant-non-ferrous-metal-recovery-in-a","en","https://www.cowinmagnet.com/en/news/how-to-choose-a-eddy-current-separator-for-recycling-plant-non-ferrous-metal-recovery-in-a","news","How to Choose a Eddy Current Separator for recycling plant non-ferrous metal recovery in Africa","2026-07-07","2026-07-07T01:20:04.212Z","/en/news/how-to-choose-a-eddy-current-separator-for-recycling-plant-non-ferrous-metal-recovery-in-a","index,follow","How to Choose a Eddy Current Separator for recycling plant","A practical Cowin Magnet guide for plant engineers, procurement teams, epc contractors and industrial equipment distributors choosing magnetic separation equipment by material, capacity, contamination and installation conditions.","How to Choose a Eddy Current Separator for recycling plant","A practical Cowin Magnet guide for plant engineers, procurement teams, epc contractors and industrial equipment distributors choosing magnetic separation equipment by material, capacity, contamination and installation conditions.","1","1","0","0","1391","1","0","0","NewsArticle,BreadcrumbList","news-source-required;title-topic-drift;legacy-internal-placeholder;legacy-markdown-list","needs-revision-noindex"
"blog-how-to-choose-a-wet-drum-magnetic-separator-for-iron-ore-beneficiation-and-tailings-recove","how-to-choose-a-wet-drum-magnetic-separator-for-iron-ore-beneficiation-and-tailings-recove","en","https://www.cowinmagnet.com/en/news/how-to-choose-a-wet-drum-magnetic-separator-for-iron-ore-beneficiation-and-tailings-recove","news","How to Choose a Wet Drum Magnetic Separator for iron ore beneficiation and tailings recovery in Africa","2026-07-06","2026-07-06T01:20:04.261Z","/en/news/how-to-choose-a-wet-drum-magnetic-separator-for-iron-ore-beneficiation-and-tailings-recove","index,follow","How to Choose a Wet Drum Magnetic Separator for iron ore","A practical Cowin Magnet guide for plant engineers, procurement teams, epc contractors and industrial equipment distributors choosing magnetic separation equipment by material, capacity, contamination and installation conditions.","How to Choose a Wet Drum Magnetic Separator for iron ore","A practical Cowin Magnet guide for plant engineers, procurement teams, epc contractors and industrial equipment distributors choosing magnetic separation equipment by material, capacity, contamination and installation conditions.","1","1","0","0","1400","1","0","0","NewsArticle,BreadcrumbList","news-source-required;title-topic-drift;legacy-internal-placeholder;legacy-markdown-list","needs-revision-noindex"
"blog-magnetic-filters-for-plastic-and-chemical-processing-lines","magnetic-filters-for-plastic-and-chemical-processing-lines","en","https://www.cowinmagnet.com/en/news/magnetic-filters-for-plastic-and-chemical-processing-lines","news","Magnetic Filters for Plastic and Chemical Processing Lines","2026-07-05","2026-07-05T12:48:10.801Z","/en/news/magnetic-filters-for-plastic-and-chemical-processing-lines","index,follow","Magnetic Filters for Plastic and Chemical Processing Lines","A practical Cowin Magnet guide for plastic processors, chemical plants, powder producers and oem line builders choosing magnetic separation equipment by material, capacity, contamination and installation conditions.","Magnetic Filters for Plastic and Chemical Processing Lines","A practical Cowin Magnet guide for plastic processors, chemical plants, powder producers and oem line builders choosing magnetic separation equipment by material, capacity, contamination and installation conditions.","1","1","0","0","1429","1","0","0","NewsArticle,BreadcrumbList","news-source-required;title-topic-drift;legacy-internal-placeholder;legacy-markdown-list","needs-revision-noindex"
"blog-how-to-choose-a-overband-magnetic-separator-for-mining-conveyor-crusher-protection-in-afri","how-to-choose-a-overband-magnetic-separator-for-mining-conveyor-crusher-protection-in-afri","en","https://www.cowinmagnet.com/en/news/how-to-choose-a-overband-magnetic-separator-for-mining-conveyor-crusher-protection-in-afri","news","How to Choose an Overband Magnetic Separator for Mining Conveyor Crusher Protection in Africa","2026-07-04","2026-07-05T12:50:59.107Z","/en/news/how-to-choose-a-overband-magnetic-separator-for-mining-conveyor-crusher-protection-in-afri","index,follow","Overband Magnetic Separator for Mining Conveyors in Africa","A practical Cowin Magnet guide for plant engineers, procurement teams, epc contractors and industrial equipment distributors choosing magnetic separation equipment by material, capacity, contamination and installation conditions.","Overband Magnetic Separator for Mining Conveyors in Africa","A practical Cowin Magnet guide for plant engineers, procurement teams, epc contractors and industrial equipment distributors choosing magnetic separation equipment by material, capacity, contamination and installation conditions.","1","1","0","0","1379","1","0","0","NewsArticle,BreadcrumbList","news-source-required;title-topic-drift;legacy-internal-placeholder;legacy-markdown-list","needs-revision-noindex"
"blog-food-grade-magnetic-separators-for-grain-and-powder-processing","food-grade-magnetic-separators-for-grain-and-powder-processing","en","https://www.cowinmagnet.com/en/news/food-grade-magnetic-separators-for-grain-and-powder-processing","news","Food Grade Magnetic Separators for Grain and Powder Processing","2026-07-03","2026-07-03T01:20:08.326Z","/en/news/food-grade-magnetic-separators-for-grain-and-powder-processing","index,follow","Food Grade Magnetic Separators for Grain and Powder Processing","A practical Cowin Magnet guide for food processors, grain mills, powder plants and packaging line integrators choosing magnetic separation equipment by material, capacity, contamination and installation conditions.","Food Grade Magnetic Separators for Grain and Powder Processing","A practical Cowin Magnet guide for food processors, grain mills, powder plants and packaging line integrators choosing magnetic separation equipment by material, capacity, contamination and installation conditions.","1","1","0","0","1422","1","0","0","NewsArticle,BreadcrumbList","news-source-required;legacy-internal-placeholder;legacy-markdown-list","needs-revision-noindex"
"blog-eddy-current-separators-for-recycling-plants-in-asia","eddy-current-separators-for-recycling-plants-in-asia","en","https://www.cowinmagnet.com/en/news/eddy-current-separators-for-recycling-plants-in-asia","news","Eddy Current Separators for Recycling Plants in Asia","2026-07-02","2026-07-02T01:20:09.130Z","/en/news/eddy-current-separators-for-recycling-plants-in-asia","index,follow","Eddy Current Separators for Recycling Plants in Asia","A practical Cowin Magnet guide for recycling plant owners, mrf operators, waste sorting integrators and equipment distributors choosing magnetic separation equipment by material, capacity, contamination and installation conditions.","Eddy Current Separators for Recycling Plants in Asia","A practical Cowin Magnet guide for recycling plant owners, mrf operators, waste sorting integrators and equipment distributors choosing magnetic separation equipment by material, capacity, contamination and installation conditions.","1","1","0","0","1445","1","0","0","NewsArticle,BreadcrumbList","news-source-required;legacy-internal-placeholder;legacy-markdown-list","needs-revision-noindex"
"blog-magnetic-separators-for-mining-conveyors-in-chile-and-peru","magnetic-separators-for-mining-conveyors-in-chile-and-peru","en","https://www.cowinmagnet.com/en/news/magnetic-separators-for-mining-conveyors-in-chile-and-peru","news","Magnetic Separators for Mining Conveyors in Chile and Peru","2026-07-01","2026-07-01T01:20:08.455Z","/en/news/magnetic-separators-for-mining-conveyors-in-chile-and-peru","index,follow","Magnetic Separators for Mining Conveyors in Chile and Peru","A practical Cowin Magnet guide for copper and iron ore mines, epc contractors and conveyor equipment suppliers choosing magnetic separation equipment by material, capacity, contamination and installation conditions.","Magnetic Separators for Mining Conveyors in Chile and Peru","A practical Cowin Magnet guide for copper and iron ore mines, epc contractors and conveyor equipment suppliers choosing magnetic separation equipment by material, capacity, contamination and installation conditions.","1","1","0","0","1446","1","0","0","NewsArticle,BreadcrumbList","news-source-required;title-topic-drift;legacy-internal-placeholder;legacy-markdown-list","needs-revision-noindex"
"blog-conveyor-belt-magnetic-separator-for-coal-handling-plants","conveyor-belt-magnetic-separator-for-coal-handling-plants","en","https://www.cowinmagnet.com/en/news/conveyor-belt-magnetic-separator-for-coal-handling-plants","news","Conveyor Belt Magnetic Separator for Coal Handling Plants","2026-06-30","2026-06-30T01:20:08.568Z","/en/news/conveyor-belt-magnetic-separator-for-coal-handling-plants","index,follow","Conveyor Belt Magnetic Separator for Coal Handling Plants","A practical Cowin Magnet guide for coal handling plants, power plants, cement plants and conveyor system integrators choosing magnetic separation equipment by material, capacity, contamination and installation conditions.","Conveyor Belt Magnetic Separator for Coal Handling Plants","A practical Cowin Magnet guide for coal handling plants, power plants, cement plants and conveyor system integrators choosing magnetic separation equipment by material, capacity, contamination and installation conditions.","1","1","0","0","1458","1","0","0","NewsArticle,BreadcrumbList","news-source-required;title-topic-drift;legacy-internal-placeholder;legacy-markdown-list","needs-revision-noindex"
"blog-magnetic-separator-selection-for-gold-mining-operations","magnetic-separator-selection-for-gold-mining-operations","en","https://www.cowinmagnet.com/en/news/magnetic-separator-selection-for-gold-mining-operations","news","Magnetic Separator Selection for Gold Mining Operations","2026-06-29","2026-06-29T03:36:02.532Z","/en/news/magnetic-separator-selection-for-gold-mining-operations","index,follow","Magnetic Separator Selection for Gold Mining Operations","A practical Cowin Magnet guide for gold mining plants, mineral processing engineers and mining equipment distributors choosing magnetic separation equipment by material, capacity, contamination and installation conditions.","Magnetic Separator Selection for Gold Mining Operations","A practical Cowin Magnet guide for gold mining plants, mineral processing engineers and mining equipment distributors choosing magnetic separation equipment by material, capacity, contamination and installation conditions.","1","1","0","0","1428","1","0","0","NewsArticle,BreadcrumbList","news-source-required;legacy-internal-placeholder;legacy-markdown-list","needs-revision-noindex"
"blog-how-to-remove-tramp-iron-from-conveyor-belts-in-cement-plants","how-to-remove-tramp-iron-from-conveyor-belts-in-cement-plants","en","https://www.cowinmagnet.com/en/news/how-to-remove-tramp-iron-from-conveyor-belts-in-cement-plants","news","How to Remove Tramp Iron from Conveyor Belts in Cement Plants","2026-06-28","2026-06-28T01:20:24.356Z","/en/news/how-to-remove-tramp-iron-from-conveyor-belts-in-cement-plants","index,follow","How to Remove Tramp Iron from Conveyor Belts in Cement Plants","A practical Cowin Magnet guide for cement plant engineers, bulk material handling teams and maintenance managers choosing magnetic separation equipment by material, capacity, contamination and installation conditions.","How to Remove Tramp Iron from Conveyor Belts in Cement Plants","A practical Cowin Magnet guide for cement plant engineers, bulk material handling teams and maintenance managers choosing magnetic separation equipment by material, capacity, contamination and installation conditions.","1","1","0","0","1471","1","0","0","NewsArticle,BreadcrumbList","news-source-required;title-topic-drift;legacy-internal-placeholder;legacy-markdown-list","needs-revision-noindex"
"blog-magnetic-separators-for-crusher-protection-in-african-quarries","magnetic-separators-for-crusher-protection-in-african-quarries","en","https://www.cowinmagnet.com/en/news/magnetic-separators-for-crusher-protection-in-african-quarries","news","Magnetic Separators for Crusher Protection in African Quarries","2026-06-27","2026-06-27T12:12:59.966Z","/en/news/magnetic-separators-for-crusher-protection-in-african-quarries","index,follow","Magnetic Separators for Crusher Protection in African Quarries","A practical Cowin Magnet guide for quarry operators, aggregate producers, crusher plant managers and epc contractors choosing magnetic separation equipment by material, capacity, contamination and installation conditions.","Magnetic Separators for Crusher Protection in African Quarries","A practical Cowin Magnet guide for quarry operators, aggregate producers, crusher plant managers and epc contractors choosing magnetic separation equipment by material, capacity, contamination and installation conditions.","1","1","0","0","1440","1","0","0","NewsArticle,BreadcrumbList","news-source-required;title-topic-drift;legacy-internal-placeholder;legacy-markdown-list","needs-revision-noindex"
"blog-wet-drum-magnetic-separator-iron-ore-processing-brazil","wet-drum-magnetic-separator-iron-ore-processing-brazil","en","https://www.cowinmagnet.com/en/news/wet-drum-magnetic-separator-iron-ore-processing-brazil","news","Wet Drum Magnetic Separator for Iron Ore Processing in Brazil","2026-06-26","2026-06-29T03:38:43.362Z","/en/news/wet-drum-magnetic-separator-iron-ore-processing-brazil","index,follow","Wet Drum Magnetic Separator for Iron Ore Processing in Brazil","Brazilian iron ore buyers often ask which wet drum magnetic separator is suitable for beneficiation, roughing, cleaning or tailings recovery. The practical answer depends on ore magnetism, particle size, slurry concentration, capacity, tank structure and process goal.","Wet Drum Magnetic Separator for Iron Ore Processing in Brazil","Brazilian iron ore buyers often ask which wet drum magnetic separator is suitable for beneficiation, roughing, cleaning or tailings recovery. The practical answer depends on ore magnetism, particle size, slurry concentration, capacity, tank structure and process goal.","1","1","0","0","2337","1","0","0","NewsArticle,BreadcrumbList","raw-markdown-paragraph;news-source-required;unverified-claim;title-topic-drift;legacy-internal-placeholder;legacy-markdown-list","needs-revision-noindex"
