id,sourceOrdinal,rawEntry,name,requestedDomain,requestedUrl,canonicalDomain,sourceGroup,industryTags,discoveryMethod,rssOrApiUrl,tier,active,validationStatus,robotsAllowed,lastCheckedAt,lastUsedAt,useCount,canonicalDuplicateOf,notes
"cowin-source-001","1","www.mining.com","mining.com","www.mining.com","https://www.mining.com/","mining.com","mining","mining","public-page","","C","true","enabled-public-page","","","","0","","Enabled for low-frequency public-page discovery. Runtime checks robots.txt and rejects inaccessible or irrelevant articles."
"cowin-source-002","2","www.miningmagazine.com","miningmagazine.com","www.miningmagazine.com","https://www.miningmagazine.com/","miningmagazine.com","mining","mining","public-page","","C","true","enabled-public-page","","","","0","","Enabled for low-frequency public-page discovery. Runtime checks robots.txt and rejects inaccessible or irrelevant articles."
"cowin-source-003","3","www.miningweekly.com","miningweekly.com","www.miningweekly.com","https://www.miningweekly.com/","miningweekly.com","mining","mining","public-page","","C","true","enabled-public-page","","","","0","","Enabled for low-frequency public-page discovery. Runtime checks robots.txt and rejects inaccessible or irrelevant articles."
"cowin-source-004","4","www.im-mining.com","International Mining","www.im-mining.com","https://www.im-mining.com/","im-mining.com","mining","mining","rss","https://im-mining.com/feed/","B","true","verified","true","","","0","","Enabled for low-frequency public-page discovery. Runtime checks robots.txt and rejects inaccessible or irrelevant articles."
"cowin-source-005","5","www.mining-technology.com","Mining Technology","www.mining-technology.com","https://www.mining-technology.com/","mining-technology.com","mining","mining","rss","https://www.mining-technology.com/feed/","B","true","verified","true","","","0","","Enabled for low-frequency public-page discovery. Runtime checks robots.txt and rejects inaccessible or irrelevant articles."
"cowin-source-006","6","www.e-mj.com","e-mj.com","www.e-mj.com","https://www.e-mj.com/","e-mj.com","mining","mining","public-page","","C","true","enabled-public-page","","","","0","","Enabled for low-frequency public-page discovery. Runtime checks robots.txt and rejects inaccessible or irrelevant articles."
"cowin-source-007","7","www.canadianminingjournal.com","canadianminingjournal.com","www.canadianminingjournal.com","https://www.canadianminingjournal.com/","canadianminingjournal.com","mining","mining","public-page","","C","true","enabled-public-page","","","","0","","Enabled for low-frequency public-page discovery. Runtime checks robots.txt and rejects inaccessible or irrelevant articles."
"cowin-source-008","8","www.australianmining.com.au","australianmining.com.au","www.australianmining.com.au","https://www.australianmining.com.au/","australianmining.com.au","mining","mining","public-page","","C","true","enabled-public-page","","","","0","","Enabled for low-frequency public-page discovery. Runtime checks robots.txt and rejects inaccessible or irrelevant articles."
"cowin-source-009","9","www.miningreview.com","miningreview.com","www.miningreview.com","https://www.miningreview.com/","miningreview.com","mining","mining","public-page","","C","true","enabled-public-page","","","","0","","Enabled for low-frequency public-page discovery. Runtime checks robots.txt and rejects inaccessible or irrelevant articles."
"cowin-source-010","10","www.mining-journal.com","mining-journal.com","www.mining-journal.com","https://www.mining-journal.com/","mining-journal.com","mining","mining","public-page","","C","true","enabled-public-page","","","","0","","Enabled for low-frequency public-page discovery. Runtime checks robots.txt and rejects inaccessible or irrelevant articles."
"cowin-source-011","11","www.globalminingreview.com","globalminingreview.com","www.globalminingreview.com","https://www.globalminingreview.com/","globalminingreview.com","mining","mining","public-page","","C","true","enabled-public-page","","","","0","","Enabled for low-frequency public-page discovery. Runtime checks robots.txt and rejects inaccessible or irrelevant articles."
"cowin-source-012","12","www.miningfuture.com","miningfuture.com","www.miningfuture.com","https://www.miningfuture.com/","miningfuture.com","mining","mining","public-page","","C","true","enabled-public-page","","","","0","","Enabled for low-frequency public-page discovery. Runtime checks robots.txt and rejects inaccessible or irrelevant articles."
"cowin-source-013","13","www.miningmx.com","miningmx.com","www.miningmx.com","https://www.miningmx.com/","miningmx.com","mining","mining","public-page","","C","true","enabled-public-page","","","","0","","Enabled for low-frequency public-page discovery. Runtime checks robots.txt and rejects inaccessible or irrelevant articles."
"cowin-source-014","14","www.miningglobal.com","miningglobal.com","www.miningglobal.com","https://www.miningglobal.com/","miningglobal.com","mining","mining","public-page","","C","true","enabled-public-page","","","","0","","Enabled for low-frequency public-page discovery. Runtime checks robots.txt and rejects inaccessible or irrelevant articles."
"cowin-source-015","15","www.miningnews.net","miningnews.net","www.miningnews.net","https://www.miningnews.net/","miningnews.net","mining","mining","public-page","","C","true","enabled-public-page","","","","0","","Enabled for low-frequency public-page discovery. Runtime checks robots.txt and rejects inaccessible or irrelevant articles."
"cowin-source-016","16","www.miningbusinessafrica.co.za","miningbusinessafrica.co.za","www.miningbusinessafrica.co.za","https://www.miningbusinessafrica.co.za/","miningbusinessafrica.co.za","mining","mining","public-page","","C","true","enabled-public-page","","","","0","","Enabled for low-frequency public-page discovery. Runtime checks robots.txt and rejects inaccessible or irrelevant articles."
"cowin-source-017","17","www.africanmining.co.za","africanmining.co.za","www.africanmining.co.za","https://www.africanmining.co.za/","africanmining.co.za","mining","mining","public-page","","C","true","enabled-public-page","","","","0","","Enabled for low-frequency public-page discovery. Runtime checks robots.txt and rejects inaccessible or irrelevant articles."
"cowin-source-018","18","www.latammining.com","latammining.com","www.latammining.com","https://www.latammining.com/","latammining.com","mining","mining","public-page","","C","true","enabled-public-page","","","","0","","Enabled for low-frequency public-page discovery. Runtime checks robots.txt and rejects inaccessible or irrelevant articles."
"cowin-source-019","19","www.indiagoldandmining.com","indiagoldandmining.com","www.indiagoldandmining.com","https://www.indiagoldandmining.com/","indiagoldandmining.com","mining","mining","public-page","","C","true","enabled-public-page","","","","0","","Enabled for low-frequency public-page discovery. Runtime checks robots.txt and rejects inaccessible or irrelevant articles."
"cowin-source-020","20","www.mining-journal-online.com","mining-journal-online.com","www.mining-journal-online.com","https://www.mining-journal-online.com/","mining-journal-online.com","mining","mining","public-page","","C","true","enabled-public-page","","","","0","","Enabled for low-frequency public-page discovery. Runtime checks robots.txt and rejects inaccessible or irrelevant articles."
"cowin-source-021","21","www.pitandquarry.com","pitandquarry.com","www.pitandquarry.com","https://www.pitandquarry.com/","pitandquarry.com","mining","mining","public-page","","C","true","enabled-public-page","","","","0","","Enabled for low-frequency public-page discovery. Runtime checks robots.txt and rejects inaccessible or irrelevant articles."
"cowin-source-022","22","www.aggregatemanager.com","aggregatemanager.com","www.aggregatemanager.com","https://www.aggregatemanager.com/","aggregatemanager.com","mining","mining","public-page","","C","true","enabled-public-page","","","","0","","Enabled for low-frequency public-page discovery. Runtime checks robots.txt and rejects inaccessible or irrelevant articles."
"cowin-source-023","23","www.aggbusiness.com","aggbusiness.com","www.aggbusiness.com","https://www.aggbusiness.com/","aggbusiness.com","mining","mining","public-page","","C","true","enabled-public-page","","","","0","","Enabled for low-frequency public-page discovery. Runtime checks robots.txt and rejects inaccessible or irrelevant articles."
"cowin-source-024","24","www.quarrymagazine.com.au","quarrymagazine.com.au","www.quarrymagazine.com.au","https://www.quarrymagazine.com.au/","quarrymagazine.com.au","mining","mining","public-page","","C","true","enabled-public-page","","","","0","","Enabled for low-frequency public-page discovery. Runtime checks robots.txt and rejects inaccessible or irrelevant articles."
"cowin-source-025","25","www.rockproducts.com","rockproducts.com","www.rockproducts.com","https://www.rockproducts.com/","rockproducts.com","mining","mining","public-page","","C","true","enabled-public-page","","","","0","","Enabled for low-frequency public-page discovery. Runtime checks robots.txt and rejects inaccessible or irrelevant articles."
"cowin-source-026","26","www.sandandgravel.com","sandandgravel.com","www.sandandgravel.com","https://www.sandandgravel.com/","sandandgravel.com","mining","mining","public-page","","C","true","enabled-public-page","","","","0","","Enabled for low-frequency public-page discovery. Runtime checks robots.txt and rejects inaccessible or irrelevant articles."
"cowin-source-027","27","www.aggregates-news.com","aggregates-news.com","www.aggregates-news.com","https://www.aggregates-news.com/","aggregates-news.com","mining","mining","public-page","","C","true","enabled-public-page","","","","0","","Enabled for low-frequency public-page discovery. Runtime checks robots.txt and rejects inaccessible or irrelevant articles."
"cowin-source-028","28","www.quarrying.org","quarrying.org","www.quarrying.org","https://www.quarrying.org/","quarrying.org","mining","mining","public-page","","C","true","enabled-public-page","","","","0","","Enabled for low-frequency public-page discovery. Runtime checks robots.txt and rejects inaccessible or irrelevant articles."
"cowin-source-029","29","www.mineralproducts.org","mineralproducts.org","www.mineralproducts.org","https://www.mineralproducts.org/","mineralproducts.org","mining","mining","public-page","","A","true","enabled-public-page","","","","0","","Enabled for low-frequency public-page discovery. Runtime checks robots.txt and rejects inaccessible or irrelevant articles."
"cowin-source-030","30","www.crushingandscreening.com","crushingandscreening.com","www.crushingandscreening.com","https://www.crushingandscreening.com/","crushingandscreening.com","mining","mining","public-page","","C","true","enabled-public-page","","","","0","","Enabled for low-frequency public-page discovery. Runtime checks robots.txt and rejects inaccessible or irrelevant articles."
"cowin-source-031","31","www.mineralpedia.com","mineralpedia.com","www.mineralpedia.com","https://www.mineralpedia.com/","mineralpedia.com","mining","mining","public-page","","C","true","enabled-public-page","","","","0","","Enabled for low-frequency public-page discovery. Runtime checks robots.txt and rejects inaccessible or irrelevant articles."
"cowin-source-032","32","www.miningequipment-news.com","miningequipment-news.com","www.miningequipment-news.com","https://www.miningequipment-news.com/","miningequipment-news.com","mining","mining","public-page","","C","true","enabled-public-page","","","","0","","Enabled for low-frequency public-page discovery. Runtime checks robots.txt and rejects inaccessible or irrelevant articles."
"cowin-source-033","33","www.heavyequipmentguide.ca","heavyequipmentguide.ca","www.heavyequipmentguide.ca","https://www.heavyequipmentguide.ca/","heavyequipmentguide.ca","mining","mining","public-page","","C","true","enabled-public-page","","","","0","","Enabled for low-frequency public-page discovery. Runtime checks robots.txt and rejects inaccessible or irrelevant articles."
"cowin-source-034","34","www.worldminingmag.com","worldminingmag.com","www.worldminingmag.com","https://www.worldminingmag.com/","worldminingmag.com","mining","mining","public-page","","C","true","enabled-public-page","","","","0","","Enabled for low-frequency public-page discovery. Runtime checks robots.txt and rejects inaccessible or irrelevant articles."
"cowin-source-035","35","www.equipmentworld.com","equipmentworld.com","www.equipmentworld.com","https://www.equipmentworld.com/","equipmentworld.com","mining","mining","public-page","","C","true","enabled-public-page","","","","0","","Enabled for low-frequency public-page discovery. Runtime checks robots.txt and rejects inaccessible or irrelevant articles."
"cowin-source-036","36","www.oemoffhighway.com","oemoffhighway.com","www.oemoffhighway.com","https://www.oemoffhighway.com/","oemoffhighway.com","mining","mining","public-page","","C","true","enabled-public-page","","","","0","","Enabled for low-frequency public-page discovery. Runtime checks robots.txt and rejects inaccessible or irrelevant articles."
"cowin-source-037","37","www.machineryline.com","machineryline.com","www.machineryline.com","https://www.machineryline.com/","machineryline.com","mining","mining","public-page","","C","true","enabled-public-page","","","","0","","Enabled for low-frequency public-page discovery. Runtime checks robots.txt and rejects inaccessible or irrelevant articles."
"cowin-source-038","38","www.miningtech.org","miningtech.org","www.miningtech.org","https://www.miningtech.org/","miningtech.org","mining","mining","public-page","","C","true","enabled-public-page","","","","0","","Enabled for low-frequency public-page discovery. Runtime checks robots.txt and rejects inaccessible or irrelevant articles."
"cowin-source-039","39","www.miningbreakthrough.com","miningbreakthrough.com","www.miningbreakthrough.com","https://www.miningbreakthrough.com/","miningbreakthrough.com","mining","mining","public-page","","C","true","enabled-public-page","","","","0","","Enabled for low-frequency public-page discovery. Runtime checks robots.txt and rejects inaccessible or irrelevant articles."
"cowin-source-040","40","www.agg-net.com","agg-net.com","www.agg-net.com","https://www.agg-net.com/","agg-net.com","mining","mining","public-page","","C","true","enabled-public-page","","","","0","","Enabled for low-frequency public-page discovery. Runtime checks robots.txt and rejects inaccessible or irrelevant articles."
"cowin-source-041","41","www.saimm.co.za","saimm.co.za","www.saimm.co.za","https://www.saimm.co.za/","saimm.co.za","mining","mining","public-page","","A","true","enabled-public-page","","","","0","","Enabled for low-frequency public-page discovery. Runtime checks robots.txt and rejects inaccessible or irrelevant articles."
"cowin-source-042","42","www.smenet.org","smenet.org","www.smenet.org","https://www.smenet.org/","smenet.org","mining","mining","public-page","","A","true","enabled-public-page","","","","0","","Enabled for low-frequency public-page discovery. Runtime checks robots.txt and rejects inaccessible or irrelevant articles."
"cowin-source-043","43","www.ausimm.com","ausimm.com","www.ausimm.com","https://www.ausimm.com/","ausimm.com","mining","mining","public-page","","A","true","enabled-public-page","","","","0","","Enabled for low-frequency public-page discovery. Runtime checks robots.txt and rejects inaccessible or irrelevant articles."
"cowin-source-044","44","www.iom3.org","iom3.org","www.iom3.org","https://www.iom3.org/","iom3.org","mining","mining","public-page","","A","true","enabled-public-page","","","","0","","Enabled for low-frequency public-page discovery. Runtime checks robots.txt and rejects inaccessible or irrelevant articles."
"cowin-source-045","45","www.mineralsprocessing.com","mineralsprocessing.com","www.mineralsprocessing.com","https://www.mineralsprocessing.com/","mineralsprocessing.com","mining","mining","public-page","","C","true","enabled-public-page","","","","0","","Enabled for low-frequency public-page discovery. Runtime checks robots.txt and rejects inaccessible or irrelevant articles."
"cowin-source-046","46","www.mineralsengineering.com","mineralsengineering.com","www.mineralsengineering.com","https://www.mineralsengineering.com/","mineralsengineering.com","mining","mining","public-page","","C","true","enabled-public-page","","","","0","","Enabled for low-frequency public-page discovery. Runtime checks robots.txt and rejects inaccessible or irrelevant articles."
"cowin-source-047","47","www.metallurgy-news.com","metallurgy-news.com","www.metallurgy-news.com","https://www.metallurgy-news.com/","metallurgy-news.com","mining","mining","public-page","","C","true","enabled-public-page","","","","0","","Enabled for low-frequency public-page discovery. Runtime checks robots.txt and rejects inaccessible or irrelevant articles."
"cowin-source-048","48","www.worldofmining.com","worldofmining.com","www.worldofmining.com","https://www.worldofmining.com/","worldofmining.com","mining","mining","public-page","","C","true","enabled-public-page","","","","0","","Enabled for low-frequency public-page discovery. Runtime checks robots.txt and rejects inaccessible or irrelevant articles."
"cowin-source-049","49","www.canadianmetallurgicalquarterly.com","canadianmetallurgicalquarterly.com","www.canadianmetallurgicalquarterly.com","https://www.canadianmetallurgicalquarterly.com/","canadianmetallurgicalquarterly.com","mining","mining","public-page","","C","true","enabled-public-page","","","","0","","Enabled for low-frequency public-page discovery. Runtime checks robots.txt and rejects inaccessible or irrelevant articles."
"cowin-source-050","50","www.copper.org","copper.org","www.copper.org","https://www.copper.org/","copper.org","mining","mining","public-page","","A","true","enabled-public-page","","","","0","","Enabled for low-frequency public-page discovery. Runtime checks robots.txt and rejects inaccessible or irrelevant articles."
"cowin-source-051","51","www.ironore.org","ironore.org","www.ironore.org","https://www.ironore.org/","ironore.org","mining","mining","public-page","","C","true","enabled-public-page","","","","0","","Enabled for low-frequency public-page discovery. Runtime checks robots.txt and rejects inaccessible or irrelevant articles."
"cowin-source-052","52","www.steelguru.com","steelguru.com","www.steelguru.com","https://www.steelguru.com/","steelguru.com","mining","mining","public-page","","C","true","enabled-public-page","","","","0","","Enabled for low-frequency public-page discovery. Runtime checks robots.txt and rejects inaccessible or irrelevant articles."
"cowin-source-053","53","www.metalbulletin.com","metalbulletin.com","www.metalbulletin.com","https://www.metalbulletin.com/","metalbulletin.com","mining","mining","public-page","","C","true","enabled-public-page","","","","0","","Enabled for low-frequency public-page discovery. Runtime checks robots.txt and rejects inaccessible or irrelevant articles."
"cowin-source-054","54","www.fastmarkets.com","fastmarkets.com","www.fastmarkets.com","https://www.fastmarkets.com/","fastmarkets.com","mining","mining","public-page","","C","true","enabled-public-page","","","","0","","Enabled for low-frequency public-page discovery. Runtime checks robots.txt and rejects inaccessible or irrelevant articles."
"cowin-source-055","55","www.miningconnection.com","miningconnection.com","www.miningconnection.com","https://www.miningconnection.com/","miningconnection.com","mining","mining","public-page","","C","true","enabled-public-page","","","","0","","Enabled for low-frequency public-page discovery. Runtime checks robots.txt and rejects inaccessible or irrelevant articles."
"cowin-source-056","56","www.miningfeeds.com","miningfeeds.com","www.miningfeeds.com","https://www.miningfeeds.com/","miningfeeds.com","mining","mining","public-page","","C","true","enabled-public-page","","","","0","","Enabled for low-frequency public-page discovery. Runtime checks robots.txt and rejects inaccessible or irrelevant articles."
"cowin-source-057","57","www.miningoilgastoday.com","miningoilgastoday.com","www.miningoilgastoday.com","https://www.miningoilgastoday.com/","miningoilgastoday.com","mining","mining","public-page","","C","true","enabled-public-page","","","","0","","Enabled for low-frequency public-page discovery. Runtime checks robots.txt and rejects inaccessible or irrelevant articles."
"cowin-source-058","58","www.miningpeople.com.au","miningpeople.com.au","www.miningpeople.com.au","https://www.miningpeople.com.au/","miningpeople.com.au","mining","mining","public-page","","C","true","enabled-public-page","","","","0","","Enabled for low-frequency public-page discovery. Runtime checks robots.txt and rejects inaccessible or irrelevant articles."
"cowin-source-059","59","www.miningsearch.com","miningsearch.com","www.miningsearch.com","https://www.miningsearch.com/","miningsearch.com","mining","mining","public-page","","C","true","enabled-public-page","","","","0","","Enabled for low-frequency public-page discovery. Runtime checks robots.txt and rejects inaccessible or irrelevant articles."
"cowin-source-060","60","www.infomine.com","infomine.com","www.infomine.com","https://www.infomine.com/","infomine.com","mining","mining","public-page","","C","true","enabled-public-page","","","","0","","Enabled for low-frequency public-page discovery. Runtime checks robots.txt and rejects inaccessible or irrelevant articles."
"cowin-source-061","61","www.miningne.ws","miningne.ws","www.miningne.ws","https://www.miningne.ws/","miningne.ws","mining","mining","public-page","","C","true","enabled-public-page","","","","0","","Enabled for low-frequency public-page discovery. Runtime checks robots.txt and rejects inaccessible or irrelevant articles."
"cowin-source-062","62","www.miningclarity.com","miningclarity.com","www.miningclarity.com","https://www.miningclarity.com/","miningclarity.com","mining","mining","public-page","","C","true","enabled-public-page","","","","0","","Enabled for low-frequency public-page discovery. Runtime checks robots.txt and rejects inaccessible or irrelevant articles."
"cowin-source-063","63","www.miningbulletin.com","miningbulletin.com","www.miningbulletin.com","https://www.miningbulletin.com/","miningbulletin.com","mining","mining","public-page","","C","true","enabled-public-page","","","","0","","Enabled for low-frequency public-page discovery. Runtime checks robots.txt and rejects inaccessible or irrelevant articles."
"cowin-source-064","64","www.northernminer.com","northernminer.com","www.northernminer.com","https://www.northernminer.com/","northernminer.com","mining","mining","public-page","","C","true","enabled-public-page","","","","0","","Enabled for low-frequency public-page discovery. Runtime checks robots.txt and rejects inaccessible or irrelevant articles."
"cowin-source-065","65","www.miningreviewafrica.com","miningreviewafrica.com","www.miningreviewafrica.com","https://www.miningreviewafrica.com/","miningreviewafrica.com","mining","mining","public-page","","C","true","enabled-public-page","","","","0","","Enabled for low-frequency public-page discovery. Runtime checks robots.txt and rejects inaccessible or irrelevant articles."
"cowin-source-066","66","www.northamericanmining.com","northamericanmining.com","www.northamericanmining.com","https://www.northamericanmining.com/","northamericanmining.com","mining","mining","public-page","","C","true","enabled-public-page","","","","0","","Enabled for low-frequency public-page discovery. Runtime checks robots.txt and rejects inaccessible or irrelevant articles."
"cowin-source-067","67","www.miningindonesia.com","miningindonesia.com","www.miningindonesia.com","https://www.miningindonesia.com/","miningindonesia.com","mining","mining","public-page","","C","true","enabled-public-page","","","","0","","Enabled for low-frequency public-page discovery. Runtime checks robots.txt and rejects inaccessible or irrelevant articles."
"cowin-source-068","68","www.miningperu.com","miningperu.com","www.miningperu.com","https://www.miningperu.com/","miningperu.com","mining","mining","public-page","","C","true","enabled-public-page","","","","0","","Enabled for low-frequency public-page discovery. Runtime checks robots.txt and rejects inaccessible or irrelevant articles."
"cowin-source-069","69","www.miningchile.com","miningchile.com","www.miningchile.com","https://www.miningchile.com/","miningchile.com","mining","mining","public-page","","C","true","enabled-public-page","","","","0","","Enabled for low-frequency public-page discovery. Runtime checks robots.txt and rejects inaccessible or irrelevant articles."
"cowin-source-070","70","www.miningbrazil.com","miningbrazil.com","www.miningbrazil.com","https://www.miningbrazil.com/","miningbrazil.com","mining","mining","public-page","","C","true","enabled-public-page","","","","0","","Enabled for low-frequency public-page discovery. Runtime checks robots.txt and rejects inaccessible or irrelevant articles."
"cowin-source-071","71","www.miningmexico.com","miningmexico.com","www.miningmexico.com","https://www.miningmexico.com/","miningmexico.com","mining","mining","public-page","","C","true","enabled-public-page","","","","0","","Enabled for low-frequency public-page discovery. Runtime checks robots.txt and rejects inaccessible or irrelevant articles."
"cowin-source-072","72","www.miningturkey.com","miningturkey.com","www.miningturkey.com","https://www.miningturkey.com/","miningturkey.com","mining","mining","public-page","","C","true","enabled-public-page","","","","0","","Enabled for low-frequency public-page discovery. Runtime checks robots.txt and rejects inaccessible or irrelevant articles."
"cowin-source-073","73","www.miningrussia.com","miningrussia.com","www.miningrussia.com","https://www.miningrussia.com/","miningrussia.com","mining","mining","public-page","","C","true","enabled-public-page","","","","0","","Enabled for low-frequency public-page discovery. Runtime checks robots.txt and rejects inaccessible or irrelevant articles."
"cowin-source-074","74","www.miningasia.com","miningasia.com","www.miningasia.com","https://www.miningasia.com/","miningasia.com","mining","mining","public-page","","C","true","enabled-public-page","","","","0","","Enabled for low-frequency public-page discovery. Runtime checks robots.txt and rejects inaccessible or irrelevant articles."
"cowin-source-075","75","www.miningmiddleeast.com","miningmiddleeast.com","www.miningmiddleeast.com","https://www.miningmiddleeast.com/","miningmiddleeast.com","mining","mining","public-page","","C","true","enabled-public-page","","","","0","","Enabled for low-frequency public-page discovery. Runtime checks robots.txt and rejects inaccessible or irrelevant articles."
"cowin-source-076","76","www.miningforum.net","miningforum.net","www.miningforum.net","https://www.miningforum.net/","miningforum.net","mining","mining","public-page","","discovery-only","false","pending","","","","0","","Discovery-only: never an independent factual source."
"cowin-source-077","77","www.forum.rocktumblinghobby.com","forum.rocktumblinghobby.com","www.forum.rocktumblinghobby.com","https://www.forum.rocktumblinghobby.com/","forum.rocktumblinghobby.com","mining","mining","public-page","","discovery-only","false","pending","","","","0","","Discovery-only: never an independent factual source."
"cowin-source-078","78","www.gold-prospecting-wa.com","gold-prospecting-wa.com","www.gold-prospecting-wa.com","https://www.gold-prospecting-wa.com/","gold-prospecting-wa.com","mining","mining","public-page","","discovery-only","false","pending","","","","0","","Discovery-only: never an independent factual source."
"cowin-source-079","79","www.detecting.merchandise.forum","detecting.merchandise.forum","www.detecting.merchandise.forum","https://www.detecting.merchandise.forum/","detecting.merchandise.forum","mining","mining","public-page","","discovery-only","false","pending","","","","0","","Discovery-only: never an independent factual source."
"cowin-source-080","80","www.mineralforum.com","mineralforum.com","www.mineralforum.com","https://www.mineralforum.com/","mineralforum.com","mining","mining","public-page","","discovery-only","false","pending","","","","0","","Discovery-only: never an independent factual source."
"cowin-source-081","81","www.recyclingtoday.com","Recycling Today","www.recyclingtoday.com","https://www.recyclingtoday.com/","recyclingtoday.com","recycling","recycling","rss","https://www.recyclingtoday.com/rss","B","true","verified","true","","","0","","Enabled for low-frequency public-page discovery. Runtime checks robots.txt and rejects inaccessible or irrelevant articles."
"cowin-source-082","82","www.waste360.com","waste360.com","www.waste360.com","https://www.waste360.com/","waste360.com","recycling","recycling","public-page","","C","true","enabled-public-page","","","","0","","Enabled for low-frequency public-page discovery. Runtime checks robots.txt and rejects inaccessible or irrelevant articles."
"cowin-source-083","83","www.waste-management-world.com","waste-management-world.com","www.waste-management-world.com","https://www.waste-management-world.com/","waste-management-world.com","recycling","recycling","public-page","","C","true","enabled-public-page","","","","0","","Enabled for low-frequency public-page discovery. Runtime checks robots.txt and rejects inaccessible or irrelevant articles."
"cowin-source-084","84","www.recycling-magazine.com","recycling-magazine.com","www.recycling-magazine.com","https://www.recycling-magazine.com/","recycling-magazine.com","recycling","recycling","public-page","","C","true","enabled-public-page","","","","0","","Enabled for low-frequency public-page discovery. Runtime checks robots.txt and rejects inaccessible or irrelevant articles."
"cowin-source-085","85","www.resource-recycling.com","resource-recycling.com","www.resource-recycling.com","https://www.resource-recycling.com/","resource-recycling.com","recycling","recycling","public-page","","C","true","enabled-public-page","","","","0","","Enabled for low-frequency public-page discovery. Runtime checks robots.txt and rejects inaccessible or irrelevant articles."
"cowin-source-086","86","www.scrapmonster.com","scrapmonster.com","www.scrapmonster.com","https://www.scrapmonster.com/","scrapmonster.com","recycling","recycling","public-page","","C","true","enabled-public-page","","","","0","","Enabled for low-frequency public-page discovery. Runtime checks robots.txt and rejects inaccessible or irrelevant articles."
"cowin-source-087","87","www.recyclinginternational.com","recyclinginternational.com","www.recyclinginternational.com","https://www.recyclinginternational.com/","recyclinginternational.com","recycling","recycling","public-page","","C","true","enabled-public-page","","","","0","","Enabled for low-frequency public-page discovery. Runtime checks robots.txt and rejects inaccessible or irrelevant articles."
"cowin-source-088","88","www.wastetodaymagazine.com","Waste Today","www.wastetodaymagazine.com","https://www.wastetodaymagazine.com/","wastetodaymagazine.com","recycling","recycling","rss","https://www.wastetodaymagazine.com/rss","B","true","verified","true","","","0","","Enabled for low-frequency public-page discovery. Runtime checks robots.txt and rejects inaccessible or irrelevant articles."
"cowin-source-089","89","www.recyclinginside.com","recyclinginside.com","www.recyclinginside.com","https://www.recyclinginside.com/","recyclinginside.com","recycling","recycling","public-page","","C","true","enabled-public-page","","","","0","","Enabled for low-frequency public-page discovery. Runtime checks robots.txt and rejects inaccessible or irrelevant articles."
"cowin-source-090","90","www.wasteprep.com","wasteprep.com","www.wasteprep.com","https://www.wasteprep.com/","wasteprep.com","recycling","recycling","public-page","","C","true","enabled-public-page","","","","0","","Enabled for low-frequency public-page discovery. Runtime checks robots.txt and rejects inaccessible or irrelevant articles."
"cowin-source-091","91","www.waste360.com/recycling","waste360.com","www.waste360.com","https://www.waste360.com/recycling","waste360.com","recycling","recycling","public-page","","C","false","pending","","","","0","cowin-source-082","Canonical duplicate of cowin-source-082."
"cowin-source-092","92","www.e-scrapnews.com","e-scrapnews.com","www.e-scrapnews.com","https://www.e-scrapnews.com/","e-scrapnews.com","recycling","recycling","public-page","","C","true","enabled-public-page","","","","0","","Enabled for low-frequency public-page discovery. Runtime checks robots.txt and rejects inaccessible or irrelevant articles."
"cowin-source-093","93","www.plasticsrecycling.com","plasticsrecycling.com","www.plasticsrecycling.com","https://www.plasticsrecycling.com/","plasticsrecycling.com","recycling","recycling","public-page","","C","true","enabled-public-page","","","","0","","Enabled for low-frequency public-page discovery. Runtime checks robots.txt and rejects inaccessible or irrelevant articles."
"cowin-source-094","94","www.recyclingproductnews.com","recyclingproductnews.com","www.recyclingproductnews.com","https://www.recyclingproductnews.com/","recyclingproductnews.com","recycling","recycling","public-page","","C","true","enabled-public-page","","","","0","","Enabled for low-frequency public-page discovery. Runtime checks robots.txt and rejects inaccessible or irrelevant articles."
"cowin-source-095","95","www.waste-processing.com","waste-processing.com","www.waste-processing.com","https://www.waste-processing.com/","waste-processing.com","recycling","recycling","public-page","","C","true","enabled-public-page","","","","0","","Enabled for low-frequency public-page discovery. Runtime checks robots.txt and rejects inaccessible or irrelevant articles."
"cowin-source-096","96","www.wastedive.com","wastedive.com","www.wastedive.com","https://www.wastedive.com/","wastedive.com","recycling","recycling","public-page","","C","true","enabled-public-page","","","","0","","Enabled for low-frequency public-page discovery. Runtime checks robots.txt and rejects inaccessible or irrelevant articles."
"cowin-source-097","97","www.letsrecycle.com","letsrecycle.com","www.letsrecycle.com","https://www.letsrecycle.com/","letsrecycle.com","recycling","recycling","public-page","","C","true","enabled-public-page","","","","0","","Enabled for low-frequency public-page discovery. Runtime checks robots.txt and rejects inaccessible or irrelevant articles."
"cowin-source-098","98","www.mrw.co.uk","mrw.co.uk","www.mrw.co.uk","https://www.mrw.co.uk/","mrw.co.uk","recycling","recycling","public-page","","C","true","enabled-public-page","","","","0","","Enabled for low-frequency public-page discovery. Runtime checks robots.txt and rejects inaccessible or irrelevant articles."
"cowin-source-099","99","www.recyclingtimes.com","recyclingtimes.com","www.recyclingtimes.com","https://www.recyclingtimes.com/","recyclingtimes.com","recycling","recycling","public-page","","C","true","enabled-public-page","","","","0","","Enabled for low-frequency public-page discovery. Runtime checks robots.txt and rejects inaccessible or irrelevant articles."
"cowin-source-100","100","www.recyclingworld.org","recyclingworld.org","www.recyclingworld.org","https://www.recyclingworld.org/","recyclingworld.org","recycling","recycling","public-page","","C","true","enabled-public-page","","","","0","","Enabled for low-frequency public-page discovery. Runtime checks robots.txt and rejects inaccessible or irrelevant articles."
"cowin-source-101","101","www.scrap.org","scrap.org","www.scrap.org","https://www.scrap.org/","scrap.org","recycling","recycling","public-page","","A","true","enabled-public-page","","","","0","","Enabled for low-frequency public-page discovery. Runtime checks robots.txt and rejects inaccessible or irrelevant articles."
"cowin-source-102","102","www.isri.org","isri.org","www.isri.org","https://www.isri.org/","isri.org","recycling","recycling","public-page","","A","true","enabled-public-page","","","","0","","Enabled for low-frequency public-page discovery. Runtime checks robots.txt and rejects inaccessible or irrelevant articles."
"cowin-source-103","103","www.euric-recycling.org","euric-recycling.org","www.euric-recycling.org","https://www.euric-recycling.org/","euric-recycling.org","recycling","recycling","public-page","","A","true","enabled-public-page","","","","0","","Enabled for low-frequency public-page discovery. Runtime checks robots.txt and rejects inaccessible or irrelevant articles."
"cowin-source-104","104","www.bir.org","bir.org","www.bir.org","https://www.bir.org/","bir.org","recycling","recycling","public-page","","A","true","enabled-public-page","","","","0","","Enabled for low-frequency public-page discovery. Runtime checks robots.txt and rejects inaccessible or irrelevant articles."
"cowin-source-105","105","www.metalrecycling.org","metalrecycling.org","www.metalrecycling.org","https://www.metalrecycling.org/","metalrecycling.org","recycling","recycling","public-page","","C","true","enabled-public-page","","","","0","","Enabled for low-frequency public-page discovery. Runtime checks robots.txt and rejects inaccessible or irrelevant articles."
"cowin-source-106","106","www.scrapmetalforum.com","scrapmetalforum.com","www.scrapmetalforum.com","https://www.scrapmetalforum.com/","scrapmetalforum.com","recycling","recycling","public-page","","discovery-only","false","pending","","","","0","","Discovery-only: never an independent factual source."
"cowin-source-107","107","www.e-scrap.org","e-scrap.org","www.e-scrap.org","https://www.e-scrap.org/","e-scrap.org","recycling","recycling","public-page","","C","true","enabled-public-page","","","","0","","Enabled for low-frequency public-page discovery. Runtime checks robots.txt and rejects inaccessible or irrelevant articles."
"cowin-source-108","108","www.auto-recycling.com","auto-recycling.com","www.auto-recycling.com","https://www.auto-recycling.com/","auto-recycling.com","recycling","recycling","public-page","","C","true","enabled-public-page","","","","0","","Enabled for low-frequency public-page discovery. Runtime checks robots.txt and rejects inaccessible or irrelevant articles."
"cowin-source-109","109","www.autorecyclingworld.com","autorecyclingworld.com","www.autorecyclingworld.com","https://www.autorecyclingworld.com/","autorecyclingworld.com","recycling","recycling","public-page","","C","true","enabled-public-page","","","","0","","Enabled for low-frequency public-page discovery. Runtime checks robots.txt and rejects inaccessible or irrelevant articles."
"cowin-source-110","110","www.car-recycling.com","car-recycling.com","www.car-recycling.com","https://www.car-recycling.com/","car-recycling.com","recycling","recycling","public-page","","C","true","enabled-public-page","","","","0","","Enabled for low-frequency public-page discovery. Runtime checks robots.txt and rejects inaccessible or irrelevant articles."
"cowin-source-111","111","www.steelrecycling.org","steelrecycling.org","www.steelrecycling.org","https://www.steelrecycling.org/","steelrecycling.org","recycling","recycling","public-page","","C","true","enabled-public-page","","","","0","","Enabled for low-frequency public-page discovery. Runtime checks robots.txt and rejects inaccessible or irrelevant articles."
"cowin-source-112","112","www.aluminumrecycling.org","aluminumrecycling.org","www.aluminumrecycling.org","https://www.aluminumrecycling.org/","aluminumrecycling.org","recycling","recycling","public-page","","C","true","enabled-public-page","","","","0","","Enabled for low-frequency public-page discovery. Runtime checks robots.txt and rejects inaccessible or irrelevant articles."
"cowin-source-113","113","www.copperrecycling.org","copperrecycling.org","www.copperrecycling.org","https://www.copperrecycling.org/","copperrecycling.org","recycling","recycling","public-page","","C","true","enabled-public-page","","","","0","","Enabled for low-frequency public-page discovery. Runtime checks robots.txt and rejects inaccessible or irrelevant articles."
"cowin-source-114","114","www.batteryrecycling.com","batteryrecycling.com","www.batteryrecycling.com","https://www.batteryrecycling.com/","batteryrecycling.com","recycling","recycling","public-page","","C","true","enabled-public-page","","","","0","","Enabled for low-frequency public-page discovery. Runtime checks robots.txt and rejects inaccessible or irrelevant articles."
"cowin-source-115","115","www.weee-forum.org","weee-forum.org","www.weee-forum.org","https://www.weee-forum.org/","weee-forum.org","recycling","recycling","public-page","","discovery-only","false","pending","","","","0","","Discovery-only: never an independent factual source."
"cowin-source-116","116","www.waste-to-energy.org","waste-to-energy.org","www.waste-to-energy.org","https://www.waste-to-energy.org/","waste-to-energy.org","recycling","recycling","public-page","","C","true","enabled-public-page","","","","0","","Enabled for low-frequency public-page discovery. Runtime checks robots.txt and rejects inaccessible or irrelevant articles."
"cowin-source-117","117","www.incineration-news.com","incineration-news.com","www.incineration-news.com","https://www.incineration-news.com/","incineration-news.com","recycling","recycling","public-page","","C","true","enabled-public-page","","","","0","","Enabled for low-frequency public-page discovery. Runtime checks robots.txt and rejects inaccessible or irrelevant articles."
"cowin-source-118","118","www.flyashrecycling.com","flyashrecycling.com","www.flyashrecycling.com","https://www.flyashrecycling.com/","flyashrecycling.com","recycling","recycling","public-page","","C","true","enabled-public-page","","","","0","","Enabled for low-frequency public-page discovery. Runtime checks robots.txt and rejects inaccessible or irrelevant articles."
"cowin-source-119","119","www.slagrecycling.com","slagrecycling.com","www.slagrecycling.com","https://www.slagrecycling.com/","slagrecycling.com","recycling","recycling","public-page","","C","true","enabled-public-page","","","","0","","Enabled for low-frequency public-page discovery. Runtime checks robots.txt and rejects inaccessible or irrelevant articles."
"cowin-source-120","120","www.shreddertech.com","shreddertech.com","www.shreddertech.com","https://www.shreddertech.com/","shreddertech.com","recycling","recycling","public-page","","C","true","enabled-public-page","","","","0","","Enabled for low-frequency public-page discovery. Runtime checks robots.txt and rejects inaccessible or irrelevant articles."
"cowin-source-121","121","www.plasticsrecycling.org","plasticsrecycling.org","www.plasticsrecycling.org","https://www.plasticsrecycling.org/","plasticsrecycling.org","recycling","recycling","public-page","","C","true","enabled-public-page","","","","0","","Enabled for low-frequency public-page discovery. Runtime checks robots.txt and rejects inaccessible or irrelevant articles."
"cowin-source-122","122","www.tire-recycling.com","tire-recycling.com","www.tire-recycling.com","https://www.tire-recycling.com/","tire-recycling.com","recycling","recycling","public-page","","C","true","enabled-public-page","","","","0","","Enabled for low-frequency public-page discovery. Runtime checks robots.txt and rejects inaccessible or irrelevant articles."
"cowin-source-123","123","www.rubberrecycling.org","rubberrecycling.org","www.rubberrecycling.org","https://www.rubberrecycling.org/","rubberrecycling.org","recycling","recycling","public-page","","C","true","enabled-public-page","","","","0","","Enabled for low-frequency public-page discovery. Runtime checks robots.txt and rejects inaccessible or irrelevant articles."
"cowin-source-124","124","www.construction-waste.com","construction-waste.com","www.construction-waste.com","https://www.construction-waste.com/","construction-waste.com","recycling","recycling","public-page","","C","true","enabled-public-page","","","","0","","Enabled for low-frequency public-page discovery. Runtime checks robots.txt and rejects inaccessible or irrelevant articles."
"cowin-source-125","125","www.demolitionnews.com","demolitionnews.com","www.demolitionnews.com","https://www.demolitionnews.com/","demolitionnews.com","recycling","recycling","public-page","","C","true","enabled-public-page","","","","0","","Enabled for low-frequency public-page discovery. Runtime checks robots.txt and rejects inaccessible or irrelevant articles."
"cowin-source-126","126","www.demolitionandrecycling.com","demolitionandrecycling.com","www.demolitionandrecycling.com","https://www.demolitionandrecycling.com/","demolitionandrecycling.com","recycling","recycling","public-page","","C","true","enabled-public-page","","","","0","","Enabled for low-frequency public-page discovery. Runtime checks robots.txt and rejects inaccessible or irrelevant articles."
"cowin-source-127","127","www.glassrecycling.org","glassrecycling.org","www.glassrecycling.org","https://www.glassrecycling.org/","glassrecycling.org","recycling","recycling","public-page","","C","true","enabled-public-page","","","","0","","Enabled for low-frequency public-page discovery. Runtime checks robots.txt and rejects inaccessible or irrelevant articles."
"cowin-source-128","128","www.paperrecycling.org","paperrecycling.org","www.paperrecycling.org","https://www.paperrecycling.org/","paperrecycling.org","recycling","recycling","public-page","","C","true","enabled-public-page","","","","0","","Enabled for low-frequency public-page discovery. Runtime checks robots.txt and rejects inaccessible or irrelevant articles."
"cowin-source-129","129","www.organicsrecycling.com","organicsrecycling.com","www.organicsrecycling.com","https://www.organicsrecycling.com/","organicsrecycling.com","recycling","recycling","public-page","","C","true","enabled-public-page","","","","0","","Enabled for low-frequency public-page discovery. Runtime checks robots.txt and rejects inaccessible or irrelevant articles."
"cowin-source-130","130","www.biomass-recycling.com","biomass-recycling.com","www.biomass-recycling.com","https://www.biomass-recycling.com/","biomass-recycling.com","recycling","recycling","public-page","","C","true","enabled-public-page","","","","0","","Enabled for low-frequency public-page discovery. Runtime checks robots.txt and rejects inaccessible or irrelevant articles."
"cowin-source-131","131","www.recyclingtechnology.net","recyclingtechnology.net","www.recyclingtechnology.net","https://www.recyclingtechnology.net/","recyclingtechnology.net","recycling","recycling","public-page","","C","true","enabled-public-page","","","","0","","Enabled for low-frequency public-page discovery. Runtime checks robots.txt and rejects inaccessible or irrelevant articles."
"cowin-source-132","132","www.sorting-solutions.com","sorting-solutions.com","www.sorting-solutions.com","https://www.sorting-solutions.com/","sorting-solutions.com","recycling","recycling","public-page","","C","true","enabled-public-page","","","","0","","Enabled for low-frequency public-page discovery. Runtime checks robots.txt and rejects inaccessible or irrelevant articles."
"cowin-source-133","133","www.waste-sorting.com","waste-sorting.com","www.waste-sorting.com","https://www.waste-sorting.com/","waste-sorting.com","recycling","recycling","public-page","","C","true","enabled-public-page","","","","0","","Enabled for low-frequency public-page discovery. Runtime checks robots.txt and rejects inaccessible or irrelevant articles."
"cowin-source-134","134","www.circular-economy-news.com","circular-economy-news.com","www.circular-economy-news.com","https://www.circular-economy-news.com/","circular-economy-news.com","recycling","recycling","public-page","","C","true","enabled-public-page","","","","0","","Enabled for low-frequency public-page discovery. Runtime checks robots.txt and rejects inaccessible or irrelevant articles."
"cowin-source-135","135","www.zero-waste.org","zero-waste.org","www.zero-waste.org","https://www.zero-waste.org/","zero-waste.org","recycling","recycling","public-page","","C","true","enabled-public-page","","","","0","","Enabled for low-frequency public-page discovery. Runtime checks robots.txt and rejects inaccessible or irrelevant articles."
"cowin-source-136","136","www.sustainable-recycling.org","sustainable-recycling.org","www.sustainable-recycling.org","https://www.sustainable-recycling.org/","sustainable-recycling.org","recycling","recycling","public-page","","C","true","enabled-public-page","","","","0","","Enabled for low-frequency public-page discovery. Runtime checks robots.txt and rejects inaccessible or irrelevant articles."
"cowin-source-137","137","www.recyclingforum.com","recyclingforum.com","www.recyclingforum.com","https://www.recyclingforum.com/","recyclingforum.com","recycling","recycling","public-page","","discovery-only","false","pending","","","","0","","Discovery-only: never an independent factual source."
"cowin-source-138","138","www.scrapmetalboard.com","scrapmetalboard.com","www.scrapmetalboard.com","https://www.scrapmetalboard.com/","scrapmetalboard.com","recycling","recycling","public-page","","discovery-only","false","pending","","","","0","","Discovery-only: never an independent factual source."
"cowin-source-139","139","www.waste-management-forum.com","waste-management-forum.com","www.waste-management-forum.com","https://www.waste-management-forum.com/","waste-management-forum.com","recycling","recycling","public-page","","discovery-only","false","pending","","","","0","","Discovery-only: never an independent factual source."
"cowin-source-140","140","www.greenrecyclingnews.com","greenrecyclingnews.com","www.greenrecyclingnews.com","https://www.greenrecyclingnews.com/","greenrecyclingnews.com","recycling","recycling","public-page","","C","true","enabled-public-page","","","","0","","Enabled for low-frequency public-page discovery. Runtime checks robots.txt and rejects inaccessible or irrelevant articles."
"cowin-source-141","141","www.recycling.de","recycling.de","www.recycling.de","https://www.recycling.de/","recycling.de","recycling","recycling","public-page","","C","true","enabled-public-page","","","","0","","Enabled for low-frequency public-page discovery. Runtime checks robots.txt and rejects inaccessible or irrelevant articles."
"cowin-source-142","142","www.recycling.nl","recycling.nl","www.recycling.nl","https://www.recycling.nl/","recycling.nl","recycling","recycling","public-page","","C","true","enabled-public-page","","","","0","","Enabled for low-frequency public-page discovery. Runtime checks robots.txt and rejects inaccessible or irrelevant articles."
"cowin-source-143","143","www.recycling.fr","recycling.fr","www.recycling.fr","https://www.recycling.fr/","recycling.fr","recycling","recycling","public-page","","C","true","enabled-public-page","","","","0","","Enabled for low-frequency public-page discovery. Runtime checks robots.txt and rejects inaccessible or irrelevant articles."
"cowin-source-144","144","www.recycling.co.uk","recycling.co.uk","www.recycling.co.uk","https://www.recycling.co.uk/","recycling.co.uk","recycling","recycling","public-page","","C","true","enabled-public-page","","","","0","","Enabled for low-frequency public-page discovery. Runtime checks robots.txt and rejects inaccessible or irrelevant articles."
"cowin-source-145","145","www.recycling.org.au","recycling.org.au","www.recycling.org.au","https://www.recycling.org.au/","recycling.org.au","recycling","recycling","public-page","","C","true","enabled-public-page","","","","0","","Enabled for low-frequency public-page discovery. Runtime checks robots.txt and rejects inaccessible or irrelevant articles."
"cowin-source-146","146","www.canadianrecycling.ca","canadianrecycling.ca","www.canadianrecycling.ca","https://www.canadianrecycling.ca/","canadianrecycling.ca","recycling","recycling","public-page","","C","true","enabled-public-page","","","","0","","Enabled for low-frequency public-page discovery. Runtime checks robots.txt and rejects inaccessible or irrelevant articles."
"cowin-source-147","147","www.recyclingasia.com","recyclingasia.com","www.recyclingasia.com","https://www.recyclingasia.com/","recyclingasia.com","recycling","recycling","public-page","","C","true","enabled-public-page","","","","0","","Enabled for low-frequency public-page discovery. Runtime checks robots.txt and rejects inaccessible or irrelevant articles."
"cowin-source-148","148","www.latamrecycling.com","latamrecycling.com","www.latamrecycling.com","https://www.latamrecycling.com/","latamrecycling.com","recycling","recycling","public-page","","C","true","enabled-public-page","","","","0","","Enabled for low-frequency public-page discovery. Runtime checks robots.txt and rejects inaccessible or irrelevant articles."
"cowin-source-149","149","www.africarecycling.org","africarecycling.org","www.africarecycling.org","https://www.africarecycling.org/","africarecycling.org","recycling","recycling","public-page","","C","true","enabled-public-page","","","","0","","Enabled for low-frequency public-page discovery. Runtime checks robots.txt and rejects inaccessible or irrelevant articles."
"cowin-source-150","150","www.us-recycling.com","us-recycling.com","www.us-recycling.com","https://www.us-recycling.com/","us-recycling.com","recycling","recycling","public-page","","C","true","enabled-public-page","","","","0","","Enabled for low-frequency public-page discovery. Runtime checks robots.txt and rejects inaccessible or irrelevant articles."
"cowin-source-151","151","www.powderbulksolids.com","powderbulksolids.com","www.powderbulksolids.com","https://www.powderbulksolids.com/","powderbulksolids.com","bulk-chemical","bulk-chemical","public-page","","C","true","enabled-public-page","","","","0","","Enabled for low-frequency public-page discovery. Runtime checks robots.txt and rejects inaccessible or irrelevant articles."
"cowin-source-152","152","www.bmh-magazine.com","bmh-magazine.com","www.bmh-magazine.com","https://www.bmh-magazine.com/","bmh-magazine.com","bulk-chemical","bulk-chemical","public-page","","C","true","enabled-public-page","","","","0","","Enabled for low-frequency public-page discovery. Runtime checks robots.txt and rejects inaccessible or irrelevant articles."
"cowin-source-153","153","www.bulk-online.com","bulk-online.com","www.bulk-online.com","https://www.bulk-online.com/","bulk-online.com","bulk-chemical","bulk-chemical","public-page","","C","true","enabled-public-page","","","","0","","Enabled for low-frequency public-page discovery. Runtime checks robots.txt and rejects inaccessible or irrelevant articles."
"cowin-source-154","154","www.powderandbulk.com","powderandbulk.com","www.powderandbulk.com","https://www.powderandbulk.com/","powderandbulk.com","bulk-chemical","bulk-chemical","public-page","","C","true","enabled-public-page","","","","0","","Enabled for low-frequency public-page discovery. Runtime checks robots.txt and rejects inaccessible or irrelevant articles."
"cowin-source-155","155","www.processingmagazine.com","processingmagazine.com","www.processingmagazine.com","https://www.processingmagazine.com/","processingmagazine.com","bulk-chemical","bulk-chemical","public-page","","C","true","enabled-public-page","","","","0","","Enabled for low-frequency public-page discovery. Runtime checks robots.txt and rejects inaccessible or irrelevant articles."
"cowin-source-156","156","www.processengineering.co.uk","processengineering.co.uk","www.processengineering.co.uk","https://www.processengineering.co.uk/","processengineering.co.uk","bulk-chemical","bulk-chemical","public-page","","C","true","enabled-public-page","","","","0","","Enabled for low-frequency public-page discovery. Runtime checks robots.txt and rejects inaccessible or irrelevant articles."
"cowin-source-157","157","www.powder-handling.com","powder-handling.com","www.powder-handling.com","https://www.powder-handling.com/","powder-handling.com","bulk-chemical","bulk-chemical","public-page","","C","true","enabled-public-page","","","","0","","Enabled for low-frequency public-page discovery. Runtime checks robots.txt and rejects inaccessible or irrelevant articles."
"cowin-source-158","158","www.bulkhandlingworld.com","bulkhandlingworld.com","www.bulkhandlingworld.com","https://www.bulkhandlingworld.com/","bulkhandlingworld.com","bulk-chemical","bulk-chemical","public-page","","C","true","enabled-public-page","","","","0","","Enabled for low-frequency public-page discovery. Runtime checks robots.txt and rejects inaccessible or irrelevant articles."
"cowin-source-159","159","www.conveyortech.com","conveyortech.com","www.conveyortech.com","https://www.conveyortech.com/","conveyortech.com","bulk-chemical","bulk-chemical","public-page","","C","true","enabled-public-page","","","","0","","Enabled for low-frequency public-page discovery. Runtime checks robots.txt and rejects inaccessible or irrelevant articles."
"cowin-source-160","160","www.materialshandling24.com","materialshandling24.com","www.materialshandling24.com","https://www.materialshandling24.com/","materialshandling24.com","bulk-chemical","bulk-chemical","public-page","","C","true","enabled-public-page","","","","0","","Enabled for low-frequency public-page discovery. Runtime checks robots.txt and rejects inaccessible or irrelevant articles."
"cowin-source-161","161","www.solids-processing.com","solids-processing.com","www.solids-processing.com","https://www.solids-processing.com/","solids-processing.com","bulk-chemical","bulk-chemical","public-page","","C","true","enabled-public-page","","","","0","","Enabled for low-frequency public-page discovery. Runtime checks robots.txt and rejects inaccessible or irrelevant articles."
"cowin-source-162","162","www.particle-size.com","particle-size.com","www.particle-size.com","https://www.particle-size.com/","particle-size.com","bulk-chemical","bulk-chemical","public-page","","C","true","enabled-public-page","","","","0","","Enabled for low-frequency public-page discovery. Runtime checks robots.txt and rejects inaccessible or irrelevant articles."
"cowin-source-163","163","www.powder-technology.com","powder-technology.com","www.powder-technology.com","https://www.powder-technology.com/","powder-technology.com","bulk-chemical","bulk-chemical","public-page","","C","true","enabled-public-page","","","","0","","Enabled for low-frequency public-page discovery. Runtime checks robots.txt and rejects inaccessible or irrelevant articles."
"cowin-source-164","164","www.bulk-solids-handling.com","bulk-solids-handling.com","www.bulk-solids-handling.com","https://www.bulk-solids-handling.com/","bulk-solids-handling.com","bulk-chemical","bulk-chemical","public-page","","C","true","enabled-public-page","","","","0","","Enabled for low-frequency public-page discovery. Runtime checks robots.txt and rejects inaccessible or irrelevant articles."
"cowin-source-165","165","www.handlingandstorage.com","handlingandstorage.com","www.handlingandstorage.com","https://www.handlingandstorage.com/","handlingandstorage.com","bulk-chemical","bulk-chemical","public-page","","C","true","enabled-public-page","","","","0","","Enabled for low-frequency public-page discovery. Runtime checks robots.txt and rejects inaccessible or irrelevant articles."
"cowin-source-166","166","www.factory-automation-news.com","factory-automation-news.com","www.factory-automation-news.com","https://www.factory-automation-news.com/","factory-automation-news.com","bulk-chemical","bulk-chemical","public-page","","C","true","enabled-public-page","","","","0","","Enabled for low-frequency public-page discovery. Runtime checks robots.txt and rejects inaccessible or irrelevant articles."
"cowin-source-167","167","www.pneumatic-conveying.com","pneumatic-conveying.com","www.pneumatic-conveying.com","https://www.pneumatic-conveying.com/","pneumatic-conveying.com","bulk-chemical","bulk-chemical","public-page","","C","true","enabled-public-page","","","","0","","Enabled for low-frequency public-page discovery. Runtime checks robots.txt and rejects inaccessible or irrelevant articles."
"cowin-source-168","168","www.silo-technology.com","silo-technology.com","www.silo-technology.com","https://www.silo-technology.com/","silo-technology.com","bulk-chemical","bulk-chemical","public-page","","C","true","enabled-public-page","","","","0","","Enabled for low-frequency public-page discovery. Runtime checks robots.txt and rejects inaccessible or irrelevant articles."
"cowin-source-169","169","www.dust-collection-news.com","dust-collection-news.com","www.dust-collection-news.com","https://www.dust-collection-news.com/","dust-collection-news.com","bulk-chemical","bulk-chemical","public-page","","C","true","enabled-public-page","","","","0","","Enabled for low-frequency public-page discovery. Runtime checks robots.txt and rejects inaccessible or irrelevant articles."
"cowin-source-170","170","www.screening-filtering.com","screening-filtering.com","www.screening-filtering.com","https://www.screening-filtering.com/","screening-filtering.com","bulk-chemical","bulk-chemical","public-page","","C","true","enabled-public-page","","","","0","","Enabled for low-frequency public-page discovery. Runtime checks robots.txt and rejects inaccessible or irrelevant articles."
"cowin-source-171","171","www.globalcement.com","Global Cement","www.globalcement.com","https://www.globalcement.com/","globalcement.com","bulk-chemical","bulk-chemical","rss","https://www.globalcement.com/news/itemlist?format=feed&type=rss","B","true","verified","true","","","0","","Enabled for low-frequency public-page discovery. Runtime checks robots.txt and rejects inaccessible or irrelevant articles."
"cowin-source-172","172","www.cemnet.com","cemnet.com","www.cemnet.com","https://www.cemnet.com/","cemnet.com","bulk-chemical","bulk-chemical","public-page","","C","true","enabled-public-page","","","","0","","Enabled for low-frequency public-page discovery. Runtime checks robots.txt and rejects inaccessible or irrelevant articles."
"cowin-source-173","173","www.cement.org","cement.org","www.cement.org","https://www.cement.org/","cement.org","bulk-chemical","bulk-chemical","public-page","","A","true","enabled-public-page","","","","0","","Enabled for low-frequency public-page discovery. Runtime checks robots.txt and rejects inaccessible or irrelevant articles."
"cowin-source-174","174","www.worldcement.com","worldcement.com","www.worldcement.com","https://www.worldcement.com/","worldcement.com","bulk-chemical","bulk-chemical","public-page","","C","true","enabled-public-page","","","","0","","Enabled for low-frequency public-page discovery. Runtime checks robots.txt and rejects inaccessible or irrelevant articles."
"cowin-source-175","175","www.cementkiln.com","cementkiln.com","www.cementkiln.com","https://www.cementkiln.com/","cementkiln.com","bulk-chemical","bulk-chemical","public-page","","C","true","enabled-public-page","","","","0","","Enabled for low-frequency public-page discovery. Runtime checks robots.txt and rejects inaccessible or irrelevant articles."
"cowin-source-176","176","www.gypsum-news.com","gypsum-news.com","www.gypsum-news.com","https://www.gypsum-news.com/","gypsum-news.com","bulk-chemical","bulk-chemical","public-page","","C","true","enabled-public-page","","","","0","","Enabled for low-frequency public-page discovery. Runtime checks robots.txt and rejects inaccessible or irrelevant articles."
"cowin-source-177","177","www.glass-international.com","glass-international.com","www.glass-international.com","https://www.glass-international.com/","glass-international.com","bulk-chemical","bulk-chemical","public-page","","C","true","enabled-public-page","","","","0","","Enabled for low-frequency public-page discovery. Runtime checks robots.txt and rejects inaccessible or irrelevant articles."
"cowin-source-178","178","www.glass-online.com","glass-online.com","www.glass-online.com","https://www.glass-online.com/","glass-online.com","bulk-chemical","bulk-chemical","public-page","","C","true","enabled-public-page","","","","0","","Enabled for low-frequency public-page discovery. Runtime checks robots.txt and rejects inaccessible or irrelevant articles."
"cowin-source-179","179","www.ceramic-industry.com","ceramic-industry.com","www.ceramic-industry.com","https://www.ceramic-industry.com/","ceramic-industry.com","bulk-chemical","bulk-chemical","public-page","","C","true","enabled-public-page","","","","0","","Enabled for low-frequency public-page discovery. Runtime checks robots.txt and rejects inaccessible or irrelevant articles."
"cowin-source-180","180","www.brick-industry.com","brick-industry.com","www.brick-industry.com","https://www.brick-industry.com/","brick-industry.com","bulk-chemical","bulk-chemical","public-page","","C","true","enabled-public-page","","","","0","","Enabled for low-frequency public-page discovery. Runtime checks robots.txt and rejects inaccessible or irrelevant articles."
"cowin-source-181","181","www.concrete-construction.com","concrete-construction.com","www.concrete-construction.com","https://www.concrete-construction.com/","concrete-construction.com","bulk-chemical","bulk-chemical","public-page","","C","true","enabled-public-page","","","","0","","Enabled for low-frequency public-page discovery. Runtime checks robots.txt and rejects inaccessible or irrelevant articles."
"cowin-source-182","182","www.precast.org","precast.org","www.precast.org","https://www.precast.org/","precast.org","bulk-chemical","bulk-chemical","public-page","","C","true","enabled-public-page","","","","0","","Enabled for low-frequency public-page discovery. Runtime checks robots.txt and rejects inaccessible or irrelevant articles."
"cowin-source-183","183","www.asphalt-news.com","asphalt-news.com","www.asphalt-news.com","https://www.asphalt-news.com/","asphalt-news.com","bulk-chemical","bulk-chemical","public-page","","C","true","enabled-public-page","","","","0","","Enabled for low-frequency public-page discovery. Runtime checks robots.txt and rejects inaccessible or irrelevant articles."
"cowin-source-184","184","www.mortar-news.com","mortar-news.com","www.mortar-news.com","https://www.mortar-news.com/","mortar-news.com","bulk-chemical","bulk-chemical","public-page","","C","true","enabled-public-page","","","","0","","Enabled for low-frequency public-page discovery. Runtime checks robots.txt and rejects inaccessible or irrelevant articles."
"cowin-source-185","185","www.lime-association.org","lime-association.org","www.lime-association.org","https://www.lime-association.org/","lime-association.org","bulk-chemical","bulk-chemical","public-page","","C","true","enabled-public-page","","","","0","","Enabled for low-frequency public-page discovery. Runtime checks robots.txt and rejects inaccessible or irrelevant articles."
"cowin-source-186","186","www.refractories-news.com","refractories-news.com","www.refractories-news.com","https://www.refractories-news.com/","refractories-news.com","bulk-chemical","bulk-chemical","public-page","","C","true","enabled-public-page","","","","0","","Enabled for low-frequency public-page discovery. Runtime checks robots.txt and rejects inaccessible or irrelevant articles."
"cowin-source-187","187","www.building-materials-tech.com","building-materials-tech.com","www.building-materials-tech.com","https://www.building-materials-tech.com/","building-materials-tech.com","bulk-chemical","bulk-chemical","public-page","","C","true","enabled-public-page","","","","0","","Enabled for low-frequency public-page discovery. Runtime checks robots.txt and rejects inaccessible or irrelevant articles."
"cowin-source-188","188","www.heavy-materials.com","heavy-materials.com","www.heavy-materials.com","https://www.heavy-materials.com/","heavy-materials.com","bulk-chemical","bulk-chemical","public-page","","C","true","enabled-public-page","","","","0","","Enabled for low-frequency public-page discovery. Runtime checks robots.txt and rejects inaccessible or irrelevant articles."
"cowin-source-189","189","www.cementprocessing.com","cementprocessing.com","www.cementprocessing.com","https://www.cementprocessing.com/","cementprocessing.com","bulk-chemical","bulk-chemical","public-page","","C","true","enabled-public-page","","","","0","","Enabled for low-frequency public-page discovery. Runtime checks robots.txt and rejects inaccessible or irrelevant articles."
"cowin-source-190","190","www.industrial-minerals.com","industrial-minerals.com","www.industrial-minerals.com","https://www.industrial-minerals.com/","industrial-minerals.com","bulk-chemical","bulk-chemical","public-page","","C","true","enabled-public-page","","","","0","","Enabled for low-frequency public-page discovery. Runtime checks robots.txt and rejects inaccessible or irrelevant articles."
"cowin-source-191","191","www.chemengonline.com","chemengonline.com","www.chemengonline.com","https://www.chemengonline.com/","chemengonline.com","bulk-chemical","bulk-chemical","public-page","","C","true","enabled-public-page","","","","0","","Enabled for low-frequency public-page discovery. Runtime checks robots.txt and rejects inaccessible or irrelevant articles."
"cowin-source-192","192","www.chemicalprocessing.com","chemicalprocessing.com","www.chemicalprocessing.com","https://www.chemicalprocessing.com/","chemicalprocessing.com","bulk-chemical","bulk-chemical","public-page","","C","true","enabled-public-page","","","","0","","Enabled for low-frequency public-page discovery. Runtime checks robots.txt and rejects inaccessible or irrelevant articles."
"cowin-source-193","193","www.chemicalweekly.com","chemicalweekly.com","www.chemicalweekly.com","https://www.chemicalweekly.com/","chemicalweekly.com","bulk-chemical","bulk-chemical","public-page","","C","true","enabled-public-page","","","","0","","Enabled for low-frequency public-page discovery. Runtime checks robots.txt and rejects inaccessible or irrelevant articles."
"cowin-source-194","194","www.chemicalengineeringworld.com","chemicalengineeringworld.com","www.chemicalengineeringworld.com","https://www.chemicalengineeringworld.com/","chemicalengineeringworld.com","bulk-chemical","bulk-chemical","public-page","","C","true","enabled-public-page","","","","0","","Enabled for low-frequency public-page discovery. Runtime checks robots.txt and rejects inaccessible or irrelevant articles."
"cowin-source-195","195","www.filtration-separation.com","filtration-separation.com","www.filtration-separation.com","https://www.filtration-separation.com/","filtration-separation.com","bulk-chemical","bulk-chemical","public-page","","C","true","enabled-public-page","","","","0","","Enabled for low-frequency public-page discovery. Runtime checks robots.txt and rejects inaccessible or irrelevant articles."
"cowin-source-196","196","www.fluid-handling.com","fluid-handling.com","www.fluid-handling.com","https://www.fluid-handling.com/","fluid-handling.com","bulk-chemical","bulk-chemical","public-page","","C","true","enabled-public-page","","","","0","","Enabled for low-frequency public-page discovery. Runtime checks robots.txt and rejects inaccessible or irrelevant articles."
"cowin-source-197","197","www.pipeline-journal.net","pipeline-journal.net","www.pipeline-journal.net","https://www.pipeline-journal.net/","pipeline-journal.net","bulk-chemical","bulk-chemical","public-page","","C","true","enabled-public-page","","","","0","","Enabled for low-frequency public-page discovery. Runtime checks robots.txt and rejects inaccessible or irrelevant articles."
"cowin-source-198","198","www.piping-world.com","piping-world.com","www.piping-world.com","https://www.piping-world.com/","piping-world.com","bulk-chemical","bulk-chemical","public-page","","C","true","enabled-public-page","","","","0","","Enabled for low-frequency public-page discovery. Runtime checks robots.txt and rejects inaccessible or irrelevant articles."
"cowin-source-199","199","www.process-safety-news.com","process-safety-news.com","www.process-safety-news.com","https://www.process-safety-news.com/","process-safety-news.com","bulk-chemical","bulk-chemical","public-page","","C","true","enabled-public-page","","","","0","","Enabled for low-frequency public-page discovery. Runtime checks robots.txt and rejects inaccessible or irrelevant articles."
"cowin-source-200","200","www.chemical-plant-tech.com","chemical-plant-tech.com","www.chemical-plant-tech.com","https://www.chemical-plant-tech.com/","chemical-plant-tech.com","bulk-chemical","bulk-chemical","public-page","","C","true","enabled-public-page","","","","0","","Enabled for low-frequency public-page discovery. Runtime checks robots.txt and rejects inaccessible or irrelevant articles."
"cowin-source-201","201","www.petrochemical-news.com","petrochemical-news.com","www.petrochemical-news.com","https://www.petrochemical-news.com/","petrochemical-news.com","bulk-chemical","bulk-chemical","public-page","","C","true","enabled-public-page","","","","0","","Enabled for low-frequency public-page discovery. Runtime checks robots.txt and rejects inaccessible or irrelevant articles."
"cowin-source-202","202","www.refinery-operations.com","refinery-operations.com","www.refinery-operations.com","https://www.refinery-operations.com/","refinery-operations.com","bulk-chemical","bulk-chemical","public-page","","C","true","enabled-public-page","","","","0","","Enabled for low-frequency public-page discovery. Runtime checks robots.txt and rejects inaccessible or irrelevant articles."
"cowin-source-203","203","www.fertilizer-tech.com","fertilizer-tech.com","www.fertilizer-tech.com","https://www.fertilizer-tech.com/","fertilizer-tech.com","bulk-chemical","bulk-chemical","public-page","","C","true","enabled-public-page","","","","0","","Enabled for low-frequency public-page discovery. Runtime checks robots.txt and rejects inaccessible or irrelevant articles."
"cowin-source-204","204","www.paints-coatings.com","paints-coatings.com","www.paints-coatings.com","https://www.paints-coatings.com/","paints-coatings.com","bulk-chemical","bulk-chemical","public-page","","C","true","enabled-public-page","","","","0","","Enabled for low-frequency public-page discovery. Runtime checks robots.txt and rejects inaccessible or irrelevant articles."
"cowin-source-205","205","www.adhesives-sealants.com","adhesives-sealants.com","www.adhesives-sealants.com","https://www.adhesives-sealants.com/","adhesives-sealants.com","bulk-chemical","bulk-chemical","public-page","","C","true","enabled-public-page","","","","0","","Enabled for low-frequency public-page discovery. Runtime checks robots.txt and rejects inaccessible or irrelevant articles."
"cowin-source-206","206","www.polymers-processing.com","polymers-processing.com","www.polymers-processing.com","https://www.polymers-processing.com/","polymers-processing.com","bulk-chemical","bulk-chemical","public-page","","C","true","enabled-public-page","","","","0","","Enabled for low-frequency public-page discovery. Runtime checks robots.txt and rejects inaccessible or irrelevant articles."
"cowin-source-207","207","www.plasticstoday.com","plasticstoday.com","www.plasticstoday.com","https://www.plasticstoday.com/","plasticstoday.com","bulk-chemical","bulk-chemical","public-page","","C","true","enabled-public-page","","","","0","","Enabled for low-frequency public-page discovery. Runtime checks robots.txt and rejects inaccessible or irrelevant articles."
"cowin-source-208","208","www.plasticsnews.com","plasticsnews.com","www.plasticsnews.com","https://www.plasticsnews.com/","plasticsnews.com","bulk-chemical","bulk-chemical","public-page","","C","true","enabled-public-page","","","","0","","Enabled for low-frequency public-page discovery. Runtime checks robots.txt and rejects inaccessible or irrelevant articles."
"cowin-source-209","209","www.injection-molding-news.com","injection-molding-news.com","www.injection-molding-news.com","https://www.injection-molding-news.com/","injection-molding-news.com","bulk-chemical","bulk-chemical","public-page","","C","true","enabled-public-page","","","","0","","Enabled for low-frequency public-page discovery. Runtime checks robots.txt and rejects inaccessible or irrelevant articles."
"cowin-source-210","210","www.extrusion-tech.com","extrusion-tech.com","www.extrusion-tech.com","https://www.extrusion-tech.com/","extrusion-tech.com","bulk-chemical","bulk-chemical","public-page","","C","true","enabled-public-page","","","","0","","Enabled for low-frequency public-page discovery. Runtime checks robots.txt and rejects inaccessible or irrelevant articles."
"cowin-source-211","211","www.foodprocessing.com","foodprocessing.com","www.foodprocessing.com","https://www.foodprocessing.com/","foodprocessing.com","food-pharma","food-pharma","public-page","","C","true","enabled-public-page","","","","0","","Enabled for low-frequency public-page discovery. Runtime checks robots.txt and rejects inaccessible or irrelevant articles."
"cowin-source-212","212","www.foodqualityandsafety.com","foodqualityandsafety.com","www.foodqualityandsafety.com","https://www.foodqualityandsafety.com/","foodqualityandsafety.com","food-pharma","food-pharma","public-page","","C","true","enabled-public-page","","","","0","","Enabled for low-frequency public-page discovery. Runtime checks robots.txt and rejects inaccessible or irrelevant articles."
"cowin-source-213","213","www.foodengineeringmag.com","Food Engineering","www.foodengineeringmag.com","https://www.foodengineeringmag.com/","foodengineeringmag.com","food-pharma","food-pharma","rss","https://www.foodengineeringmag.com/rss","B","true","verified","true","","","0","","Enabled for low-frequency public-page discovery. Runtime checks robots.txt and rejects inaccessible or irrelevant articles."
"cowin-source-214","214","www.foodmanufacture.co.uk","foodmanufacture.co.uk","www.foodmanufacture.co.uk","https://www.foodmanufacture.co.uk/","foodmanufacture.co.uk","food-pharma","food-pharma","public-page","","C","true","enabled-public-page","","","","0","","Enabled for low-frequency public-page discovery. Runtime checks robots.txt and rejects inaccessible or irrelevant articles."
"cowin-source-215","215","www.foodsafetytech.com","foodsafetytech.com","www.foodsafetytech.com","https://www.foodsafetytech.com/","foodsafetytech.com","food-pharma","food-pharma","public-page","","C","true","enabled-public-page","","","","0","","Enabled for low-frequency public-page discovery. Runtime checks robots.txt and rejects inaccessible or irrelevant articles."
"cowin-source-216","216","www.foodprocessing-technology.com","foodprocessing-technology.com","www.foodprocessing-technology.com","https://www.foodprocessing-technology.com/","foodprocessing-technology.com","food-pharma","food-pharma","public-page","","C","true","enabled-public-page","","","","0","","Enabled for low-frequency public-page discovery. Runtime checks robots.txt and rejects inaccessible or irrelevant articles."
"cowin-source-217","217","www.foodinsiderjournal.com","foodinsiderjournal.com","www.foodinsiderjournal.com","https://www.foodinsiderjournal.com/","foodinsiderjournal.com","food-pharma","food-pharma","public-page","","C","true","enabled-public-page","","","","0","","Enabled for low-frequency public-page discovery. Runtime checks robots.txt and rejects inaccessible or irrelevant articles."
"cowin-source-218","218","www.foodproductiondaily.com","foodproductiondaily.com","www.foodproductiondaily.com","https://www.foodproductiondaily.com/","foodproductiondaily.com","food-pharma","food-pharma","public-page","","C","true","enabled-public-page","","","","0","","Enabled for low-frequency public-page discovery. Runtime checks robots.txt and rejects inaccessible or irrelevant articles."
"cowin-source-219","219","www.foodprocessing.com.au","foodprocessing.com.au","www.foodprocessing.com.au","https://www.foodprocessing.com.au/","foodprocessing.com.au","food-pharma","food-pharma","public-page","","C","true","enabled-public-page","","","","0","","Enabled for low-frequency public-page discovery. Runtime checks robots.txt and rejects inaccessible or irrelevant articles."
"cowin-source-220","220","www.foodqualitynews.com","foodqualitynews.com","www.foodqualitynews.com","https://www.foodqualitynews.com/","foodqualitynews.com","food-pharma","food-pharma","public-page","","C","true","enabled-public-page","","","","0","","Enabled for low-frequency public-page discovery. Runtime checks robots.txt and rejects inaccessible or irrelevant articles."
"cowin-source-221","221","www.food-safety-magazine.com","food-safety-magazine.com","www.food-safety-magazine.com","https://www.food-safety-magazine.com/","food-safety-magazine.com","food-pharma","food-pharma","public-page","","C","true","enabled-public-page","","","","0","","Enabled for low-frequency public-page discovery. Runtime checks robots.txt and rejects inaccessible or irrelevant articles."
"cowin-source-222","222","www.haccp-international.com","haccp-international.com","www.haccp-international.com","https://www.haccp-international.com/","haccp-international.com","food-pharma","food-pharma","public-page","","C","true","enabled-public-page","","","","0","","Enabled for low-frequency public-page discovery. Runtime checks robots.txt and rejects inaccessible or irrelevant articles."
"cowin-source-223","223","www.gfsi.com","gfsi.com","www.gfsi.com","https://www.gfsi.com/","gfsi.com","food-pharma","food-pharma","public-page","","A","true","enabled-public-page","","","","0","","Enabled for low-frequency public-page discovery. Runtime checks robots.txt and rejects inaccessible or irrelevant articles."
"cowin-source-224","224","www.foreign-body-detection.com","foreign-body-detection.com","www.foreign-body-detection.com","https://www.foreign-body-detection.com/","foreign-body-detection.com","food-pharma","food-pharma","public-page","","C","true","enabled-public-page","","","","0","","Enabled for low-frequency public-page discovery. Runtime checks robots.txt and rejects inaccessible or irrelevant articles."
"cowin-source-225","225","www.metal-detection-food.com","metal-detection-food.com","www.metal-detection-food.com","https://www.metal-detection-food.com/","metal-detection-food.com","food-pharma","food-pharma","public-page","","C","true","enabled-public-page","","","","0","","Enabled for low-frequency public-page discovery. Runtime checks robots.txt and rejects inaccessible or irrelevant articles."
"cowin-source-226","226","www.sanitary-design-news.com","sanitary-design-news.com","www.sanitary-design-news.com","https://www.sanitary-design-news.com/","sanitary-design-news.com","food-pharma","food-pharma","public-page","","C","true","enabled-public-page","","","","0","","Enabled for low-frequency public-page discovery. Runtime checks robots.txt and rejects inaccessible or irrelevant articles."
"cowin-source-227","227","www.food-packaging-tech.com","food-packaging-tech.com","www.food-packaging-tech.com","https://www.food-packaging-tech.com/","food-packaging-tech.com","food-pharma","food-pharma","public-page","","C","true","enabled-public-page","","","","0","","Enabled for low-frequency public-page discovery. Runtime checks robots.txt and rejects inaccessible or irrelevant articles."
"cowin-source-228","228","www.food-hygiene-journal.com","food-hygiene-journal.com","www.food-hygiene-journal.com","https://www.food-hygiene-journal.com/","food-hygiene-journal.com","food-pharma","food-pharma","public-page","","C","true","enabled-public-page","","","","0","","Enabled for low-frequency public-page discovery. Runtime checks robots.txt and rejects inaccessible or irrelevant articles."
"cowin-source-229","229","www.food-tech-international.com","food-tech-international.com","www.food-tech-international.com","https://www.food-tech-international.com/","food-tech-international.com","food-pharma","food-pharma","public-page","","C","true","enabled-public-page","","","","0","","Enabled for low-frequency public-page discovery. Runtime checks robots.txt and rejects inaccessible or irrelevant articles."
"cowin-source-230","230","www.preparedfoods.com","preparedfoods.com","www.preparedfoods.com","https://www.preparedfoods.com/","preparedfoods.com","food-pharma","food-pharma","public-page","","C","true","enabled-public-page","","","","0","","Enabled for low-frequency public-page discovery. Runtime checks robots.txt and rejects inaccessible or irrelevant articles."
"cowin-source-231","231","www.grainnet.com","grainnet.com","www.grainnet.com","https://www.grainnet.com/","grainnet.com","food-pharma","food-pharma","public-page","","C","true","enabled-public-page","","","","0","","Enabled for low-frequency public-page discovery. Runtime checks robots.txt and rejects inaccessible or irrelevant articles."
"cowin-source-232","232","www.world-grain.com","world-grain.com","www.world-grain.com","https://www.world-grain.com/","world-grain.com","food-pharma","food-pharma","public-page","","C","true","enabled-public-page","","","","0","","Enabled for low-frequency public-page discovery. Runtime checks robots.txt and rejects inaccessible or irrelevant articles."
"cowin-source-233","233","www.millingandgrain.com","millingandgrain.com","www.millingandgrain.com","https://www.millingandgrain.com/","millingandgrain.com","food-pharma","food-pharma","public-page","","C","true","enabled-public-page","","","","0","","Enabled for low-frequency public-page discovery. Runtime checks robots.txt and rejects inaccessible or irrelevant articles."
"cowin-source-234","234","www.feedstrategy.com","feedstrategy.com","www.feedstrategy.com","https://www.feedstrategy.com/","feedstrategy.com","food-pharma","food-pharma","public-page","","C","true","enabled-public-page","","","","0","","Enabled for low-frequency public-page discovery. Runtime checks robots.txt and rejects inaccessible or irrelevant articles."
"cowin-source-235","235","www.feednavigator.com","feednavigator.com","www.feednavigator.com","https://www.feednavigator.com/","feednavigator.com","food-pharma","food-pharma","public-page","","C","true","enabled-public-page","","","","0","","Enabled for low-frequency public-page discovery. Runtime checks robots.txt and rejects inaccessible or irrelevant articles."
"cowin-source-236","236","www.allaboutfeed.net","allaboutfeed.net","www.allaboutfeed.net","https://www.allaboutfeed.net/","allaboutfeed.net","food-pharma","food-pharma","public-page","","C","true","enabled-public-page","","","","0","","Enabled for low-frequency public-page discovery. Runtime checks robots.txt and rejects inaccessible or irrelevant articles."
"cowin-source-237","237","www.sugarindustry.com","sugarindustry.com","www.sugarindustry.com","https://www.sugarindustry.com/","sugarindustry.com","food-pharma","food-pharma","public-page","","C","true","enabled-public-page","","","","0","","Enabled for low-frequency public-page discovery. Runtime checks robots.txt and rejects inaccessible or irrelevant articles."
"cowin-source-238","238","www.flour-milling-news.com","flour-milling-news.com","www.flour-milling-news.com","https://www.flour-milling-news.com/","flour-milling-news.com","food-pharma","food-pharma","public-page","","C","true","enabled-public-page","","","","0","","Enabled for low-frequency public-page discovery. Runtime checks robots.txt and rejects inaccessible or irrelevant articles."
"cowin-source-239","239","www.seed-processing.com","seed-processing.com","www.seed-processing.com","https://www.seed-processing.com/","seed-processing.com","food-pharma","food-pharma","public-page","","C","true","enabled-public-page","","","","0","","Enabled for low-frequency public-page discovery. Runtime checks robots.txt and rejects inaccessible or irrelevant articles."
"cowin-source-240","240","www.grain-storage-tech.com","grain-storage-tech.com","www.grain-storage-tech.com","https://www.grain-storage-tech.com/","grain-storage-tech.com","food-pharma","food-pharma","public-page","","C","true","enabled-public-page","","","","0","","Enabled for low-frequency public-page discovery. Runtime checks robots.txt and rejects inaccessible or irrelevant articles."
"cowin-source-241","241","www.pharmtech.com","pharmtech.com","www.pharmtech.com","https://www.pharmtech.com/","pharmtech.com","food-pharma","food-pharma","public-page","","C","true","enabled-public-page","","","","0","","Enabled for low-frequency public-page discovery. Runtime checks robots.txt and rejects inaccessible or irrelevant articles."
"cowin-source-242","242","www.pharmaceutical-technology.com","pharmaceutical-technology.com","www.pharmaceutical-technology.com","https://www.pharmaceutical-technology.com/","pharmaceutical-technology.com","food-pharma","food-pharma","public-page","","C","true","enabled-public-page","","","","0","","Enabled for low-frequency public-page discovery. Runtime checks robots.txt and rejects inaccessible or irrelevant articles."
"cowin-source-243","243","www.pharmaceutical-processing.com","pharmaceutical-processing.com","www.pharmaceutical-processing.com","https://www.pharmaceutical-processing.com/","pharmaceutical-processing.com","food-pharma","food-pharma","public-page","","C","true","enabled-public-page","","","","0","","Enabled for low-frequency public-page discovery. Runtime checks robots.txt and rejects inaccessible or irrelevant articles."
"cowin-source-244","244","www.in-pharmatechnology.com","in-pharmatechnology.com","www.in-pharmatechnology.com","https://www.in-pharmatechnology.com/","in-pharmatechnology.com","food-pharma","food-pharma","public-page","","C","true","enabled-public-page","","","","0","","Enabled for low-frequency public-page discovery. Runtime checks robots.txt and rejects inaccessible or irrelevant articles."
"cowin-source-245","245","www.cleanroom-technology.com","cleanroom-technology.com","www.cleanroom-technology.com","https://www.cleanroom-technology.com/","cleanroom-technology.com","food-pharma","food-pharma","public-page","","C","true","enabled-public-page","","","","0","","Enabled for low-frequency public-page discovery. Runtime checks robots.txt and rejects inaccessible or irrelevant articles."
"cowin-source-246","246","www.nutraceuticals-world.com","nutraceuticals-world.com","www.nutraceuticals-world.com","https://www.nutraceuticals-world.com/","nutraceuticals-world.com","food-pharma","food-pharma","public-page","","C","true","enabled-public-page","","","","0","","Enabled for low-frequency public-page discovery. Runtime checks robots.txt and rejects inaccessible or irrelevant articles."
"cowin-source-247","247","www.beverage-processing.com","beverage-processing.com","www.beverage-processing.com","https://www.beverage-processing.com/","beverage-processing.com","food-pharma","food-pharma","public-page","","C","true","enabled-public-page","","","","0","","Enabled for low-frequency public-page discovery. Runtime checks robots.txt and rejects inaccessible or irrelevant articles."
"cowin-source-248","248","www.dairy-processing.com","dairy-processing.com","www.dairy-processing.com","https://www.dairy-processing.com/","dairy-processing.com","food-pharma","food-pharma","public-page","","C","true","enabled-public-page","","","","0","","Enabled for low-frequency public-page discovery. Runtime checks robots.txt and rejects inaccessible or irrelevant articles."
"cowin-source-249","249","www.bakery-tech.com","bakery-tech.com","www.bakery-tech.com","https://www.bakery-tech.com/","bakery-tech.com","food-pharma","food-pharma","public-page","","C","true","enabled-public-page","","","","0","","Enabled for low-frequency public-page discovery. Runtime checks robots.txt and rejects inaccessible or irrelevant articles."
"cowin-source-250","250","www.meat-processing-tech.com","meat-processing-tech.com","www.meat-processing-tech.com","https://www.meat-processing-tech.com/","meat-processing-tech.com","food-pharma","food-pharma","public-page","","C","true","enabled-public-page","","","","0","","Enabled for low-frequency public-page discovery. Runtime checks robots.txt and rejects inaccessible or irrelevant articles."
"cowin-source-251","251","www.magneticsmag.com","magneticsmag.com","www.magneticsmag.com","https://www.magneticsmag.com/","magneticsmag.com","magnetics-engineering","magnetics-engineering","public-page","","C","true","enabled-public-page","","","","0","","Enabled for low-frequency public-page discovery. Runtime checks robots.txt and rejects inaccessible or irrelevant articles."
"cowin-source-252","252","www.magnetism-journal.com","magnetism-journal.com","www.magnetism-journal.com","https://www.magnetism-journal.com/","magnetism-journal.com","magnetics-engineering","magnetics-engineering","public-page","","C","true","enabled-public-page","","","","0","","Enabled for low-frequency public-page discovery. Runtime checks robots.txt and rejects inaccessible or irrelevant articles."
"cowin-source-253","253","www.rareearth-X.com","rareearth-x.com","www.rareearth-x.com","https://www.rareearth-x.com/","rareearth-x.com","magnetics-engineering","magnetics-engineering","public-page","","C","true","enabled-public-page","","","","0","","Enabled for low-frequency public-page discovery. Runtime checks robots.txt and rejects inaccessible or irrelevant articles."
"cowin-source-254","254","www.rareearthnews.com","rareearthnews.com","www.rareearthnews.com","https://www.rareearthnews.com/","rareearthnews.com","magnetics-engineering","magnetics-engineering","public-page","","C","true","enabled-public-page","","","","0","","Enabled for low-frequency public-page discovery. Runtime checks robots.txt and rejects inaccessible or irrelevant articles."
"cowin-source-255","255","www.rareearthtech.com","rareearthtech.com","www.rareearthtech.com","https://www.rareearthtech.com/","rareearthtech.com","magnetics-engineering","magnetics-engineering","public-page","","C","true","enabled-public-page","","","","0","","Enabled for low-frequency public-page discovery. Runtime checks robots.txt and rejects inaccessible or irrelevant articles."
"cowin-source-256","256","www.magnetics-conference.com","magnetics-conference.com","www.magnetics-conference.com","https://www.magnetics-conference.com/","magnetics-conference.com","magnetics-engineering","magnetics-engineering","public-page","","C","true","enabled-public-page","","","","0","","Enabled for low-frequency public-page discovery. Runtime checks robots.txt and rejects inaccessible or irrelevant articles."
"cowin-source-257","257","www.applied-magnetics.com","applied-magnetics.com","www.applied-magnetics.com","https://www.applied-magnetics.com/","applied-magnetics.com","magnetics-engineering","magnetics-engineering","public-page","","C","true","enabled-public-page","","","","0","","Enabled for low-frequency public-page discovery. Runtime checks robots.txt and rejects inaccessible or irrelevant articles."
"cowin-source-258","258","www.electromagnetics-news.com","electromagnetics-news.com","www.electromagnetics-news.com","https://www.electromagnetics-news.com/","electromagnetics-news.com","magnetics-engineering","magnetics-engineering","public-page","","C","true","enabled-public-page","","","","0","","Enabled for low-frequency public-page discovery. Runtime checks robots.txt and rejects inaccessible or irrelevant articles."
"cowin-source-259","259","www.ndfeb-news.com","ndfeb-news.com","www.ndfeb-news.com","https://www.ndfeb-news.com/","ndfeb-news.com","magnetics-engineering","magnetics-engineering","public-page","","C","true","enabled-public-page","","","","0","","Enabled for low-frequency public-page discovery. Runtime checks robots.txt and rejects inaccessible or irrelevant articles."
"cowin-source-260","260","www.ferrite-tech.com","ferrite-tech.com","www.ferrite-tech.com","https://www.ferrite-tech.com/","ferrite-tech.com","magnetics-engineering","magnetics-engineering","public-page","","C","true","enabled-public-page","","","","0","","Enabled for low-frequency public-page discovery. Runtime checks robots.txt and rejects inaccessible or irrelevant articles."
"cowin-source-261","261","www.magnetic-sensors.com","magnetic-sensors.com","www.magnetic-sensors.com","https://www.magnetic-sensors.com/","magnetic-sensors.com","magnetics-engineering","magnetics-engineering","public-page","","C","true","enabled-public-page","","","","0","","Enabled for low-frequency public-page discovery. Runtime checks robots.txt and rejects inaccessible or irrelevant articles."
"cowin-source-262","262","www.magnetic-separation-tech.com","magnetic-separation-tech.com","www.magnetic-separation-tech.com","https://www.magnetic-separation-tech.com/","magnetic-separation-tech.com","magnetics-engineering","magnetics-engineering","public-page","","C","true","enabled-public-page","","","","0","","Enabled for low-frequency public-page discovery. Runtime checks robots.txt and rejects inaccessible or irrelevant articles."
"cowin-source-263","263","www.ieee-magnetics.org","ieee-magnetics.org","www.ieee-magnetics.org","https://www.ieee-magnetics.org/","ieee-magnetics.org","magnetics-engineering","magnetics-engineering","public-page","","A","true","enabled-public-page","","","","0","","Enabled for low-frequency public-page discovery. Runtime checks robots.txt and rejects inaccessible or irrelevant articles."
"cowin-source-264","264","www.magnetism.org","magnetism.org","www.magnetism.org","https://www.magnetism.org/","magnetism.org","magnetics-engineering","magnetics-engineering","public-page","","A","true","enabled-public-page","","","","0","","Enabled for low-frequency public-page discovery. Runtime checks robots.txt and rejects inaccessible or irrelevant articles."
"cowin-source-265","265","www.magneticsociety.org","magneticsociety.org","www.magneticsociety.org","https://www.magneticsociety.org/","magneticsociety.org","magnetics-engineering","magnetics-engineering","public-page","","A","true","enabled-public-page","","","","0","","Enabled for low-frequency public-page discovery. Runtime checks robots.txt and rejects inaccessible or irrelevant articles."
"cowin-source-266","266","www.permanentmagnets.org","permanentmagnets.org","www.permanentmagnets.org","https://www.permanentmagnets.org/","permanentmagnets.org","magnetics-engineering","magnetics-engineering","public-page","","A","true","enabled-public-page","","","","0","","Enabled for low-frequency public-page discovery. Runtime checks robots.txt and rejects inaccessible or irrelevant articles."
"cowin-source-267","267","www.coils-and-transformers.com","coils-and-transformers.com","www.coils-and-transformers.com","https://www.coils-and-transformers.com/","coils-and-transformers.com","magnetics-engineering","magnetics-engineering","public-page","","C","true","enabled-public-page","","","","0","","Enabled for low-frequency public-page discovery. Runtime checks robots.txt and rejects inaccessible or irrelevant articles."
"cowin-source-268","268","www.power-electronics-magnetics.com","power-electronics-magnetics.com","www.power-electronics-magnetics.com","https://www.power-electronics-magnetics.com/","power-electronics-magnetics.com","magnetics-engineering","magnetics-engineering","public-page","","C","true","enabled-public-page","","","","0","","Enabled for low-frequency public-page discovery. Runtime checks robots.txt and rejects inaccessible or irrelevant articles."
"cowin-source-269","269","www.magnet-testing.com","magnet-testing.com","www.magnet-testing.com","https://www.magnet-testing.com/","magnet-testing.com","magnetics-engineering","magnetics-engineering","public-page","","C","true","enabled-public-page","","","","0","","Enabled for low-frequency public-page discovery. Runtime checks robots.txt and rejects inaccessible or irrelevant articles."
"cowin-source-270","270","www.gaussmeter-tech.com","gaussmeter-tech.com","www.gaussmeter-tech.com","https://www.gaussmeter-tech.com/","gaussmeter-tech.com","magnetics-engineering","magnetics-engineering","public-page","","C","true","enabled-public-page","","","","0","","Enabled for low-frequency public-page discovery. Runtime checks robots.txt and rejects inaccessible or irrelevant articles."
"cowin-source-271","271","www.thomasnet.com/news","thomasnet.com","www.thomasnet.com","https://www.thomasnet.com/news","thomasnet.com","magnetics-engineering","magnetics-engineering","public-page","","C","true","enabled-public-page","","","","0","","Enabled for low-frequency public-page discovery. Runtime checks robots.txt and rejects inaccessible or irrelevant articles."
"cowin-source-272","272","www.directindustry.com/journal","directindustry.com","www.directindustry.com","https://www.directindustry.com/journal","directindustry.com","magnetics-engineering","magnetics-engineering","public-page","","C","true","enabled-public-page","","","","0","","Enabled for low-frequency public-page discovery. Runtime checks robots.txt and rejects inaccessible or irrelevant articles."
"cowin-source-273","273","www.plantengineering.com","plantengineering.com","www.plantengineering.com","https://www.plantengineering.com/","plantengineering.com","magnetics-engineering","magnetics-engineering","public-page","","C","true","enabled-public-page","","","","0","","Enabled for low-frequency public-page discovery. Runtime checks robots.txt and rejects inaccessible or irrelevant articles."
"cowin-source-274","274","www.maintworld.com","maintworld.com","www.maintworld.com","https://www.maintworld.com/","maintworld.com","magnetics-engineering","magnetics-engineering","public-page","","C","true","enabled-public-page","","","","0","","Enabled for low-frequency public-page discovery. Runtime checks robots.txt and rejects inaccessible or irrelevant articles."
"cowin-source-275","275","www.machinerylubrication.com","machinerylubrication.com","www.machinerylubrication.com","https://www.machinerylubrication.com/","machinerylubrication.com","magnetics-engineering","magnetics-engineering","public-page","","C","true","enabled-public-page","","","","0","","Enabled for low-frequency public-page discovery. Runtime checks robots.txt and rejects inaccessible or irrelevant articles."
"cowin-source-276","276","www.industrial-equipment-news.com","industrial-equipment-news.com","www.industrial-equipment-news.com","https://www.industrial-equipment-news.com/","industrial-equipment-news.com","magnetics-engineering","magnetics-engineering","public-page","","C","true","enabled-public-page","","","","0","","Enabled for low-frequency public-page discovery. Runtime checks robots.txt and rejects inaccessible or irrelevant articles."
"cowin-source-277","277","www.manufacturing.net","manufacturing.net","www.manufacturing.net","https://www.manufacturing.net/","manufacturing.net","magnetics-engineering","magnetics-engineering","public-page","","C","true","enabled-public-page","","","","0","","Enabled for low-frequency public-page discovery. Runtime checks robots.txt and rejects inaccessible or irrelevant articles."
"cowin-source-278","278","www.industryweek.com","industryweek.com","www.industryweek.com","https://www.industryweek.com/","industryweek.com","magnetics-engineering","magnetics-engineering","public-page","","C","true","enabled-public-page","","","","0","","Enabled for low-frequency public-page discovery. Runtime checks robots.txt and rejects inaccessible or irrelevant articles."
"cowin-source-279","279","www.designnews.com","designnews.com","www.designnews.com","https://www.designnews.com/","designnews.com","magnetics-engineering","magnetics-engineering","public-page","","C","true","enabled-public-page","","","","0","","Enabled for low-frequency public-page discovery. Runtime checks robots.txt and rejects inaccessible or irrelevant articles."
"cowin-source-280","280","www.machinedesign.com","machinedesign.com","www.machinedesign.com","https://www.machinedesign.com/","machinedesign.com","magnetics-engineering","magnetics-engineering","public-page","","C","true","enabled-public-page","","","","0","","Enabled for low-frequency public-page discovery. Runtime checks robots.txt and rejects inaccessible or irrelevant articles."
"cowin-source-281","281","www.engineerlive.com","engineerlive.com","www.engineerlive.com","https://www.engineerlive.com/","engineerlive.com","magnetics-engineering","magnetics-engineering","public-page","","C","true","enabled-public-page","","","","0","","Enabled for low-frequency public-page discovery. Runtime checks robots.txt and rejects inaccessible or irrelevant articles."
"cowin-source-282","282","www.engineering.com","engineering.com","www.engineering.com","https://www.engineering.com/","engineering.com","magnetics-engineering","magnetics-engineering","public-page","","C","true","enabled-public-page","","","","0","","Enabled for low-frequency public-page discovery. Runtime checks robots.txt and rejects inaccessible or irrelevant articles."
"cowin-source-283","283","www.eurekamagazine.co.uk","eurekamagazine.co.uk","www.eurekamagazine.co.uk","https://www.eurekamagazine.co.uk/","eurekamagazine.co.uk","magnetics-engineering","magnetics-engineering","public-page","","C","true","enabled-public-page","","","","0","","Enabled for low-frequency public-page discovery. Runtime checks robots.txt and rejects inaccessible or irrelevant articles."
"cowin-source-284","284","www.maintenance-engineering.com","maintenance-engineering.com","www.maintenance-engineering.com","https://www.maintenance-engineering.com/","maintenance-engineering.com","magnetics-engineering","magnetics-engineering","public-page","","C","true","enabled-public-page","","","","0","","Enabled for low-frequency public-page discovery. Runtime checks robots.txt and rejects inaccessible or irrelevant articles."
"cowin-source-285","285","www.reliabilityweb.com","reliabilityweb.com","www.reliabilityweb.com","https://www.reliabilityweb.com/","reliabilityweb.com","magnetics-engineering","magnetics-engineering","public-page","","C","true","enabled-public-page","","","","0","","Enabled for low-frequency public-page discovery. Runtime checks robots.txt and rejects inaccessible or irrelevant articles."
"cowin-source-286","286","www.industrial-automation-news.com","industrial-automation-news.com","www.industrial-automation-news.com","https://www.industrial-automation-news.com/","industrial-automation-news.com","magnetics-engineering","magnetics-engineering","public-page","","C","true","enabled-public-page","","","","0","","Enabled for low-frequency public-page discovery. Runtime checks robots.txt and rejects inaccessible or irrelevant articles."
"cowin-source-287","287","www.sensors-and-systems.com","sensors-and-systems.com","www.sensors-and-systems.com","https://www.sensors-and-systems.com/","sensors-and-systems.com","magnetics-engineering","magnetics-engineering","public-page","","C","true","enabled-public-page","","","","0","","Enabled for low-frequency public-page discovery. Runtime checks robots.txt and rejects inaccessible or irrelevant articles."
"cowin-source-288","288","www.drives-and-controls.com","drives-and-controls.com","www.drives-and-controls.com","https://www.drives-and-controls.com/","drives-and-controls.com","magnetics-engineering","magnetics-engineering","public-page","","C","true","enabled-public-page","","","","0","","Enabled for low-frequency public-page discovery. Runtime checks robots.txt and rejects inaccessible or irrelevant articles."
"cowin-source-289","289","www.motion-control-news.com","motion-control-news.com","www.motion-control-news.com","https://www.motion-control-news.com/","motion-control-news.com","magnetics-engineering","magnetics-engineering","public-page","","C","true","enabled-public-page","","","","0","","Enabled for low-frequency public-page discovery. Runtime checks robots.txt and rejects inaccessible or irrelevant articles."
"cowin-source-290","290","www.material-handling-trends.com","material-handling-trends.com","www.material-handling-trends.com","https://www.material-handling-trends.com/","material-handling-trends.com","magnetics-engineering","magnetics-engineering","public-page","","C","true","enabled-public-page","","","","0","","Enabled for low-frequency public-page discovery. Runtime checks robots.txt and rejects inaccessible or irrelevant articles."
"cowin-source-291","291","www.reddit.com/r/mining","reddit.com","www.reddit.com","https://www.reddit.com/r/mining","reddit.com","magnetics-engineering","magnetics-engineering","public-page","","discovery-only","false","pending","","","","0","","Discovery-only: never an independent factual source."
"cowin-source-292","292","www.reddit.com/r/recycling","reddit.com","www.reddit.com","https://www.reddit.com/r/recycling","reddit.com","magnetics-engineering","magnetics-engineering","public-page","","discovery-only","false","pending","","","","0","cowin-source-291","Discovery-only: never an independent factual source."
"cowin-source-293","293","www.reddit.com/r/chemicalengineering","reddit.com","www.reddit.com","https://www.reddit.com/r/chemicalengineering","reddit.com","magnetics-engineering","magnetics-engineering","public-page","","discovery-only","false","pending","","","","0","cowin-source-291","Discovery-only: never an independent factual source."
"cowin-source-294","294","www.eng-tips.com","eng-tips.com","www.eng-tips.com","https://www.eng-tips.com/","eng-tips.com","magnetics-engineering","magnetics-engineering","public-page","","discovery-only","false","pending","","","","0","","Discovery-only: never an independent factual source."
"cowin-source-295","295","www.physicsforums.com","physicsforums.com","www.physicsforums.com","https://www.physicsforums.com/","physicsforums.com","magnetics-engineering","magnetics-engineering","public-page","","discovery-only","false","pending","","","","0","","Discovery-only: never an independent factual source."
"cowin-source-296","296","www.quora.com/topic/Magnetic-Separation","quora.com","www.quora.com","https://www.quora.com/topic/Magnetic-Separation","quora.com","magnetics-engineering","magnetics-engineering","public-page","","discovery-only","false","pending","","","","0","","Discovery-only: never an independent factual source."
"cowin-source-297","297","www.machinist-forum.com","machinist-forum.com","www.machinist-forum.com","https://www.machinist-forum.com/","machinist-forum.com","magnetics-engineering","magnetics-engineering","public-page","","discovery-only","false","pending","","","","0","","Discovery-only: never an independent factual source."
"cowin-source-298","298","www.industrial-engineers.org/forum","industrial-engineers.org","www.industrial-engineers.org","https://www.industrial-engineers.org/forum","industrial-engineers.org","magnetics-engineering","magnetics-engineering","public-page","","C","true","enabled-public-page","","","","0","","Enabled for low-frequency public-page discovery. Runtime checks robots.txt and rejects inaccessible or irrelevant articles."
"cowin-source-299","299","www.bulk-online.com/forum","bulk-online.com","www.bulk-online.com","https://www.bulk-online.com/forum","bulk-online.com","magnetics-engineering","magnetics-engineering","public-page","","C","false","pending","","","","0","cowin-source-153","Canonical duplicate of cowin-source-153."
"cowin-source-300","300","www.maintenance-forum.com","maintenance-forum.com","www.maintenance-forum.com","https://www.maintenance-forum.com/","maintenance-forum.com","magnetics-engineering","magnetics-engineering","public-page","","discovery-only","false","pending","","","","0","","Discovery-only: never an independent factual source."
